#pragma once
#include <stdint.h>

/* imagen.png (NEON RIFF, generada por IA) recortada 1024x768 y redimensionada
 * a 320x240, convertida a RGB565 big-endian (mismo formato que imagen_test.h) */
static const uint8_t splash_bg[153600] = {
0x00,0x00,0x00,0x00,0x00,0x00,0x00,0x00,0x00,0x00,0x00,0x00,0x00,0x00,0x00,0x00,0x00,0x00,0x00,0x00,0x00,0x00,0x00,0x00,0x00,0x00,0x00,0x00,0x00,0x00,0x00,0x00,
0x10,0xA2,0x18,0xC3,0x18,0xC3,0x18,0xE3,0x18,0xE4,0x49,0x2C,0xD5,0x1C,0xFF,0xDF,0xF7,0x3F,0xEE,0xBF,0xEE,0xBF,0xEE,0xBF,0xEE,0xBF,0xEE,0xBF,0xF6,0xBF,0xF6,0xBF,
0xF6,0xBF,0xF6,0xDF,0xF6,0xDF,0xF6,0xDF,0xF6,0xDF,0xF6,0xDF,0xF6,0xDF,0xF6,0xDF,0xF6,0xDF,0xF6,0xFF,0xF6,0xFF,0xF6,0xFF,0xF6,0xFF,0xF6,0xFF,0xF6,0xFF,0xF6,0xDF,
0xF6,0xDF,0xF6,0xDF,0xF6,0xDF,0xF6,0xDF,0xF6,0xDF,0xF6,0xDF,0xF6,0xDF,0xF6,0xDF,0xF6,0xDF,0xF6,0xDF,0xF6,0xDF,0xF6,0xFF,0xF6,0xFF,0xF6,0xFF,0xF6,0xDF,0xF6,0xFF,
0xF6,0xFF,0xF6,0xDF,0xF6,0xDF,0xF6,0xDF,0xF6,0xFF,0xF6,0xFF,0xF6,0xFF,0xF6,0xFF,0xF6,0xFF,0xF6,0xFF,0xF6,0xDF,0xF6,0xFF,0xF6,0xFF,0xF6,0xFF,0xF6,0xFF,0xF6,0xFF,
0xF6,0xFF,0xF6,0xFF,0xF6,0xDF,0xF6,0xDF,0xF6,0xDF,0xF6,0xDF,0xF6,0xDF,0xF6,0xDF,0xF6,0xDF,0xF6,0xDF,0xF6,0xDF,0xF6,0xDF,0xF6,0xDF,0xF6,0xDF,0xF6,0xDF,0xF6,0xFF,
0xF6,0xFF,0xF6,0xFF,0xF6,0xFF,0xF6,0xFF,0xF6,0xFF,0xF6,0xFF,0xF6,0xFF,0xF6,0xFF,0xF6,0xFF,0xF7,0x1F,0xF7,0x1F,0xFF,0x1F,0xF6,0xFF,0xF6,0xFF,0xF6,0xFF,0xF6,0xFF,
0xF6,0xFF,0xF6,0xFF,0xF6,0xFF,0xF6,0xFF,0xF6,0xFF,0xF6,0xFF,0xF7,0x1F,0xF6,0xFF,0xF6,0xFF,0xF6,0xFF,0xF6,0xFF,0xF6,0xFF,0xF6,0xFF,0xF6,0xFF,0xF6,0xFF,0xF6,0xFF,
0xF6,0xFF,0xF6,0xFF,0xF6,0xFF,0xF6,0xFF,0xF6,0xFF,0xF6,0xFF,0xF6,0xFF,0xF7,0x1F,0xF6,0xFF,0xF6,0xFF,0xF6,0xFF,0xF6,0xFF,0xF6,0xFF,0xF6,0xFF,0xF6,0xFF,0xF6,0xFF,
0xF6,0xFF,0xF6,0xFF,0xF6,0xFF,0xF6,0xFF,0xF6,0xFF,0xF6,0xFF,0xF6,0xFF,0xF6,0xFF,0xF6,0xFF,0xF6,0xFF,0xF6,0xDF,0xF6,0xFF,0xF6,0xDF,0xF6,0xDF,0xF6,0xDF,0xF6,0xDF,
0xF6,0xFF,0xF6,0xFF,0xF6,0xFF,0xF6,0xFF,0xF6,0xFF,0xF6,0xFF,0xF6,0xFF,0xF6,0xFF,0xF6,0xFF,0xF6,0xFF,0xF6,0xDF,0xF6,0xDF,0xF6,0xDF,0xF6,0xDF,0xF6,0xDF,0xF6,0xDF,
0xF6,0xBF,0xF6,0xBF,0xF6,0xBF,0xF6,0xBF,0xF6,0xBF,0xF6,0xBF,0xF6,0xBF,0xF6,0xBF,0xF6,0xBF,0xF6,0xBF,0xF6,0xBF,0xF6,0xBF,0xF6,0xBF,0xF6,0xBF,0xF6,0xBF,0xF6,0xBF,
0xF6,0xDF,0xF6,0xDF,0xF6,0xBF,0xF6,0xBF,0xF6,0xBF,0xF6,0xBF,0xF6,0xBF,0xF6,0xBF,0xF6,0xBF,0xF6,0xBF,0xF6,0xBF,0xF6,0xBF,0xF6,0xBF,0xF6,0xBF,0xF6,0xBF,0xF6,0xBF,
0xF6,0xDF,0xF6,0xBF,0xF6,0xBF,0xF6,0xBF,0xF6,0xBF,0xF6,0xDF,0xF6,0xBF,0xF6,0xBF,0xF6,0xBF,0xF6,0xBF,0xF6,0xBF,0xF6,0xBF,0xF6,0xBF,0xF6,0xBF,0xF6,0xDF,0xF6,0xDF,
0xF6,0xBF,0xF6,0xDF,0xF6,0xDF,0xF6,0xDF,0xF6,0xDF,0xF6,0xDF,0xF6,0xFF,0xF6,0xFF,0xF6,0xFF,0xF6,0xDF,0xF6,0xDF,0xF6,0xDF,0xF6,0xDF,0xF6,0xBF,0xF6,0xBF,0xF6,0xBF,
0xF6,0xDF,0xF6,0xDF,0xF6,0xDF,0xF6,0xDF,0xF6,0xDF,0xF6,0xDF,0xF6,0xDF,0xF6,0xDF,0xF6,0xDF,0xF6,0xDF,0xF6,0xDF,0xF6,0xDF,0xF6,0xDF,0xF6,0xDF,0xF6,0xDF,0xF6,0xDF,
0xF6,0xDF,0xF6,0xBF,0xF6,0xDF,0xF6,0xDF,0xF6,0xDF,0xF6,0xDF,0xF6,0xDF,0xF6,0xDF,0xF6,0xDF,0xF6,0xDF,0xF6,0xDF,0xF6,0xDF,0xF6,0xDF,0xF6,0xDF,0xF6,0xDF,0xF6,0xDF,
0xF6,0xDF,0xF6,0xDF,0xF6,0xDF,0xF6,0xDF,0xF6,0xDF,0xF6,0xDF,0xF6,0xDF,0xF6,0xFF,0xF6,0xDF,0xF6,0xDF,0xF6,0xFF,0xF6,0xDF,0xF6,0xDF,0xF6,0xDF,0xF6,0xDF,0xF6,0xDF,
0xF6,0xDF,0xF6,0xDF,0xF6,0xDF,0xF6,0xDF,0xF6,0xFF,0xF6,0xFF,0xF6,0xFF,0xFF,0x5F,0xFF,0xDF,0xDD,0x9E,0x51,0x8D,0x18,0xC3,0x18,0xE3,0x10,0xC3,0x10,0xC2,0x10,0x82,
0x00,0x00,0x00,0x00,0x00,0x00,0x00,0x00,0x00,0x00,0x00,0x00,0x00,0x00,0x00,0x00,0x00,0x00,0x00,0x00,0x00,0x00,0x00,0x00,0x00,0x00,0x00,0x00,0x00,0x00,0x00,0x00,
0x00,0x00,0x00,0x00,0x00,0x00,0x00,0x00,0x00,0x00,0x00,0x00,0x00,0x00,0x00,0x00,0x00,0x00,0x00,0x00,0x00,0x00,0x00,0x00,0x00,0x00,0x00,0x00,0x00,0x00,0x00,0x00,
0x10,0xA2,0x18,0xC3,0x18,0xC3,0x21,0x03,0x21,0x04,0x49,0x2C,0xCD,0x1C,0xFF,0xDF,0xE6,0x5E,0x9B,0x38,0x9B,0x18,0x9B,0x18,0x9B,0x38,0x9B,0x18,0x9B,0x18,0x93,0x17,
0x92,0xF7,0x92,0xF7,0x93,0x17,0x93,0x18,0x9B,0x18,0x9B,0x18,0x9B,0x38,0x9B,0x38,0x9B,0x38,0x9B,0x38,0x9B,0x38,0x9B,0x38,0x9B,0x38,0x9B,0x39,0x9B,0x58,0x9B,0x38,
0x9B,0x58,0x9B,0x58,0x9B,0x38,0x9B,0x38,0x9B,0x38,0x9B,0x38,0x9B,0x38,0x9B,0x38,0x9B,0x38,0x9B,0x38,0x9B,0x39,0x9B,0x58,0x9B,0x58,0x9B,0x38,0x9B,0x58,0x9B,0x58,
0x9B,0x59,0x9B,0x59,0x9B,0x59,0x9B,0x59,0x9B,0x59,0x9B,0x59,0x9B,0x59,0xA3,0x59,0xA3,0x59,0xA3,0x59,0xA3,0x59,0xA3,0x59,0x9B,0x59,0x9B,0x58,0x9B,0x58,0x9B,0x39,
0x9B,0x38,0x9B,0x58,0x9B,0x59,0xA3,0x59,0x9B,0x58,0x9B,0x58,0x9B,0x58,0x9B,0x58,0x9B,0x58,0x9B,0x58,0x9B,0x58,0x9B,0x58,0x9B,0x58,0x9B,0x58,0x9B,0x58,0x9B,0x58,
0x9B,0x58,0x9B,0x38,0x9B,0x59,0x9B,0x59,0x9B,0x59,0x9B,0x59,0x9B,0x59,0x9B,0x59,0x9B,0x59,0x9B,0x59,0x9B,0x59,0x9B,0x59,0x9B,0x79,0x9B,0x79,0x9B,0x59,0xA3,0x79,
0xA3,0x79,0xA3,0x79,0xA3,0x79,0xA3,0x79,0xA3,0x79,0x9B,0x58,0x9B,0x58,0x9B,0x58,0x9B,0x58,0x9B,0x58,0x9B,0x78,0x9B,0x58,0x9B,0x58,0x9B,0x58,0x9B,0x59,0x9B,0x58,
0x9B,0x58,0x9B,0x58,0x9B,0x58,0x9B,0x58,0x9B,0x59,0x9B,0x59,0x9B,0x79,0xA3,0x79,0xA3,0x79,0xA3,0x79,0xA3,0x79,0xA3,0x58,0xA3,0x58,0xA3,0x59,0xA3,0x79,0xA3,0x79,
0x9B,0x58,0x9B,0x58,0xA3,0x58,0x9B,0x58,0x9B,0x58,0x9B,0x58,0x9B,0x38,0x9B,0x58,0x9B,0x58,0x9B,0x58,0x9B,0x58,0x9B,0x58,0xA3,0x58,0xA3,0x59,0xA3,0x79,0xA3,0x79,
0xA3,0x79,0xA3,0x79,0xA3,0x99,0xA3,0x99,0xA3,0x79,0xA3,0x79,0xA3,0x79,0xA3,0x79,0xA3,0x79,0xA3,0x59,0x9B,0x59,0x9B,0x59,0x9B,0x59,0x9B,0x59,0x9B,0x58,0x9B,0x38,
0x9B,0x38,0x9B,0x38,0x9B,0x38,0x9B,0x38,0x9B,0x38,0x9B,0x38,0x9B,0x38,0x9B,0x38,0x9B,0x38,0x9B,0x38,0x9B,0x38,0x9B,0x38,0x9B,0x38,0x9B,0x38,0x9B,0x38,0x9B,0x38,
0x9B,0x38,0x9B,0x58,0x9B,0x38,0x9B,0x38,0x9B,0x38,0x9B,0x18,0x93,0x18,0x93,0x17,0x9B,0x18,0x9B,0x18,0x9B,0x18,0x9B,0x18,0x9B,0x38,0x9B,0x38,0x9B,0x38,0x9B,0x38,
0x9B,0x38,0x9B,0x38,0x9B,0x38,0x9B,0x38,0x9B,0x38,0x9B,0x38,0x9B,0x38,0x9B,0x38,0x9B,0x18,0x9B,0x18,0x9B,0x18,0x9B,0x18,0x9B,0x18,0x9B,0x18,0x9B,0x18,0x9B,0x18,
0x9B,0x18,0x9B,0x38,0x9B,0x38,0x9B,0x38,0x9B,0x38,0x9B,0x38,0x9B,0x58,0x9B,0x58,0x9B,0x38,0x9B,0x38,0x9B,0x38,0x9B,0x18,0x9B,0x18,0x9B,0x18,0x93,0x18,0x93,0x17,
0x93,0x17,0x93,0x17,0x9B,0x18,0x9B,0x38,0x9B,0x38,0x9B,0x38,0x9B,0x38,0x9B,0x38,0x9B,0x38,0x9B,0x38,0x9B,0x18,0x9B,0x18,0x93,0x18,0x93,0x17,0x93,0x18,0x92,0xF7,
0x93,0x18,0x93,0x18,0x9B,0x18,0x9B,0x18,0x93,0x38,0x93,0x18,0x93,0x18,0x93,0x18,0x92,0xF8,0x92,0xF8,0x9B,0x18,0x9B,0x18,0x9B,0x18,0x9B,0x18,0x9B,0x18,0x9B,0x18,
0x9B,0x18,0x9B,0x38,0x9B,0x18,0x93,0x18,0x93,0x18,0x9B,0x38,0x9B,0x18,0x9B,0x38,0x9B,0x38,0x9B,0x38,0x9B,0x38,0x9B,0x38,0x9B,0x38,0x9B,0x18,0x9B,0x18,0x9B,0x18,
0x9B,0x18,0x9B,0x18,0x9B,0x38,0x9B,0x38,0x9B,0x38,0x9B,0x38,0x9B,0x38,0xE6,0x5E,0xFF,0xFF,0xDD,0xBE,0x51,0x8E,0x18,0xC3,0x18,0xE3,0x18,0xC3,0x18,0xC3,0x10,0x82,
0x00,0x00,0x00,0x00,0x00,0x00,0x00,0x00,0x00,0x00,0x00,0x00,0x00,0x00,0x00,0x00,0x00,0x00,0x00,0x00,0x00,0x00,0x00,0x00,0x00,0x00,0x00,0x00,0x00,0x00,0x00,0x00,
0x00,0x00,0x00,0x00,0x00,0x00,0x00,0x00,0x00,0x00,0x00,0x00,0x00,0x00,0x00,0x00,0x00,0x00,0x00,0x00,0x00,0x00,0x00,0x00,0x00,0x00,0x00,0x00,0x00,0x00,0x00,0x00,
0x10,0xA2,0x18,0xC3,0x18,0xE3,0x21,0x04,0x21,0x04,0x41,0x0C,0xCC,0xFC,0xFF,0xDF,0xE6,0x3E,0x8A,0x96,0x59,0x4F,0x48,0xED,0x49,0x0D,0x41,0x0D,0x40,0xEC,0x40,0xEC,
0x40,0xEC,0x40,0xCC,0x38,0xCC,0x40,0xCC,0x40,0xEC,0x40,0xEC,0x40,0xEC,0x40,0xEC,0x40,0xEC,0x40,0xEC,0x40,0xEC,0x40,0xEC,0x49,0x0D,0x49,0x0D,0x40,0xEC,0x40,0xED,
0x40,0xEC,0x40,0xED,0x41,0x0D,0x41,0x0C,0x41,0x0C,0x41,0x0C,0x40,0xEC,0x40,0xEC,0x41,0x0C,0x40,0xEC,0x41,0x0D,0x41,0x0D,0x41,0x0D,0x41,0x0D,0x41,0x0D,0x41,0x0D,
0x41,0x0D,0x41,0x0D,0x49,0x0D,0x41,0x0D,0x41,0x0D,0x41,0x0D,0x41,0x0D,0x49,0x0D,0x49,0x0D,0x41,0x0D,0x41,0x0D,0x41,0x0D,0x41,0x0D,0x49,0x2D,0x49,0x2E,0x49,0x0D,
0x49,0x0D,0x41,0x0D,0x41,0x0D,0x41,0x0D,0x41,0x0D,0x41,0x0D,0x41,0x0D,0x41,0x0D,0x41,0x0D,0x41,0x2C,0x49,0x2D,0x41,0x2D,0x49,0x0D,0x41,0x0D,0x41,0x0D,0x41,0x0C,
0x41,0x0D,0x49,0x0D,0x41,0x0D,0x41,0x0D,0x41,0x0D,0x41,0x0D,0x41,0x0D,0x41,0x0D,0x41,0x0D,0x40,0xED,0x40,0xED,0x41,0x0D,0x41,0x0D,0x41,0x0D,0x49,0x0D,0x49,0x0D,
0x49,0x0D,0x49,0x2D,0x49,0x2D,0x49,0x0D,0x49,0x0D,0x49,0x0D,0x41,0x0D,0x41,0x0D,0x49,0x0D,0x49,0x0D,0x49,0x0D,0x49,0x0D,0x41,0x0D,0x49,0x0D,0x49,0x0D,0x41,0x0D,
0x49,0x0D,0x49,0x0D,0x49,0x2D,0x49,0x0D,0x49,0x2D,0x49,0x2D,0x49,0x2D,0x49,0x2D,0x49,0x2D,0x49,0x2D,0x49,0x2D,0x49,0x2D,0x49,0x2D,0x49,0x2D,0x49,0x2D,0x49,0x2D,
0x49,0x2D,0x49,0x2D,0x49,0x2D,0x49,0x2D,0x41,0x0D,0x49,0x0D,0x49,0x0D,0x49,0x0D,0x41,0x0D,0x41,0x0D,0x49,0x2D,0x49,0x2D,0x49,0x2D,0x49,0x2D,0x49,0x2D,0x49,0x2D,
0x49,0x2D,0x49,0x2D,0x49,0x2D,0x49,0x2D,0x49,0x4D,0x49,0x4D,0x49,0x2D,0x49,0x2D,0x49,0x2D,0x49,0x2D,0x49,0x2D,0x49,0x2D,0x49,0x2D,0x49,0x2D,0x41,0x2D,0x41,0x0D,
0x41,0x0D,0x41,0x0D,0x41,0x0C,0x41,0x0C,0x41,0x0C,0x41,0x0C,0x41,0x0C,0x41,0x0C,0x41,0x0C,0x41,0x0C,0x41,0x0C,0x41,0x0C,0x40,0xEC,0x41,0x0C,0x41,0x0C,0x41,0x0C,
0x41,0x0D,0x41,0x0D,0x40,0xEC,0x41,0x0C,0x41,0x0C,0x40,0xEC,0x40,0xEC,0x40,0xEC,0x40,0xEC,0x40,0xEC,0x41,0x0C,0x41,0x0C,0x41,0x0C,0x41,0x0C,0x41,0x0C,0x40,0xEC,
0x41,0x0C,0x41,0x0C,0x40,0xEC,0x40,0xEC,0x40,0xEC,0x40,0xEC,0x41,0x0D,0x41,0x0C,0x40,0xEC,0x40,0xEC,0x40,0xEC,0x40,0xEC,0x40,0xEC,0x40,0xEC,0x40,0xEC,0x40,0xEC,
0x41,0x0C,0x41,0x0C,0x41,0x0C,0x40,0xEC,0x40,0xEC,0x41,0x0C,0x40,0xEC,0x40,0xEC,0x41,0x0C,0x41,0x0C,0x40,0xEC,0x40,0xEC,0x40,0xEC,0x40,0xEC,0x40,0xEC,0x40,0xEC,
0x40,0xEC,0x41,0x2C,0x41,0x0C,0x40,0xEC,0x40,0xEC,0x40,0xEC,0x40,0xEC,0x40,0xEC,0x40,0xEC,0x40,0xEC,0x40,0xEC,0x40,0xEC,0x38,0xEC,0x38,0xEC,0x40,0xEC,0x49,0x0D,
0x40,0xCC,0x38,0xCC,0x40,0xEC,0x38,0xEC,0x38,0xEC,0x38,0xEC,0x38,0xEC,0x38,0xEC,0x40,0xEC,0x40,0xCC,0x40,0xCC,0x38,0xCC,0x38,0xCC,0x38,0xCC,0x40,0xEC,0x40,0xEC,
0x40,0xCC,0x40,0xEC,0x40,0xEC,0x40,0xEC,0x40,0xEC,0x40,0xEC,0x40,0xCC,0x40,0xEC,0x40,0xEC,0x40,0xEC,0x40,0xEC,0x40,0xEC,0x40,0xEC,0x40,0xCC,0x40,0xCC,0x40,0xCC,
0x40,0xCC,0x40,0xEC,0x40,0xEC,0x40,0xEC,0x40,0xCC,0x51,0x0F,0x82,0x36,0xE6,0x1E,0xFF,0xDF,0xDD,0xBE,0x51,0x8E,0x18,0xE4,0x18,0xE3,0x18,0xC3,0x18,0xC3,0x10,0x82,
0x00,0x00,0x00,0x00,0x00,0x00,0x00,0x00,0x00,0x00,0x00,0x00,0x00,0x00,0x00,0x00,0x00,0x00,0x00,0x00,0x00,0x00,0x00,0x00,0x00,0x00,0x00,0x00,0x00,0x00,0x00,0x00,
0x00,0x00,0x00,0x00,0x00,0x00,0x00,0x00,0x00,0x00,0x00,0x00,0x00,0x00,0x00,0x00,0x00,0x00,0x00,0x00,0x00,0x00,0x00,0x00,0x00,0x00,0x00,0x00,0x00,0x00,0x00,0x00,
0x10,0xA2,0x18,0xE3,0x18,0xE3,0x21,0x03,0x21,0x04,0x41,0x0C,0xCC,0xFC,0xFF,0xDF,0xE6,0x5E,0x8A,0xB7,0x40,0xEC,0x20,0x67,0x28,0x68,0x20,0x67,0x20,0x67,0x20,0x67,
0x20,0x88,0x20,0x67,0x18,0x46,0x18,0x66,0x18,0x66,0x20,0x66,0x20,0x67,0x20,0x66,0x20,0x66,0x20,0x66,0x20,0x66,0x20,0x66,0x20,0x67,0x20,0x67,0x20,0x66,0x20,0x47,
0x20,0x46,0x20,0x66,0x20,0x46,0x20,0x46,0x20,0x46,0x20,0x66,0x20,0x66,0x20,0x47,0x20,0x46,0x20,0x66,0x20,0x66,0x20,0x67,0x20,0x67,0x20,0x67,0x20,0x67,0x20,0x67,
0x20,0x67,0x20,0x66,0x20,0x66,0x20,0x67,0x20,0x67,0x20,0x66,0x20,0x66,0x20,0x67,0x20,0x46,0x20,0x46,0x20,0x46,0x20,0x67,0x20,0x46,0x28,0x88,0x30,0xC9,0x20,0x67,
0x20,0x87,0x20,0x67,0x20,0x67,0x20,0x47,0x20,0x46,0x20,0x66,0x20,0x66,0x20,0x66,0x20,0x66,0x20,0x66,0x20,0x66,0x20,0x66,0x20,0x66,0x20,0x66,0x20,0x66,0x20,0x66,
0x18,0x46,0x28,0xA8,0x20,0x67,0x20,0x46,0x20,0x46,0x20,0x46,0x20,0x46,0x20,0x46,0x20,0x46,0x20,0x46,0x20,0x46,0x20,0x46,0x20,0x47,0x20,0x67,0x20,0x47,0x20,0x66,
0x20,0x66,0x20,0x46,0x20,0x46,0x20,0x46,0x20,0x46,0x20,0x46,0x20,0x46,0x20,0x46,0x20,0x46,0x20,0x46,0x20,0x46,0x20,0x46,0x20,0x46,0x20,0x46,0x20,0x46,0x20,0x46,
0x20,0x46,0x20,0x66,0x20,0x47,0x20,0x47,0x20,0x66,0x20,0x67,0x20,0x66,0x20,0x66,0x20,0x66,0x20,0x66,0x20,0x66,0x20,0x46,0x20,0x66,0x20,0x67,0x20,0x46,0x20,0x46,
0x20,0x66,0x20,0x66,0x20,0x66,0x20,0x66,0x18,0x66,0x18,0x66,0x18,0x46,0x20,0x67,0x20,0x67,0x18,0x66,0x20,0x67,0x20,0x66,0x18,0x66,0x18,0x66,0x18,0x66,0x18,0x66,
0x18,0x66,0x18,0x66,0x18,0x66,0x18,0x46,0x20,0x46,0x18,0x46,0x20,0x46,0x20,0x46,0x20,0x46,0x20,0x46,0x20,0x46,0x20,0x46,0x20,0x66,0x20,0x46,0x18,0x46,0x18,0x46,
0x18,0x46,0x18,0x46,0x18,0x46,0x18,0x46,0x18,0x46,0x18,0x46,0x18,0x46,0x18,0x46,0x18,0x46,0x18,0x46,0x18,0x46,0x18,0x46,0x18,0x46,0x18,0x45,0x18,0x45,0x18,0x46,
0x18,0x46,0x18,0x46,0x18,0x46,0x18,0x46,0x18,0x46,0x20,0x66,0x18,0x46,0x18,0x46,0x18,0x46,0x18,0x46,0x18,0x46,0x18,0x46,0x18,0x46,0x18,0x46,0x18,0x46,0x18,0x46,
0x18,0x46,0x18,0x46,0x18,0x46,0x20,0x46,0x18,0x66,0x18,0x66,0x18,0x46,0x20,0x67,0x18,0x66,0x18,0x46,0x18,0x66,0x18,0x46,0x18,0x46,0x18,0x46,0x20,0x66,0x20,0x66,
0x18,0x66,0x18,0x66,0x20,0x66,0x20,0x66,0x20,0x66,0x20,0x66,0x20,0x46,0x20,0x66,0x20,0x66,0x20,0x46,0x20,0x46,0x20,0x46,0x18,0x66,0x18,0x46,0x20,0x46,0x20,0x46,
0x20,0x66,0x28,0xE7,0x18,0x66,0x20,0x66,0x20,0x66,0x20,0x66,0x20,0x46,0x20,0x66,0x20,0x66,0x20,0x66,0x20,0x66,0x18,0x66,0x20,0x66,0x20,0x66,0x20,0x67,0x28,0x88,
0x20,0x67,0x20,0x67,0x20,0x67,0x20,0x66,0x20,0x66,0x20,0x46,0x20,0x66,0x20,0x66,0x20,0x66,0x20,0x66,0x20,0x66,0x18,0x66,0x18,0x66,0x18,0x66,0x18,0x46,0x20,0x46,
0x20,0x46,0x18,0x66,0x18,0x46,0x28,0x87,0x20,0x66,0x20,0x46,0x20,0x46,0x20,0x46,0x20,0x46,0x20,0x46,0x18,0x46,0x18,0x46,0x20,0x46,0x20,0x46,0x20,0x66,0x20,0x67,
0x20,0x46,0x20,0x67,0x20,0x67,0x28,0x67,0x20,0x67,0x38,0xAB,0x82,0x56,0xE6,0x1E,0xFF,0xFF,0xDD,0xBE,0x59,0x8E,0x18,0xE4,0x18,0xE3,0x18,0xC3,0x18,0xC3,0x10,0x82,
0x00,0x00,0x00,0x00,0x00,0x00,0x00,0x00,0x00,0x00,0x00,0x00,0x00,0x00,0x00,0x00,0x00,0x00,0x00,0x00,0x00,0x00,0x00,0x00,0x00,0x00,0x00,0x00,0x00,0x00,0x00,0x00,
0x00,0x00,0x00,0x00,0x00,0x00,0x00,0x00,0x00,0x00,0x00,0x00,0x00,0x00,0x00,0x00,0x00,0x00,0x00,0x00,0x00,0x00,0x00,0x00,0x00,0x00,0x00,0x00,0x00,0x00,0x00,0x00,
0x10,0xA2,0x18,0xE3,0x18,0xE3,0x21,0x04,0x21,0x04,0x49,0x2C,0xCC,0xFC,0xFF,0xDF,0xEE,0x5E,0x8A,0xB7,0x49,0x0C,0x28,0x87,0x28,0xA8,0x20,0x87,0x20,0x87,0x20,0x87,
0x20,0x87,0x20,0x67,0x20,0x67,0x18,0x66,0x18,0x66,0x20,0x66,0x20,0x66,0x20,0x66,0x20,0x66,0x20,0x66,0x20,0x86,0x20,0x66,0x20,0x66,0x20,0x66,0x20,0x66,0x20,0x66,
0x20,0x66,0x20,0x66,0x20,0x66,0x20,0x66,0x20,0x86,0x20,0x66,0x20,0x66,0x20,0x66,0x20,0x66,0x20,0x66,0x20,0x66,0x20,0x66,0x20,0x66,0x20,0x67,0x20,0x66,0x20,0x66,
0x18,0x66,0x28,0xA8,0x28,0xC8,0x18,0x66,0x20,0x86,0x20,0x66,0x20,0x66,0x20,0x66,0x20,0x66,0x20,0x66,0x20,0x66,0x20,0x67,0x20,0x87,0x20,0x66,0x20,0x66,0x20,0x86,
0x20,0x86,0x20,0x86,0x20,0x86,0x20,0x66,0x20,0x66,0x20,0x66,0x20,0x66,0x20,0x86,0x20,0x86,0x20,0x66,0x20,0xA7,0x20,0x86,0x20,0x86,0x20,0x86,0x18,0x66,0x18,0x66,
0x18,0x66,0x18,0x66,0x20,0x66,0x20,0x66,0x20,0x66,0x18,0x66,0x18,0x66,0x20,0x66,0x20,0x66,0x20,0x66,0x20,0x66,0x20,0x66,0x20,0x67,0x28,0xA7,0x20,0x66,0x20,0x86,
0x20,0x66,0x20,0x66,0x20,0x66,0x20,0x66,0x20,0x66,0x20,0x66,0x20,0x66,0x20,0x66,0x20,0x66,0x20,0x66,0x20,0x66,0x20,0x66,0x20,0x66,0x20,0x66,0x20,0x66,0x20,0x66,
0x20,0x66,0x20,0x66,0x20,0x86,0x20,0x66,0x20,0x66,0x20,0x66,0x20,0x66,0x20,0x66,0x20,0x66,0x20,0x66,0x20,0x66,0x20,0x66,0x20,0x66,0x20,0x66,0x20,0x66,0x20,0x66,
0x20,0x66,0x20,0x66,0x20,0x86,0x18,0x66,0x18,0x66,0x18,0x86,0x18,0x66,0x18,0x66,0x20,0x87,0x20,0x66,0x20,0x86,0x20,0x87,0x18,0x66,0x18,0x66,0x20,0x66,0x18,0x66,
0x18,0x66,0x18,0x66,0x18,0x66,0x20,0x66,0x20,0x66,0x20,0x66,0x18,0x66,0x20,0x66,0x20,0x66,0x20,0x66,0x20,0x87,0x20,0x66,0x18,0x66,0x20,0x66,0x20,0x66,0x18,0x66,
0x18,0x66,0x18,0x66,0x18,0x66,0x18,0x66,0x18,0x66,0x18,0x66,0x18,0x66,0x18,0x66,0x18,0x66,0x18,0x66,0x18,0x66,0x18,0x66,0x18,0x66,0x18,0x66,0x20,0x86,0x18,0x66,
0x18,0x66,0x18,0x66,0x18,0x66,0x18,0x66,0x18,0x66,0x20,0x87,0x18,0x66,0x18,0x66,0x18,0x66,0x18,0x66,0x18,0x66,0x18,0x66,0x18,0x66,0x18,0x66,0x18,0x66,0x18,0x66,
0x18,0x66,0x18,0x66,0x18,0x66,0x18,0x66,0x18,0x66,0x18,0x66,0x18,0x66,0x20,0x66,0x18,0x66,0x18,0x66,0x18,0x66,0x18,0x66,0x18,0x66,0x18,0x66,0x18,0x66,0x18,0x66,
0x18,0x66,0x18,0x66,0x20,0x66,0x20,0x66,0x20,0x66,0x20,0x66,0x20,0x66,0x20,0x66,0x20,0x66,0x20,0x66,0x20,0x66,0x18,0x66,0x18,0x66,0x18,0x66,0x18,0x66,0x20,0x66,
0x18,0x66,0x29,0x07,0x18,0x86,0x18,0x66,0x20,0x66,0x20,0x66,0x18,0x66,0x20,0x66,0x20,0x66,0x18,0x66,0x20,0x66,0x18,0x66,0x20,0x66,0x20,0x66,0x20,0x66,0x18,0x66,
0x20,0x66,0x18,0x66,0x20,0x66,0x20,0x66,0x18,0x66,0x20,0x66,0x20,0x66,0x18,0x66,0x18,0x66,0x18,0x66,0x18,0x66,0x18,0x66,0x18,0x66,0x18,0x66,0x18,0x66,0x18,0x66,
0x18,0x66,0x18,0x66,0x18,0x66,0x18,0x66,0x18,0x66,0x18,0x66,0x18,0x66,0x18,0x66,0x18,0x66,0x18,0x66,0x18,0x66,0x20,0xA7,0x20,0x66,0x18,0x66,0x20,0x66,0x20,0x66,
0x20,0x66,0x20,0x66,0x20,0x67,0x28,0x87,0x28,0x67,0x40,0xCB,0x82,0x56,0xE6,0x1E,0xFF,0xDF,0xDD,0xBE,0x59,0xAE,0x18,0xE4,0x18,0xE3,0x18,0xC3,0x18,0xC3,0x10,0x82,
0x00,0x00,0x00,0x00,0x00,0x00,0x00,0x00,0x00,0x00,0x00,0x00,0x00,0x00,0x00,0x00,0x00,0x00,0x00,0x00,0x00,0x00,0x00,0x00,0x00,0x00,0x00,0x00,0x00,0x00,0x00,0x00,
0x00,0x00,0x00,0x00,0x00,0x00,0x00,0x00,0x00,0x00,0x00,0x00,0x00,0x00,0x00,0x00,0x00,0x00,0x00,0x00,0x00,0x00,0x00,0x00,0x00,0x00,0x00,0x00,0x00,0x00,0x00,0x00,
0x10,0xA2,0x18,0xE3,0x18,0xE3,0x21,0x03,0x21,0x04,0x49,0x2C,0xCD,0x1C,0xFF,0xDF,0xEE,0x3E,0x8A,0x97,0x41,0x0C,0x20,0x87,0x20,0x87,0x20,0x86,0x20,0x86,0x18,0x66,
0x18,0x66,0x18,0x66,0x18,0x66,0x20,0xC7,0x18,0x66,0x18,0x65,0x18,0x65,0x18,0x65,0x18,0x65,0x18,0x65,0x18,0x66,0x18,0x65,0x18,0x65,0x18,0x65,0x18,0x65,0x18,0x45,
0x18,0x65,0x18,0x45,0x18,0x45,0x18,0x65,0x18,0x65,0x18,0x45,0x18,0x65,0x18,0x65,0x18,0x45,0x18,0x66,0x20,0x86,0x18,0x46,0x18,0x66,0x18,0x66,0x18,0x65,0x18,0x65,
0x18,0x65,0x18,0x65,0x18,0x65,0x18,0x65,0x18,0x65,0x18,0x65,0x18,0x45,0x18,0x45,0x18,0x45,0x18,0x46,0x18,0x46,0x18,0x66,0x18,0x66,0x18,0x46,0x18,0x66,0x18,0x65,
0x18,0x65,0x18,0x65,0x18,0x65,0x18,0x66,0x18,0x66,0x18,0x65,0x18,0x66,0x18,0x66,0x20,0x66,0x31,0x28,0x18,0x65,0x20,0xA6,0x20,0xA6,0x18,0x65,0x18,0x65,0x18,0x65,
0x18,0x45,0x18,0x45,0x18,0x45,0x18,0x45,0x18,0x45,0x18,0x45,0x18,0x45,0x18,0x45,0x18,0x45,0x18,0x45,0x18,0x45,0x18,0x66,0x18,0x66,0x18,0x65,0x18,0x65,0x18,0x45,
0x18,0x65,0x18,0x65,0x18,0x65,0x18,0x65,0x18,0x45,0x18,0x65,0x18,0x45,0x18,0x45,0x18,0x45,0x18,0x45,0x18,0x45,0x18,0x45,0x18,0x45,0x18,0x65,0x18,0x45,0x18,0x45,
0x18,0x45,0x18,0x45,0x18,0x65,0x18,0x65,0x18,0x65,0x18,0x65,0x18,0x65,0x18,0x65,0x18,0x65,0x18,0x65,0x18,0x65,0x18,0x65,0x18,0x65,0x18,0x65,0x18,0x65,0x18,0x65,
0x18,0x66,0x18,0x66,0x18,0x66,0x18,0x66,0x18,0x66,0x18,0x66,0x18,0x66,0x18,0x65,0x18,0x65,0x18,0x45,0x18,0x65,0x18,0x45,0x18,0x45,0x18,0x45,0x18,0x45,0x18,0x45,
0x18,0x45,0x20,0x86,0x18,0x66,0x18,0x65,0x18,0x45,0x18,0x45,0x18,0x45,0x18,0x65,0x18,0x65,0x18,0x65,0x18,0x66,0x18,0x65,0x18,0x65,0x18,0x65,0x18,0x45,0x18,0x45,
0x18,0x45,0x18,0x45,0x18,0x45,0x18,0x45,0x18,0x45,0x18,0x45,0x18,0x45,0x10,0x45,0x18,0x45,0x10,0x45,0x18,0x45,0x10,0x45,0x10,0x45,0x18,0x45,0x18,0x66,0x18,0x45,
0x18,0x45,0x18,0x65,0x18,0x45,0x18,0x66,0x18,0x45,0x10,0x45,0x18,0x45,0x18,0x45,0x18,0x45,0x18,0x45,0x18,0x45,0x18,0x45,0x18,0x45,0x18,0x45,0x10,0x45,0x18,0x45,
0x18,0x45,0x18,0x45,0x18,0x65,0x18,0x45,0x18,0x45,0x18,0x65,0x18,0x45,0x18,0x45,0x18,0x45,0x18,0x45,0x18,0x45,0x18,0x45,0x18,0x45,0x10,0x45,0x18,0x45,0x18,0x45,
0x10,0x45,0x20,0x86,0x18,0x66,0x18,0x45,0x18,0x65,0x18,0x65,0x18,0x45,0x18,0x65,0x18,0x65,0x18,0x65,0x18,0x45,0x18,0x45,0x18,0x65,0x18,0x65,0x18,0x65,0x18,0x65,
0x18,0x65,0x21,0x06,0x18,0x65,0x18,0x65,0x18,0x86,0x18,0x66,0x18,0x45,0x18,0x65,0x18,0x65,0x18,0x65,0x18,0x65,0x18,0x65,0x18,0x65,0x18,0x45,0x18,0x65,0x18,0x66,
0x18,0x45,0x18,0x65,0x18,0x45,0x18,0x45,0x18,0x45,0x18,0x45,0x18,0x45,0x18,0x45,0x18,0x45,0x18,0x45,0x18,0x45,0x18,0x45,0x18,0x45,0x18,0x45,0x18,0x45,0x18,0x45,
0x18,0x45,0x18,0x45,0x18,0x45,0x18,0x45,0x18,0x45,0x18,0x45,0x18,0x45,0x18,0x45,0x18,0x45,0x18,0x45,0x18,0x45,0x18,0x86,0x18,0x65,0x18,0x45,0x18,0x45,0x18,0x45,
0x18,0x65,0x18,0x66,0x20,0x66,0x20,0x67,0x20,0x67,0x38,0xAB,0x82,0x56,0xE6,0x3E,0xFF,0xDF,0xDD,0x9E,0x59,0x8E,0x18,0xE4,0x18,0xE3,0x18,0xC3,0x18,0xC3,0x10,0xA2,
0x00,0x00,0x00,0x00,0x00,0x00,0x00,0x00,0x00,0x00,0x00,0x00,0x00,0x00,0x00,0x00,0x00,0x00,0x00,0x00,0x00,0x00,0x00,0x00,0x00,0x00,0x00,0x00,0x00,0x00,0x00,0x00,
0x00,0x00,0x00,0x00,0x00,0x00,0x00,0x00,0x00,0x00,0x00,0x00,0x00,0x00,0x00,0x00,0x00,0x00,0x00,0x00,0x00,0x00,0x00,0x00,0x00,0x00,0x00,0x00,0x00,0x00,0x00,0x00,
0x10,0xA2,0x18,0xE3,0x18,0xE3,0x21,0x04,0x21,0x04,0x41,0x2C,0xCD,0x1C,0xFF,0xDF,0xEE,0x5E,0x8A,0xB7,0x40,0xEB,0x20,0x67,0x20,0x87,0x18,0x86,0x18,0x66,0x18,0x66,
0x10,0x65,0x10,0x65,0x10,0x45,0x10,0x65,0x10,0x65,0x10,0x45,0x10,0x45,0x10,0x45,0x10,0x45,0x10,0x45,0x10,0x45,0x10,0x45,0x10,0x45,0x10,0x45,0x10,0x45,0x10,0x45,
0x10,0x45,0x10,0x45,0x10,0x45,0x10,0x45,0x10,0x44,0x10,0x44,0x10,0x45,0x10,0x45,0x10,0x45,0x10,0x45,0x10,0x45,0x10,0x45,0x10,0x45,0x10,0x45,0x10,0x44,0x10,0x45,
0x10,0x44,0x10,0x45,0x10,0x45,0x10,0x45,0x10,0x44,0x10,0x45,0x10,0x45,0x10,0x45,0x10,0x45,0x10,0x45,0x10,0x45,0x10,0x45,0x18,0x45,0x18,0x66,0x10,0x45,0x10,0x45,
0x10,0x45,0x10,0x45,0x10,0x45,0x10,0x45,0x10,0x65,0x18,0x65,0x18,0x45,0x18,0x65,0x20,0xA5,0x31,0x06,0x5A,0x4A,0x51,0xE9,0x20,0xA6,0x18,0x65,0x10,0x45,0x10,0x65,
0x10,0x44,0x10,0x45,0x10,0x45,0x10,0x44,0x10,0x44,0x10,0x44,0x10,0x44,0x10,0x45,0x10,0x44,0x10,0x44,0x10,0x44,0x10,0x44,0x10,0x45,0x10,0x45,0x10,0x45,0x18,0x66,
0x18,0x65,0x10,0x44,0x10,0x64,0x10,0x44,0x10,0x64,0x10,0x44,0x10,0x44,0x10,0x44,0x10,0x44,0x10,0x44,0x10,0x44,0x10,0x44,0x10,0x44,0x10,0x44,0x10,0x44,0x10,0x44,
0x10,0x64,0x10,0x64,0x10,0x45,0x10,0x44,0x10,0x44,0x10,0x44,0x10,0x44,0x10,0x45,0x10,0x44,0x10,0x44,0x10,0x44,0x10,0x65,0x10,0x65,0x10,0x45,0x10,0x44,0x10,0x45,
0x10,0x45,0x10,0x45,0x10,0x45,0x18,0x65,0x10,0x65,0x10,0x65,0x10,0x65,0x10,0x45,0x10,0x45,0x10,0x44,0x10,0x45,0x10,0x45,0x10,0x44,0x10,0x45,0x10,0x45,0x18,0x65,
0x10,0x45,0x18,0x65,0x10,0x65,0x10,0x44,0x10,0x44,0x10,0x45,0x10,0x44,0x10,0x44,0x10,0x64,0x10,0x65,0x10,0x45,0x10,0x45,0x10,0x45,0x10,0x45,0x10,0x45,0x10,0x45,
0x10,0x44,0x10,0x44,0x10,0x44,0x10,0x44,0x10,0x44,0x10,0x44,0x10,0x44,0x10,0x44,0x10,0x44,0x10,0x44,0x10,0x44,0x10,0x44,0x10,0x44,0x10,0x44,0x10,0x44,0x10,0x45,
0x10,0x44,0x10,0x45,0x10,0x45,0x10,0x45,0x10,0x45,0x10,0x45,0x10,0x44,0x10,0x44,0x10,0x44,0x10,0x44,0x10,0x44,0x10,0x44,0x10,0x44,0x10,0x44,0x10,0x44,0x10,0x44,
0x10,0x44,0x10,0x44,0x10,0x45,0x10,0x44,0x10,0x44,0x10,0x45,0x10,0x44,0x10,0x45,0x10,0x44,0x10,0x44,0x10,0x44,0x10,0x44,0x10,0x44,0x10,0x44,0x10,0x44,0x10,0x44,
0x10,0x44,0x18,0x65,0x18,0x65,0x10,0x44,0x10,0x44,0x10,0x44,0x10,0x44,0x10,0x44,0x10,0x45,0x10,0x44,0x18,0x65,0x18,0x65,0x10,0x44,0x10,0x45,0x10,0x65,0x10,0x45,
0x10,0x65,0x21,0x06,0x10,0x65,0x10,0x45,0x10,0x64,0x10,0x44,0x10,0x64,0x10,0x44,0x10,0x44,0x10,0x44,0x10,0x45,0x10,0x44,0x10,0x44,0x10,0x44,0x10,0x45,0x10,0x45,
0x10,0x45,0x10,0x45,0x10,0x44,0x10,0x45,0x10,0x45,0x10,0x45,0x10,0x44,0x10,0x44,0x10,0x45,0x10,0x45,0x10,0x44,0x10,0x45,0x10,0x44,0x10,0x44,0x10,0x45,0x10,0x44,
0x10,0x44,0x10,0x44,0x10,0x44,0x10,0x44,0x10,0x44,0x10,0x44,0x10,0x44,0x10,0x44,0x10,0x44,0x10,0x44,0x10,0x44,0x10,0x44,0x10,0x45,0x10,0x45,0x10,0x44,0x10,0x45,
0x18,0x45,0x18,0x45,0x18,0x66,0x20,0x66,0x20,0x66,0x38,0xAB,0x82,0x56,0xE6,0x3E,0xFF,0xFF,0xDD,0x9E,0x59,0x8E,0x18,0xE4,0x21,0x04,0x18,0xE3,0x18,0xC3,0x10,0x82,
0x00,0x00,0x00,0x00,0x00,0x00,0x00,0x00,0x00,0x00,0x00,0x00,0x00,0x00,0x00,0x00,0x00,0x00,0x00,0x00,0x00,0x00,0x00,0x00,0x00,0x00,0x00,0x00,0x00,0x00,0x00,0x00,
0x00,0x00,0x00,0x00,0x00,0x00,0x00,0x00,0x00,0x00,0x00,0x00,0x00,0x00,0x00,0x00,0x00,0x00,0x00,0x00,0x00,0x00,0x00,0x00,0x00,0x00,0x00,0x00,0x00,0x00,0x00,0x00,
0x10,0xA2,0x18,0xE3,0x18,0xE3,0x21,0x04,0x21,0x04,0x41,0x2C,0xCD,0x1C,0xFF,0xDF,0xEE,0x5E,0x8A,0x96,0x41,0x0B,0x20,0x86,0x20,0x86,0x18,0x66,0x18,0x65,0x10,0x45,
0x18,0x86,0x18,0x65,0x10,0x44,0x10,0x44,0x10,0x64,0x10,0x64,0x10,0x44,0x10,0x44,0x10,0x44,0x10,0x44,0x10,0x44,0x10,0x44,0x10,0x44,0x10,0x44,0x10,0x44,0x10,0x44,
0x10,0x44,0x10,0x44,0x10,0x44,0x10,0x44,0x10,0x44,0x10,0x44,0x10,0x44,0x10,0x44,0x10,0x44,0x10,0x44,0x10,0x44,0x10,0x44,0x10,0x64,0x10,0x44,0x10,0x44,0x10,0x44,
0x10,0x44,0x10,0x44,0x10,0x44,0x10,0x44,0x10,0x44,0x10,0x44,0x10,0x44,0x10,0x44,0x10,0x44,0x10,0x44,0x10,0x44,0x10,0x44,0x10,0x44,0x10,0x64,0x10,0x44,0x10,0x44,
0x10,0x44,0x10,0x44,0x10,0x44,0x10,0x44,0x10,0x44,0x10,0x44,0x10,0x44,0x18,0x85,0x20,0xA5,0x28,0xC5,0xC5,0x74,0x62,0x8A,0x18,0x64,0x10,0x64,0x10,0x64,0x10,0x44,
0x10,0x44,0x10,0x44,0x10,0x44,0x10,0x44,0x10,0x44,0x10,0x44,0x10,0x44,0x10,0x44,0x10,0x44,0x10,0x44,0x10,0x44,0x10,0x44,0x10,0x44,0x10,0x44,0x10,0x44,0x20,0xC6,
0x10,0x64,0x10,0x44,0x10,0x44,0x10,0x44,0x10,0x64,0x10,0x44,0x10,0x44,0x10,0x44,0x10,0x44,0x10,0x44,0x10,0x44,0x10,0x44,0x10,0x44,0x10,0x44,0x10,0x44,0x10,0x44,
0x10,0x44,0x10,0x64,0x10,0x44,0x10,0x44,0x10,0x64,0x10,0x44,0x10,0x44,0x10,0x44,0x10,0x44,0x10,0x64,0x10,0x44,0x10,0x44,0x10,0x44,0x10,0x44,0x08,0x44,0x10,0x44,
0x10,0x44,0x10,0x44,0x10,0x44,0x08,0x44,0x10,0x44,0x10,0x44,0x10,0x44,0x10,0x44,0x10,0x44,0x10,0x44,0x10,0x44,0x10,0x44,0x10,0x44,0x10,0x44,0x10,0x44,0x10,0x65,
0x10,0x44,0x10,0x44,0x10,0x44,0x10,0x44,0x10,0x44,0x10,0x44,0x10,0x44,0x10,0x44,0x10,0x44,0x10,0x44,0x10,0x44,0x10,0x44,0x10,0x44,0x10,0x44,0x10,0x44,0x10,0x44,
0x10,0x44,0x10,0x65,0x08,0x44,0x10,0x44,0x10,0x44,0x10,0x44,0x10,0x44,0x10,0x44,0x08,0x44,0x08,0x44,0x08,0x44,0x10,0x44,0x10,0x44,0x10,0x44,0x10,0x44,0x10,0x44,
0x10,0x44,0x10,0x44,0x10,0x64,0x10,0x44,0x10,0x44,0x10,0x44,0x10,0x44,0x08,0x44,0x10,0x44,0x10,0x44,0x08,0x44,0x10,0x44,0x10,0x44,0x10,0x44,0x10,0x44,0x10,0x44,
0x10,0x44,0x10,0x44,0x10,0x44,0x10,0x44,0x08,0x44,0x10,0x44,0x10,0x44,0x10,0x44,0x10,0x44,0x10,0x44,0x10,0x44,0x10,0x44,0x10,0x44,0x08,0x44,0x08,0x44,0x10,0x44,
0x10,0x44,0x10,0x44,0x10,0x44,0x10,0x44,0x10,0x44,0x10,0x44,0x10,0x44,0x10,0x44,0x10,0x44,0x10,0x44,0x10,0x64,0x10,0x64,0x10,0x44,0x10,0x44,0x10,0x64,0x10,0x44,
0x10,0x44,0x19,0x06,0x10,0x64,0x10,0x44,0x10,0x44,0x10,0x44,0x10,0x44,0x10,0x44,0x10,0x44,0x10,0x44,0x10,0x44,0x10,0x44,0x10,0x44,0x10,0x44,0x10,0x44,0x10,0x44,
0x10,0x44,0x10,0x44,0x10,0x44,0x10,0x44,0x10,0x44,0x10,0x44,0x10,0x44,0x10,0x44,0x10,0x64,0x10,0x65,0x10,0x44,0x10,0x44,0x10,0x44,0x10,0x44,0x10,0x64,0x10,0x44,
0x10,0x44,0x10,0x44,0x10,0x44,0x10,0x44,0x10,0x44,0x10,0x44,0x10,0x44,0x08,0x44,0x08,0x44,0x10,0x44,0x10,0x44,0x10,0x44,0x10,0x44,0x10,0x44,0x10,0x44,0x10,0x44,
0x10,0x45,0x18,0x45,0x18,0x66,0x20,0x66,0x20,0x66,0x38,0xAA,0x82,0x56,0xE6,0x3E,0xFF,0xFF,0xDD,0x9E,0x59,0x8E,0x20,0xE4,0x21,0x04,0x18,0xE3,0x18,0xE3,0x10,0xA2,
0x00,0x00,0x00,0x00,0x00,0x00,0x00,0x00,0x00,0x00,0x00,0x00,0x00,0x00,0x00,0x00,0x00,0x00,0x00,0x00,0x00,0x00,0x00,0x00,0x00,0x00,0x00,0x00,0x00,0x00,0x00,0x00,
0x00,0x00,0x00,0x00,0x00,0x00,0x00,0x00,0x00,0x00,0x00,0x00,0x00,0x00,0x00,0x00,0x00,0x00,0x00,0x00,0x00,0x00,0x00,0x00,0x00,0x00,0x00,0x00,0x00,0x00,0x00,0x00,
0x10,0xA2,0x18,0xE3,0x18,0xE3,0x21,0x04,0x21,0x04,0x41,0x2B,0xCC,0xFC,0xFF,0xDF,0xEE,0x3E,0x8A,0x96,0x40,0xEB,0x20,0x86,0x20,0x86,0x18,0x66,0x18,0x65,0x10,0x45,
0x18,0x85,0x10,0x85,0x08,0x44,0x10,0x44,0x08,0x44,0x08,0x44,0x08,0x44,0x08,0x44,0x08,0x44,0x08,0x44,0x08,0x43,0x08,0x44,0x08,0x44,0x08,0x44,0x08,0x44,0x08,0x44,
0x08,0x44,0x08,0x44,0x08,0x44,0x08,0x44,0x08,0x44,0x08,0x44,0x08,0x44,0x08,0x44,0x08,0x44,0x08,0x44,0x08,0x44,0x08,0x44,0x08,0x44,0x08,0x44,0x08,0x44,0x08,0x44,
0x08,0x44,0x08,0x44,0x08,0x44,0x08,0x44,0x08,0x44,0x08,0x44,0x08,0x44,0x08,0x44,0x08,0x44,0x08,0x44,0x10,0x44,0x10,0x44,0x08,0x44,0x08,0x43,0x08,0x44,0x08,0x44,
0x08,0x44,0x08,0x44,0x08,0x44,0x08,0x44,0x08,0x44,0x08,0x44,0x10,0x64,0x10,0x64,0x10,0x44,0x39,0x47,0x39,0x67,0x29,0x06,0x18,0x85,0x10,0x64,0x10,0x44,0x08,0x44,
0x08,0x43,0x08,0x43,0x08,0x44,0x08,0x44,0x08,0x44,0x08,0x43,0x08,0x43,0x08,0x44,0x08,0x44,0x08,0x44,0x08,0x44,0x08,0x44,0x08,0x44,0x08,0x44,0x08,0x43,0x08,0x43,
0x08,0x43,0x08,0x44,0x08,0x44,0x08,0x44,0x08,0x44,0x08,0x43,0x08,0x44,0x08,0x44,0x08,0x44,0x08,0x44,0x08,0x44,0x08,0x44,0x08,0x44,0x08,0x44,0x08,0x44,0x08,0x64,
0x08,0x44,0x08,0x44,0x08,0x44,0x08,0x44,0x08,0x44,0x08,0x44,0x08,0x44,0x08,0x44,0x08,0x44,0x08,0x44,0x10,0x64,0x08,0x44,0x08,0x43,0x08,0x43,0x10,0x84,0x10,0x44,
0x08,0x44,0x08,0x44,0x08,0x44,0x08,0x44,0x08,0x43,0x08,0x44,0x08,0x44,0x08,0x44,0x08,0x44,0x08,0x44,0x08,0x44,0x08,0x44,0x08,0x44,0x08,0x44,0x08,0x44,0x08,0x44,
0x10,0x44,0x08,0x44,0x10,0x44,0x10,0x44,0x10,0x44,0x08,0x44,0x08,0x44,0x08,0x43,0x10,0x64,0x10,0x84,0x08,0x43,0x08,0x44,0x08,0x44,0x08,0x44,0x08,0x44,0x08,0x43,
0x10,0x64,0x10,0x64,0x08,0x43,0x08,0x44,0x08,0x44,0x08,0x44,0x08,0x44,0x08,0x43,0x08,0x43,0x08,0x43,0x08,0x44,0x08,0x44,0x10,0x64,0x08,0x43,0x08,0x44,0x08,0x44,
0x08,0x44,0x08,0x44,0x08,0x44,0x08,0x44,0x08,0x43,0x08,0x44,0x08,0x44,0x08,0x44,0x08,0x44,0x08,0x44,0x08,0x44,0x08,0x44,0x08,0x44,0x08,0x44,0x08,0x44,0x08,0x44,
0x08,0x44,0x08,0x44,0x08,0x44,0x08,0x43,0x08,0x44,0x08,0x43,0x08,0x44,0x08,0x44,0x08,0x44,0x08,0x43,0x08,0x44,0x08,0x44,0x08,0x43,0x08,0x43,0x08,0x44,0x10,0x44,
0x08,0x44,0x08,0x44,0x08,0x44,0x08,0x44,0x08,0x44,0x08,0x44,0x08,0x44,0x08,0x44,0x08,0x44,0x10,0x44,0x08,0x44,0x08,0x44,0x08,0x44,0x08,0x44,0x08,0x44,0x08,0x44,
0x08,0x64,0x19,0x26,0x08,0x44,0x08,0x44,0x08,0x44,0x08,0x44,0x08,0x44,0x08,0x44,0x08,0x44,0x08,0x44,0x08,0x44,0x08,0x44,0x10,0x64,0x08,0x44,0x08,0x44,0x08,0x44,
0x08,0x44,0x08,0x44,0x08,0x44,0x08,0x44,0x08,0x44,0x08,0x44,0x08,0x44,0x08,0x44,0x08,0x44,0x08,0x44,0x08,0x44,0x08,0x44,0x08,0x44,0x08,0x43,0x08,0x43,0x08,0x43,
0x10,0x44,0x08,0x44,0x08,0x44,0x08,0x44,0x08,0x43,0x08,0x44,0x08,0x44,0x08,0x44,0x08,0x44,0x08,0x44,0x08,0x44,0x08,0x44,0x08,0x44,0x08,0x44,0x10,0x44,0x18,0x65,
0x10,0x44,0x10,0x45,0x18,0x46,0x18,0x66,0x20,0x66,0x30,0xAA,0x82,0x56,0xE6,0x3E,0xFF,0xFF,0xDD,0x9E,0x59,0x8E,0x21,0x04,0x21,0x04,0x18,0xE3,0x18,0xE3,0x10,0xA2,
0x00,0x00,0x00,0x00,0x00,0x00,0x00,0x00,0x00,0x00,0x00,0x00,0x00,0x00,0x00,0x00,0x00,0x00,0x00,0x00,0x00,0x00,0x00,0x00,0x00,0x00,0x00,0x00,0x00,0x00,0x00,0x00,
0x00,0x00,0x00,0x00,0x00,0x00,0x00,0x00,0x00,0x00,0x00,0x00,0x00,0x00,0x00,0x00,0x00,0x00,0x00,0x00,0x00,0x00,0x00,0x00,0x00,0x00,0x00,0x00,0x00,0x00,0x00,0x00,
0x10,0xA2,0x18,0xE3,0x18,0xE3,0x21,0x04,0x21,0x04,0x41,0x2C,0xCC,0xFC,0xFF,0xDF,0xEE,0x3E,0x8A,0x96,0x40,0xEB,0x20,0x66,0x20,0x86,0x18,0x66,0x18,0x65,0x10,0x65,
0x10,0x44,0x08,0x44,0x08,0x44,0x08,0x44,0x08,0x43,0x08,0x43,0x08,0x23,0x08,0x43,0x08,0x43,0x08,0x43,0x08,0x44,0x08,0x44,0x08,0x43,0x08,0x43,0x08,0x43,0x08,0x23,
0x08,0x23,0x08,0x23,0x08,0x43,0x08,0x43,0x08,0x43,0x08,0x43,0x08,0x23,0x08,0x44,0x08,0x24,0x08,0x23,0x08,0x43,0x08,0x43,0x08,0x43,0x08,0x44,0x08,0x43,0x08,0x23,
0x08,0x23,0x08,0x23,0x08,0x23,0x08,0x43,0x08,0x23,0x08,0x23,0x08,0x23,0x08,0x23,0x08,0x23,0x08,0x43,0x08,0x43,0x08,0x43,0x08,0x43,0x08,0x43,0x08,0x43,0x08,0x43,
0x08,0x43,0x08,0x43,0x08,0x43,0x08,0x43,0x08,0x43,0x08,0x43,0x08,0x44,0x08,0x44,0x10,0x64,0x10,0x64,0x08,0x23,0x10,0x44,0x10,0x44,0x08,0x44,0x08,0x44,0x08,0x44,
0x08,0x43,0x08,0x43,0x08,0x43,0x08,0x43,0x08,0x43,0x08,0x43,0x08,0x43,0x08,0x43,0x08,0x43,0x08,0x43,0x08,0x43,0x08,0x43,0x08,0x43,0x08,0x43,0x08,0x43,0x08,0x43,
0x08,0x43,0x08,0x43,0x08,0x43,0x08,0x43,0x08,0x43,0x08,0x43,0x08,0x43,0x08,0x43,0x08,0x43,0x08,0x43,0x08,0x43,0x08,0x43,0x08,0x43,0x08,0x43,0x08,0x43,0x08,0x43,
0x08,0x43,0x08,0x43,0x08,0x43,0x08,0x44,0x08,0x43,0x08,0x43,0x08,0x43,0x08,0x43,0x08,0x43,0x08,0x43,0x08,0x23,0x08,0x43,0x08,0x43,0x08,0x43,0x08,0x43,0x08,0x43,
0x08,0x23,0x08,0x43,0x08,0x43,0x08,0x43,0x08,0x23,0x08,0x43,0x08,0x43,0x08,0x43,0x08,0x43,0x08,0x43,0x08,0x43,0x08,0x43,0x08,0x43,0x08,0x43,0x08,0x43,0x08,0x43,
0x00,0x03,0x08,0x44,0x08,0x43,0x08,0x44,0x08,0x43,0x08,0x43,0x08,0x43,0x08,0x43,0x08,0x43,0x08,0x44,0x08,0x43,0x08,0x43,0x08,0x43,0x08,0x43,0x08,0x43,0x08,0x43,
0x08,0x43,0x08,0x43,0x08,0x43,0x08,0x43,0x08,0x43,0x08,0x43,0x08,0x43,0x08,0x23,0x08,0x43,0x08,0x23,0x08,0x23,0x08,0x23,0x08,0x43,0x08,0x43,0x08,0x43,0x08,0x43,
0x08,0x43,0x08,0x44,0x08,0x43,0x08,0x43,0x08,0x43,0x08,0x23,0x08,0x43,0x08,0x43,0x08,0x43,0x08,0x43,0x08,0x43,0x08,0x23,0x08,0x23,0x08,0x23,0x08,0x23,0x08,0x23,
0x08,0x23,0x08,0x23,0x08,0x23,0x08,0x43,0x08,0x23,0x08,0x23,0x08,0x44,0x08,0x43,0x08,0x43,0x08,0x23,0x08,0x23,0x08,0x23,0x08,0x23,0x08,0x23,0x08,0x43,0x08,0x44,
0x08,0x43,0x08,0x43,0x08,0x43,0x08,0x43,0x08,0x43,0x08,0x43,0x08,0x43,0x08,0x43,0x08,0x43,0x08,0x23,0x08,0x23,0x08,0x43,0x08,0x43,0x08,0x43,0x08,0x43,0x08,0x43,
0x08,0x44,0x19,0x25,0x08,0x43,0x08,0x43,0x08,0x43,0x08,0x44,0x10,0x85,0x08,0x43,0x08,0x43,0x08,0x43,0x08,0x43,0x08,0x43,0x08,0x23,0x08,0x43,0x08,0x43,0x08,0x44,
0x08,0x44,0x08,0x43,0x08,0x23,0x08,0x44,0x08,0x24,0x08,0x24,0x08,0x43,0x08,0x43,0x08,0x43,0x08,0x43,0x08,0x43,0x08,0x43,0x08,0x43,0x08,0x43,0x08,0x43,0x18,0xC5,
0x08,0x43,0x08,0x43,0x08,0x43,0x08,0x43,0x08,0x43,0x08,0x23,0x08,0x23,0x08,0x23,0x08,0x43,0x08,0x23,0x08,0x23,0x08,0x23,0x08,0x23,0x08,0x23,0x08,0x44,0x10,0x44,
0x10,0x44,0x10,0x45,0x18,0x45,0x18,0x66,0x20,0x66,0x38,0xAA,0x82,0x56,0xE6,0x3E,0xFF,0xDF,0xDD,0x9E,0x59,0x8E,0x21,0x04,0x21,0x04,0x18,0xE3,0x18,0xE3,0x10,0xA2,
0x00,0x00,0x00,0x00,0x00,0x00,0x00,0x00,0x00,0x00,0x00,0x00,0x00,0x00,0x00,0x00,0x00,0x00,0x00,0x00,0x00,0x00,0x00,0x00,0x00,0x00,0x00,0x00,0x00,0x00,0x00,0x00,
0x00,0x00,0x00,0x00,0x00,0x00,0x00,0x00,0x00,0x00,0x00,0x00,0x00,0x00,0x00,0x00,0x00,0x00,0x00,0x00,0x00,0x00,0x00,0x00,0x00,0x00,0x00,0x00,0x00,0x00,0x00,0x00,
0x18,0xC2,0x18,0xE3,0x18,0xE3,0x21,0x04,0x21,0x24,0x41,0x2C,0xCC,0xFC,0xFF,0xDF,0xEE,0x3E,0x8A,0xB6,0x40,0xEB,0x20,0x66,0x20,0x86,0x18,0x66,0x10,0x65,0x10,0x65,
0x10,0x64,0x08,0x44,0x08,0x44,0x08,0x43,0x08,0x43,0x08,0x43,0x08,0x43,0x08,0x43,0x08,0x43,0x08,0x43,0x08,0x43,0x08,0x44,0x08,0x44,0x08,0x44,0x08,0x43,0x08,0x43,
0x08,0x23,0x08,0x23,0x08,0x43,0x08,0x43,0x08,0x43,0x08,0x23,0x08,0x43,0x08,0x43,0x08,0x43,0x08,0x43,0x08,0x43,0x08,0x43,0x08,0x43,0x08,0x43,0x08,0x43,0x08,0x23,
0x08,0x23,0x08,0x23,0x08,0x23,0x08,0x43,0x08,0x23,0x08,0x43,0x08,0x23,0x08,0x23,0x08,0x43,0x08,0x23,0x08,0x23,0x08,0x43,0x08,0x43,0x08,0x43,0x08,0x43,0x08,0x43,
0x08,0x43,0x08,0x43,0x08,0x44,0x08,0x43,0x08,0x43,0x08,0x43,0x08,0x44,0x08,0x44,0x08,0x44,0x08,0x44,0x10,0x64,0x08,0x44,0x08,0x44,0x08,0x44,0x08,0x43,0x08,0x43,
0x08,0x43,0x08,0x43,0x08,0x43,0x08,0x43,0x08,0x43,0x08,0x43,0x08,0x43,0x08,0x43,0x08,0x43,0x08,0x43,0x08,0x43,0x08,0x43,0x08,0x43,0x08,0x43,0x08,0x43,0x08,0x43,
0x08,0x43,0x08,0x23,0x08,0x43,0x08,0x43,0x08,0x43,0x08,0x43,0x08,0x23,0x08,0x43,0x08,0x43,0x08,0x43,0x08,0x43,0x08,0x43,0x08,0x43,0x08,0x43,0x08,0x43,0x08,0x43,
0x08,0x43,0x08,0x44,0x08,0x44,0x10,0x64,0x08,0x43,0x08,0x43,0x08,0x43,0x08,0x43,0x08,0x43,0x08,0x43,0x08,0x43,0x08,0x43,0x08,0x43,0x08,0x43,0x08,0x23,0x08,0x43,
0x08,0x43,0x08,0x43,0x08,0x43,0x08,0x43,0x08,0x43,0x08,0x43,0x08,0x43,0x08,0x43,0x08,0x43,0x08,0x43,0x08,0x43,0x08,0x43,0x08,0x44,0x08,0x43,0x08,0x43,0x08,0x64,
0x31,0xA9,0x08,0x23,0x08,0x44,0x08,0x43,0x08,0x43,0x08,0x43,0x08,0x43,0x08,0x43,0x08,0x43,0x08,0x43,0x08,0x43,0x08,0x43,0x08,0x43,0x08,0x43,0x08,0x43,0x08,0x43,
0x08,0x43,0x08,0x23,0x08,0x43,0x08,0x43,0x08,0x43,0x08,0x43,0x08,0x43,0x08,0x43,0x08,0x43,0x08,0x43,0x08,0x43,0x08,0x23,0x08,0x23,0x08,0x43,0x08,0x43,0x08,0x43,
0x08,0x43,0x08,0x44,0x08,0x43,0x08,0x43,0x08,0x43,0x08,0x43,0x08,0x43,0x08,0x43,0x08,0x43,0x08,0x43,0x08,0x43,0x08,0x23,0x08,0x23,0x08,0x43,0x08,0x23,0x08,0x43,
0x08,0x23,0x08,0x23,0x08,0x23,0x08,0x23,0x08,0x23,0x08,0x43,0x08,0x43,0x08,0x43,0x08,0x43,0x08,0x43,0x08,0x43,0x08,0x23,0x08,0x43,0x10,0x64,0x08,0x43,0x08,0x43,
0x08,0x43,0x08,0x43,0x08,0x43,0x08,0x43,0x08,0x43,0x08,0x43,0x08,0x43,0x08,0x43,0x08,0x43,0x08,0x43,0x08,0x43,0x08,0x43,0x08,0x44,0x08,0x43,0x08,0x43,0x08,0x43,
0x08,0x64,0x19,0x45,0x08,0x43,0x08,0x44,0x08,0x44,0x08,0x44,0x08,0x44,0x08,0x44,0x08,0x43,0x08,0x43,0x08,0x43,0x08,0x44,0x08,0x43,0x08,0x43,0x08,0x44,0x08,0x44,
0x08,0x44,0x08,0x44,0x08,0x43,0x08,0x43,0x08,0x43,0x08,0x44,0x08,0x23,0x08,0x43,0x08,0x44,0x08,0x23,0x08,0x43,0x08,0x43,0x08,0x43,0x08,0x44,0x08,0x44,0x10,0x64,
0x08,0x43,0x08,0x43,0x08,0x43,0x08,0x43,0x08,0x43,0x08,0x23,0x08,0x23,0x08,0x43,0x08,0x23,0x08,0x23,0x08,0x23,0x08,0x23,0x08,0x23,0x08,0x43,0x08,0x44,0x10,0x44,
0x10,0x44,0x10,0x45,0x18,0x45,0x18,0x66,0x18,0x66,0x30,0xAB,0x82,0x55,0xE6,0x3E,0xFF,0xDF,0xDD,0x9D,0x59,0x8E,0x21,0x04,0x21,0x03,0x18,0xE3,0x18,0xE3,0x10,0xA2,
0x00,0x00,0x00,0x00,0x00,0x00,0x00,0x00,0x00,0x00,0x00,0x00,0x00,0x00,0x00,0x00,0x00,0x00,0x00,0x00,0x00,0x00,0x00,0x00,0x00,0x00,0x00,0x00,0x00,0x00,0x00,0x00,
0x00,0x00,0x00,0x00,0x00,0x00,0x00,0x00,0x00,0x00,0x00,0x00,0x00,0x00,0x00,0x00,0x00,0x00,0x00,0x00,0x00,0x00,0x00,0x00,0x00,0x00,0x00,0x00,0x00,0x00,0x00,0x00,
0x18,0xC3,0x18,0xE3,0x18,0xE3,0x21,0x04,0x21,0x24,0x41,0x2C,0xCC,0xFC,0xFF,0xDF,0xEE,0x3E,0x92,0xB6,0x40,0xEB,0x20,0x66,0x20,0x86,0x18,0x66,0x10,0x65,0x10,0x65,
0x10,0x65,0x08,0x44,0x08,0x44,0x08,0x44,0x08,0x43,0x08,0x43,0x08,0x44,0x08,0x43,0x08,0x43,0x08,0x44,0x08,0x44,0x08,0x44,0x08,0x44,0x08,0x44,0x08,0x44,0x08,0x44,
0x08,0x44,0x08,0x44,0x08,0x23,0x08,0x43,0x08,0x43,0x08,0x43,0x08,0x43,0x08,0x43,0x08,0x43,0x08,0x43,0x08,0x43,0x08,0x43,0x08,0x44,0x08,0x43,0x08,0x43,0x08,0x43,
0x08,0x23,0x08,0x43,0x08,0x43,0x08,0x23,0x08,0x43,0x08,0x43,0x08,0x43,0x08,0x23,0x08,0x43,0x08,0x44,0x08,0x24,0x08,0x44,0x08,0x43,0x08,0x43,0x08,0x43,0x08,0x43,
0x08,0x43,0x08,0x44,0x08,0x44,0x08,0x44,0x08,0x43,0x08,0x44,0x08,0x44,0x08,0x44,0x08,0x44,0x08,0x44,0x08,0x44,0x08,0x44,0x08,0x44,0x08,0x43,0x08,0x43,0x08,0x43,
0x08,0x43,0x08,0x43,0x08,0x43,0x08,0x43,0x08,0x43,0x08,0x43,0x08,0x43,0x08,0x43,0x08,0x43,0x08,0x43,0x08,0x43,0x08,0x43,0x08,0x43,0x08,0x43,0x08,0x43,0x08,0x43,
0x08,0x43,0x08,0x43,0x08,0x43,0x08,0x44,0x08,0x43,0x08,0x43,0x08,0x43,0x08,0x44,0x08,0x43,0x08,0x43,0x08,0x43,0x08,0x43,0x08,0x43,0x08,0x43,0x08,0x43,0x08,0x43,
0x08,0x44,0x08,0x44,0x08,0x64,0x08,0x44,0x08,0x44,0x08,0x44,0x08,0x43,0x08,0x43,0x08,0x43,0x08,0x43,0x08,0x43,0x08,0x43,0x08,0x43,0x08,0x43,0x08,0x43,0x08,0x43,
0x08,0x43,0x08,0x43,0x08,0x43,0x08,0x43,0x08,0x43,0x08,0x43,0x08,0x43,0x08,0x44,0x08,0x43,0x08,0x43,0x08,0x43,0x08,0x43,0x08,0x43,0x08,0x43,0x08,0x43,0x08,0x44,
0x18,0xC5,0x08,0x43,0x08,0x43,0x08,0x44,0x08,0x43,0x08,0x44,0x08,0x43,0x08,0x43,0x08,0x43,0x08,0x43,0x08,0x43,0x08,0x43,0x08,0x43,0x08,0x43,0x08,0x43,0x08,0x43,
0x08,0x43,0x10,0x64,0x08,0x43,0x08,0x44,0x08,0x43,0x08,0x44,0x08,0x43,0x08,0x43,0x08,0x43,0x08,0x43,0x08,0x43,0x08,0x44,0x08,0x44,0x08,0x43,0x08,0x43,0x08,0x43,
0x08,0x43,0x08,0x43,0x08,0x43,0x08,0x43,0x08,0x43,0x08,0x43,0x08,0x43,0x08,0x43,0x08,0x43,0x08,0x43,0x08,0x44,0x08,0x24,0x08,0x23,0x08,0x43,0x08,0x44,0x08,0x44,
0x08,0x24,0x08,0x44,0x08,0x44,0x08,0x24,0x08,0x43,0x08,0x43,0x08,0x43,0x08,0x43,0x08,0x43,0x08,0x43,0x08,0x43,0x08,0x43,0x08,0x43,0x08,0x43,0x08,0x43,0x08,0x43,
0x08,0x43,0x08,0x43,0x08,0x43,0x08,0x43,0x08,0x44,0x08,0x44,0x08,0x44,0x08,0x44,0x08,0x44,0x08,0x44,0x08,0x43,0x08,0x44,0x08,0x43,0x08,0x44,0x08,0x43,0x08,0x43,
0x08,0x64,0x19,0x45,0x08,0x43,0x08,0x44,0x08,0x44,0x08,0x44,0x08,0x44,0x08,0x44,0x08,0x43,0x08,0x44,0x08,0x44,0x08,0x44,0x08,0x43,0x08,0x44,0x08,0x44,0x08,0x43,
0x08,0x44,0x08,0x44,0x08,0x23,0x08,0x44,0x08,0x44,0x08,0x43,0x08,0x44,0x08,0x43,0x08,0x43,0x08,0x43,0x08,0x43,0x08,0x43,0x08,0x43,0x08,0x43,0x08,0x43,0x08,0x43,
0x08,0x43,0x08,0x43,0x08,0x43,0x08,0x43,0x08,0x23,0x08,0x43,0x08,0x23,0x08,0x43,0x08,0x44,0x08,0x23,0x08,0x44,0x08,0x44,0x08,0x23,0x08,0x43,0x08,0x44,0x10,0x44,
0x10,0x44,0x10,0x45,0x18,0x45,0x18,0x66,0x18,0x66,0x38,0xAB,0x82,0x55,0xE6,0x3E,0xFF,0xFF,0xDD,0x9E,0x59,0x8E,0x21,0x04,0x21,0x04,0x18,0xE3,0x18,0xE3,0x10,0xA2,
0x00,0x00,0x00,0x00,0x00,0x00,0x00,0x00,0x00,0x00,0x00,0x00,0x00,0x00,0x00,0x00,0x00,0x00,0x00,0x00,0x00,0x00,0x00,0x00,0x00,0x00,0x00,0x00,0x00,0x00,0x00,0x00,
0x00,0x00,0x00,0x00,0x00,0x00,0x00,0x00,0x00,0x00,0x00,0x00,0x00,0x00,0x00,0x00,0x00,0x00,0x00,0x00,0x00,0x00,0x00,0x00,0x00,0x00,0x00,0x00,0x00,0x00,0x00,0x00,
0x18,0xC3,0x18,0xE3,0x18,0xE3,0x21,0x04,0x21,0x24,0x49,0x2C,0xCD,0x1C,0xFF,0xBF,0xEE,0x3E,0x8A,0x96,0x40,0xEB,0x20,0x87,0x20,0x86,0x18,0x66,0x18,0x65,0x10,0x65,
0x10,0x65,0x08,0x44,0x08,0x44,0x08,0x43,0x08,0x44,0x08,0x43,0x08,0x64,0x10,0x64,0x08,0x43,0x08,0x44,0x10,0x64,0x10,0x64,0x10,0x64,0x10,0x64,0x08,0x44,0x08,0x24,
0x10,0x85,0x10,0x44,0x08,0x23,0x08,0x43,0x08,0x44,0x08,0x44,0x08,0x43,0x08,0x44,0x08,0x44,0x08,0x44,0x08,0x44,0x08,0x44,0x08,0x44,0x08,0x43,0x08,0x43,0x08,0x44,
0x08,0x43,0x08,0x43,0x08,0x23,0x08,0x23,0x08,0x43,0x08,0x44,0x08,0x23,0x08,0x44,0x08,0x44,0x08,0x44,0x08,0x44,0x08,0x44,0x08,0x44,0x08,0x44,0x08,0x44,0x08,0x44,
0x08,0x44,0x08,0x44,0x08,0x44,0x08,0x44,0x08,0x44,0x08,0x44,0x08,0x44,0x08,0x44,0x08,0x44,0x08,0x44,0x08,0x44,0x08,0x43,0x10,0x64,0x08,0x44,0x08,0x23,0x08,0x43,
0x08,0x43,0x08,0x43,0x08,0x43,0x08,0x44,0x08,0x44,0x08,0x43,0x08,0x43,0x08,0x44,0x08,0x44,0x08,0x43,0x08,0x43,0x08,0x44,0x08,0x43,0x08,0x43,0x08,0x43,0x08,0x43,
0x08,0x43,0x08,0x44,0x08,0x44,0x08,0x44,0x08,0x44,0x08,0x44,0x08,0x44,0x08,0x44,0x08,0x23,0x08,0x44,0x08,0x44,0x08,0x44,0x08,0x44,0x08,0x44,0x08,0x44,0x08,0x44,
0x08,0x44,0x08,0x44,0x08,0x44,0x08,0x44,0x10,0x64,0x08,0x44,0x08,0x44,0x08,0x44,0x08,0x44,0x08,0x44,0x08,0x44,0x08,0x44,0x08,0x44,0x08,0x44,0x08,0x44,0x08,0x44,
0x08,0x44,0x08,0x44,0x08,0x44,0x08,0x44,0x08,0x44,0x08,0x44,0x08,0x44,0x08,0x44,0x08,0x44,0x08,0x43,0x08,0x43,0x08,0x43,0x08,0x44,0x08,0x43,0x08,0x44,0x08,0x43,
0x08,0x23,0x08,0x44,0x08,0x44,0x08,0x44,0x08,0x44,0x08,0x44,0x08,0x44,0x08,0x44,0x08,0x43,0x08,0x44,0x08,0x43,0x08,0x43,0x08,0x43,0x08,0x44,0x08,0x44,0x08,0x44,
0x08,0x44,0x10,0x64,0x08,0x44,0x08,0x44,0x08,0x23,0x08,0x23,0x08,0x44,0x08,0x44,0x08,0x44,0x08,0x44,0x08,0x43,0x08,0x44,0x08,0x44,0x08,0x43,0x08,0x44,0x08,0x43,
0x08,0x44,0x08,0x44,0x08,0x44,0x08,0x44,0x08,0x43,0x08,0x43,0x08,0x43,0x08,0x43,0x08,0x43,0x08,0x23,0x08,0x43,0x08,0x43,0x08,0x43,0x08,0x23,0x08,0x23,0x08,0x23,
0x08,0x24,0x08,0x44,0x08,0x44,0x08,0x43,0x08,0x43,0x08,0x43,0x08,0x43,0x08,0x23,0x08,0x43,0x08,0x44,0x08,0x43,0x08,0x44,0x08,0x44,0x08,0x44,0x08,0x43,0x08,0x43,
0x08,0x44,0x08,0x44,0x08,0x44,0x08,0x43,0x08,0x44,0x08,0x44,0x08,0x43,0x08,0x44,0x08,0x44,0x10,0x64,0x08,0x44,0x08,0x44,0x08,0x44,0x08,0x44,0x08,0x44,0x08,0x44,
0x08,0x64,0x21,0x86,0x08,0x43,0x08,0x44,0x08,0x44,0x08,0x44,0x08,0x44,0x08,0x44,0x08,0x44,0x08,0x44,0x10,0x64,0x08,0x44,0x08,0x23,0x08,0x44,0x08,0x44,0x08,0x24,
0x08,0x24,0x08,0x24,0x08,0x44,0x08,0x44,0x08,0x44,0x08,0x43,0x08,0x44,0x08,0x44,0x08,0x44,0x08,0x44,0x08,0x44,0x08,0x43,0x08,0x43,0x08,0x44,0x08,0x43,0x08,0x43,
0x08,0x43,0x08,0x44,0x08,0x24,0x08,0x24,0x08,0x44,0x08,0x23,0x08,0x44,0x08,0x44,0x08,0x44,0x08,0x24,0x08,0x44,0x08,0x44,0x08,0x23,0x08,0x24,0x08,0x44,0x10,0x44,
0x10,0x44,0x18,0x45,0x18,0x45,0x18,0x66,0x20,0x66,0x38,0xAB,0x82,0x55,0xE6,0x3E,0xFF,0xDF,0xDD,0x9E,0x59,0xAE,0x21,0x04,0x21,0x04,0x18,0xE3,0x18,0xE3,0x10,0xA2,
0x00,0x00,0x00,0x00,0x00,0x00,0x00,0x00,0x00,0x00,0x00,0x00,0x00,0x00,0x00,0x00,0x00,0x00,0x00,0x00,0x00,0x00,0x00,0x00,0x00,0x00,0x00,0x00,0x00,0x00,0x00,0x00,
0x00,0x00,0x00,0x00,0x00,0x00,0x00,0x00,0x00,0x00,0x00,0x00,0x00,0x00,0x00,0x00,0x00,0x00,0x00,0x00,0x00,0x00,0x00,0x00,0x00,0x00,0x00,0x00,0x00,0x00,0x00,0x00,
0x18,0xC3,0x21,0x04,0x18,0xE3,0x21,0x24,0x21,0x24,0x49,0x2C,0xCD,0x1C,0xFF,0xBF,0xEE,0x3E,0x8A,0x96,0x38,0xEB,0x20,0x66,0x20,0x87,0x20,0x86,0x18,0x65,0x10,0x65,
0x10,0x65,0x08,0x44,0x08,0x44,0x08,0x44,0x08,0x44,0x08,0x44,0x08,0x44,0x08,0x44,0x10,0x44,0x10,0x65,0x10,0x45,0x10,0x45,0x10,0x65,0x10,0x64,0x08,0x44,0x08,0x44,
0x08,0x44,0x08,0x44,0x08,0x44,0x08,0x44,0x08,0x44,0x08,0x44,0x08,0x43,0x08,0x44,0x08,0x44,0x08,0x44,0x08,0x44,0x08,0x44,0x08,0x44,0x08,0x44,0x08,0x44,0x08,0x44,
0x08,0x43,0x08,0x43,0x08,0x44,0x08,0x44,0x08,0x24,0x08,0x24,0x08,0x44,0x08,0x44,0x08,0x44,0x08,0x44,0x08,0x44,0x08,0x44,0x08,0x44,0x08,0x44,0x08,0x44,0x08,0x44,
0x08,0x44,0x08,0x44,0x08,0x44,0x08,0x44,0x08,0x44,0x08,0x44,0x08,0x44,0x08,0x44,0x08,0x44,0x08,0x44,0x08,0x44,0x08,0x44,0x08,0x43,0x08,0x44,0x08,0x44,0x08,0x44,
0x08,0x44,0x08,0x44,0x08,0x44,0x08,0x44,0x08,0x44,0x08,0x44,0x08,0x44,0x08,0x44,0x08,0x44,0x08,0x44,0x08,0x43,0x08,0x44,0x08,0x44,0x08,0x43,0x08,0x44,0x08,0x44,
0x10,0x44,0x08,0x43,0x08,0x44,0x08,0x44,0x08,0x44,0x08,0x44,0x08,0x44,0x10,0x44,0x18,0xA6,0x08,0x44,0x08,0x43,0x08,0x44,0x08,0x44,0x08,0x44,0x08,0x44,0x08,0x44,
0x08,0x44,0x08,0x44,0x08,0x44,0x08,0x44,0x08,0x44,0x08,0x44,0x08,0x44,0x08,0x44,0x08,0x44,0x08,0x44,0x08,0x44,0x08,0x44,0x08,0x44,0x08,0x44,0x10,0x65,0x10,0x64,
0x08,0x44,0x08,0x44,0x08,0x44,0x08,0x44,0x08,0x44,0x08,0x44,0x08,0x44,0x08,0x44,0x08,0x44,0x08,0x44,0x08,0x44,0x08,0x44,0x08,0x44,0x08,0x44,0x08,0x44,0x08,0x44,
0x08,0x44,0x10,0x44,0x08,0x44,0x08,0x44,0x08,0x44,0x08,0x44,0x08,0x44,0x08,0x44,0x08,0x44,0x08,0x44,0x08,0x44,0x08,0x44,0x08,0x44,0x08,0x44,0x08,0x44,0x08,0x44,
0x08,0x43,0x08,0x43,0x08,0x44,0x08,0x23,0x18,0xA6,0x18,0xA6,0x08,0x23,0x08,0x44,0x08,0x43,0x08,0x44,0x08,0x44,0x08,0x43,0x08,0x44,0x08,0x44,0x08,0x43,0x08,0x44,
0x08,0x44,0x08,0x44,0x08,0x44,0x08,0x44,0x08,0x44,0x08,0x44,0x08,0x44,0x08,0x44,0x08,0x44,0x08,0x44,0x08,0x43,0x08,0x44,0x08,0x43,0x08,0x43,0x08,0x43,0x08,0x43,
0x08,0x44,0x08,0x43,0x08,0x43,0x08,0x44,0x08,0x44,0x08,0x44,0x08,0x44,0x08,0x44,0x08,0x44,0x08,0x43,0x08,0x43,0x08,0x43,0x08,0x44,0x08,0x44,0x08,0x43,0x08,0x64,
0x10,0x64,0x08,0x44,0x08,0x44,0x08,0x44,0x08,0x44,0x08,0x44,0x08,0x44,0x08,0x44,0x10,0x64,0x08,0x44,0x08,0x44,0x08,0x44,0x08,0x44,0x08,0x44,0x08,0x44,0x08,0x44,
0x08,0x64,0x21,0x86,0x08,0x43,0x08,0x44,0x08,0x44,0x08,0x44,0x08,0x44,0x08,0x44,0x08,0x44,0x08,0x44,0x08,0x44,0x08,0x44,0x08,0x44,0x08,0x43,0x08,0x44,0x08,0x44,
0x08,0x43,0x08,0x44,0x08,0x44,0x08,0x44,0x08,0x44,0x08,0x44,0x08,0x44,0x08,0x24,0x08,0x24,0x08,0x44,0x08,0x44,0x08,0x44,0x08,0x44,0x08,0x44,0x08,0x44,0x08,0x44,
0x08,0x43,0x08,0x44,0x08,0x24,0x08,0x24,0x10,0x64,0x08,0x44,0x08,0x44,0x08,0x44,0x08,0x44,0x08,0x44,0x08,0x24,0x08,0x44,0x08,0x44,0x08,0x44,0x08,0x44,0x10,0x44,
0x10,0x45,0x10,0x45,0x18,0x66,0x18,0x66,0x18,0x66,0x38,0xAB,0x82,0x36,0xE6,0x3E,0xFF,0xDF,0xDD,0x9E,0x59,0xAE,0x21,0x04,0x21,0x04,0x18,0xE3,0x18,0xE3,0x10,0xA2,
0x00,0x00,0x00,0x00,0x00,0x00,0x00,0x00,0x00,0x00,0x00,0x00,0x00,0x00,0x00,0x00,0x00,0x00,0x00,0x00,0x00,0x00,0x00,0x00,0x00,0x00,0x00,0x00,0x00,0x00,0x00,0x00,
0x00,0x00,0x00,0x00,0x00,0x00,0x00,0x00,0x00,0x00,0x00,0x00,0x00,0x00,0x00,0x00,0x00,0x00,0x00,0x00,0x00,0x00,0x00,0x00,0x00,0x00,0x00,0x00,0x00,0x00,0x00,0x00,
0x18,0xC3,0x21,0x04,0x21,0x04,0x21,0x24,0x21,0x24,0x49,0x2C,0xCD,0x1C,0xFF,0xDF,0xEE,0x3E,0x8A,0x96,0x40,0xEB,0x20,0x86,0x20,0x87,0x20,0x66,0x18,0x65,0x10,0x65,
0x10,0x45,0x10,0x64,0x08,0x44,0x08,0x44,0x08,0x44,0x08,0x44,0x08,0x44,0x08,0x44,0x10,0x64,0x10,0x65,0x28,0xE8,0x20,0xC7,0x10,0x65,0x10,0x65,0x10,0x64,0x10,0x44,
0x08,0x44,0x08,0x44,0x08,0x44,0x08,0x44,0x08,0x44,0x08,0x44,0x08,0x44,0x08,0x44,0x08,0x44,0x08,0x44,0x08,0x44,0x08,0x44,0x08,0x44,0x08,0x44,0x08,0x44,0x08,0x44,
0x08,0x44,0x08,0x44,0x08,0x44,0x08,0x44,0x08,0x44,0x08,0x44,0x08,0x44,0x08,0x44,0x08,0x44,0x08,0x44,0x08,0x44,0x08,0x44,0x08,0x44,0x08,0x44,0x08,0x44,0x08,0x44,
0x08,0x44,0x08,0x64,0x08,0x64,0x08,0x44,0x08,0x44,0x08,0x44,0x08,0x44,0x08,0x44,0x08,0x44,0x08,0x44,0x08,0x44,0x08,0x44,0x08,0x44,0x08,0x44,0x08,0x44,0x08,0x44,
0x08,0x44,0x08,0x44,0x08,0x44,0x08,0x44,0x08,0x44,0x08,0x44,0x08,0x44,0x08,0x44,0x08,0x44,0x08,0x44,0x08,0x44,0x08,0x44,0x08,0x44,0x08,0x44,0x08,0x44,0x08,0x44,
0x10,0x64,0x08,0x44,0x08,0x44,0x08,0x44,0x08,0x44,0x08,0x44,0x08,0x44,0x10,0x64,0x18,0xC6,0x08,0x44,0x10,0x84,0x08,0x44,0x08,0x44,0x08,0x44,0x08,0x44,0x08,0x44,
0x08,0x44,0x08,0x44,0x08,0x44,0x08,0x44,0x08,0x44,0x08,0x44,0x08,0x44,0x10,0x64,0x08,0x44,0x08,0x44,0x08,0x44,0x08,0x44,0x08,0x44,0x08,0x44,0x08,0x44,0x08,0x44,
0x08,0x44,0x08,0x44,0x08,0x44,0x08,0x44,0x08,0x44,0x08,0x44,0x08,0x44,0x08,0x44,0x08,0x44,0x08,0x44,0x08,0x44,0x08,0x44,0x08,0x44,0x08,0x44,0x08,0x44,0x08,0x44,
0x08,0x44,0x10,0x64,0x08,0x44,0x08,0x44,0x08,0x44,0x08,0x44,0x08,0x44,0x08,0x44,0x10,0x64,0x10,0x84,0x08,0x44,0x08,0x44,0x08,0x44,0x08,0x44,0x08,0x44,0x08,0x44,
0x08,0x44,0x08,0x44,0x08,0x44,0x08,0x23,0x10,0x65,0x10,0x65,0x08,0x44,0x08,0x44,0x08,0x44,0x08,0x44,0x08,0x44,0x08,0x44,0x08,0x44,0x08,0x44,0x08,0x44,0x10,0x64,
0x08,0x44,0x08,0x44,0x08,0x44,0x08,0x44,0x08,0x44,0x08,0x44,0x08,0x44,0x08,0x44,0x08,0x44,0x08,0x44,0x08,0x44,0x08,0x44,0x08,0x44,0x08,0x44,0x08,0x44,0x08,0x44,
0x08,0x44,0x08,0x44,0x08,0x44,0x08,0x44,0x08,0x44,0x08,0x44,0x10,0x64,0x10,0x64,0x08,0x44,0x08,0x44,0x08,0x44,0x08,0x44,0x08,0x44,0x08,0x44,0x08,0x44,0x08,0x44,
0x08,0x44,0x08,0x44,0x08,0x44,0x08,0x44,0x08,0x44,0x08,0x44,0x08,0x44,0x08,0x44,0x08,0x44,0x08,0x44,0x08,0x44,0x08,0x44,0x08,0x44,0x08,0x44,0x08,0x44,0x10,0x44,
0x10,0x64,0x21,0x86,0x08,0x43,0x08,0x44,0x08,0x44,0x08,0x44,0x08,0x44,0x08,0x44,0x08,0x44,0x08,0x44,0x08,0x44,0x08,0x44,0x08,0x44,0x08,0x44,0x08,0x44,0x08,0x44,
0x08,0x44,0x08,0x44,0x08,0x43,0x08,0x44,0x08,0x44,0x08,0x44,0x08,0x44,0x08,0x44,0x08,0x44,0x08,0x44,0x08,0x44,0x08,0x44,0x08,0x44,0x08,0x44,0x08,0x44,0x08,0x44,
0x08,0x44,0x08,0x44,0x08,0x44,0x08,0x44,0x08,0x44,0x08,0x44,0x08,0x44,0x08,0x44,0x08,0x44,0x08,0x44,0x08,0x44,0x08,0x44,0x08,0x44,0x08,0x44,0x08,0x44,0x10,0x44,
0x10,0x45,0x10,0x45,0x18,0x46,0x18,0x66,0x20,0x66,0x38,0xAB,0x82,0x56,0xE6,0x3E,0xFF,0xDF,0xDD,0x9D,0x59,0xAE,0x21,0x04,0x21,0x04,0x18,0xE3,0x18,0xE3,0x10,0xA2,
0x00,0x00,0x00,0x00,0x00,0x00,0x00,0x00,0x00,0x00,0x00,0x00,0x00,0x00,0x00,0x00,0x00,0x00,0x00,0x00,0x00,0x00,0x00,0x00,0x00,0x00,0x00,0x00,0x00,0x00,0x00,0x00,
0x00,0x00,0x00,0x00,0x00,0x00,0x00,0x00,0x00,0x00,0x00,0x00,0x00,0x00,0x00,0x00,0x00,0x00,0x00,0x00,0x00,0x00,0x00,0x00,0x00,0x00,0x00,0x00,0x00,0x00,0x00,0x00,
0x18,0xC3,0x21,0x04,0x20,0xE4,0x21,0x24,0x21,0x24,0x49,0x2C,0xCD,0x1C,0xFF,0xBF,0xEE,0x3E,0x8A,0x96,0x38,0xEB,0x20,0x87,0x20,0x87,0x18,0x66,0x18,0x66,0x10,0x65,
0x10,0x45,0x10,0x65,0x08,0x44,0x08,0x44,0x08,0x44,0x08,0x44,0x08,0x44,0x08,0x44,0x10,0x65,0x10,0x44,0x28,0xC7,0x28,0xE8,0x10,0x65,0x10,0x65,0x10,0x65,0x10,0x64,
0x08,0x44,0x08,0x44,0x08,0x44,0x08,0x44,0x08,0x44,0x08,0x44,0x08,0x44,0x08,0x44,0x08,0x44,0x08,0x44,0x08,0x44,0x08,0x44,0x08,0x44,0x08,0x44,0x08,0x44,0x08,0x44,
0x08,0x44,0x08,0x44,0x08,0x44,0x08,0x44,0x08,0x44,0x08,0x44,0x08,0x44,0x08,0x44,0x10,0x44,0x08,0x44,0x08,0x44,0x08,0x44,0x08,0x44,0x08,0x44,0x08,0x44,0x08,0x44,
0x08,0x44,0x08,0x44,0x08,0x64,0x08,0x44,0x08,0x44,0x08,0x44,0x08,0x44,0x08,0x44,0x08,0x44,0x10,0x44,0x08,0x44,0x08,0x44,0x08,0x44,0x08,0x44,0x08,0x44,0x08,0x44,
0x08,0x44,0x10,0x44,0x08,0x44,0x08,0x44,0x10,0x44,0x08,0x44,0x08,0x44,0x08,0x44,0x08,0x44,0x08,0x44,0x08,0x44,0x08,0x44,0x08,0x44,0x08,0x44,0x08,0x44,0x08,0x44,
0x08,0x44,0x08,0x44,0x08,0x44,0x08,0x44,0x08,0x44,0x08,0x44,0x08,0x44,0x08,0x64,0x08,0x44,0x08,0x44,0x10,0x64,0x08,0x44,0x08,0x44,0x08,0x44,0x08,0x44,0x08,0x44,
0x08,0x44,0x08,0x44,0x08,0x44,0x08,0x44,0x08,0x44,0x08,0x44,0x10,0x65,0x10,0x64,0x08,0x44,0x08,0x44,0x08,0x44,0x08,0x44,0x08,0x44,0x08,0x44,0x08,0x44,0x08,0x44,
0x08,0x44,0x08,0x44,0x08,0x44,0x10,0x85,0x10,0x64,0x08,0x44,0x08,0x44,0x08,0x44,0x08,0x44,0x08,0x44,0x08,0x44,0x08,0x44,0x10,0x64,0x08,0x44,0x10,0x44,0x08,0x44,
0x08,0x44,0x08,0x44,0x08,0x44,0x08,0x44,0x08,0x44,0x08,0x44,0x08,0x44,0x10,0x44,0x08,0x44,0x08,0x44,0x08,0x44,0x08,0x44,0x10,0x44,0x08,0x44,0x08,0x44,0x08,0x44,
0x08,0x44,0x08,0x44,0x08,0x44,0x10,0x64,0x08,0x44,0x08,0x44,0x08,0x44,0x08,0x44,0x08,0x44,0x08,0x44,0x08,0x44,0x08,0x44,0x08,0x44,0x08,0x44,0x10,0x64,0x10,0x64,
0x08,0x44,0x10,0x44,0x08,0x44,0x08,0x44,0x10,0x44,0x08,0x44,0x08,0x44,0x08,0x44,0x08,0x44,0x08,0x44,0x08,0x44,0x08,0x44,0x08,0x44,0x08,0x44,0x08,0x44,0x08,0x44,
0x08,0x44,0x08,0x44,0x08,0x44,0x08,0x44,0x08,0x44,0x08,0x44,0x08,0x44,0x08,0x44,0x08,0x64,0x08,0x44,0x08,0x44,0x08,0x44,0x08,0x44,0x08,0x44,0x08,0x44,0x08,0x44,
0x08,0x44,0x08,0x44,0x08,0x44,0x08,0x44,0x08,0x44,0x08,0x44,0x08,0x44,0x08,0x44,0x08,0x44,0x08,0x44,0x08,0x44,0x08,0x44,0x08,0x44,0x08,0x44,0x08,0x44,0x08,0x64,
0x08,0x64,0x21,0x86,0x08,0x44,0x08,0x44,0x08,0x44,0x08,0x44,0x08,0x44,0x08,0x44,0x08,0x44,0x08,0x44,0x08,0x44,0x08,0x44,0x08,0x44,0x08,0x44,0x08,0x44,0x08,0x44,
0x08,0x44,0x08,0x44,0x08,0x44,0x08,0x44,0x08,0x44,0x08,0x44,0x10,0x44,0x08,0x44,0x08,0x44,0x08,0x44,0x08,0x44,0x08,0x44,0x08,0x44,0x08,0x44,0x08,0x44,0x08,0x44,
0x08,0x44,0x08,0x44,0x08,0x44,0x08,0x44,0x08,0x44,0x08,0x44,0x08,0x44,0x08,0x44,0x08,0x44,0x08,0x44,0x08,0x44,0x08,0x44,0x08,0x44,0x08,0x44,0x10,0x44,0x10,0x44,
0x10,0x45,0x18,0x45,0x18,0x46,0x20,0x67,0x20,0x66,0x38,0xAB,0x82,0x56,0xE6,0x3E,0xFF,0xDF,0xDD,0x9D,0x59,0x8E,0x21,0x04,0x21,0x04,0x18,0xE3,0x19,0x03,0x10,0xA2,
0x00,0x00,0x00,0x00,0x00,0x00,0x00,0x00,0x00,0x00,0x00,0x00,0x00,0x00,0x00,0x00,0x00,0x00,0x00,0x00,0x00,0x00,0x00,0x00,0x00,0x00,0x00,0x00,0x00,0x00,0x00,0x00,
0x00,0x00,0x00,0x00,0x00,0x00,0x00,0x00,0x00,0x00,0x00,0x00,0x00,0x00,0x00,0x00,0x00,0x00,0x00,0x00,0x00,0x00,0x00,0x00,0x00,0x00,0x00,0x00,0x00,0x00,0x00,0x00,
0x18,0xC3,0x21,0x04,0x21,0x04,0x21,0x24,0x21,0x25,0x49,0x2C,0xCD,0x1C,0xFF,0xBF,0xEE,0x3E,0x8A,0x96,0x38,0xEB,0x20,0x87,0x20,0x87,0x18,0x66,0x18,0x66,0x10,0x65,
0x10,0x65,0x10,0x64,0x10,0x44,0x08,0x44,0x08,0x44,0x08,0x44,0x08,0x44,0x10,0x45,0x10,0x44,0x10,0x44,0x18,0x86,0x18,0x65,0x10,0x65,0x10,0x65,0x10,0x45,0x10,0x64,
0x10,0x64,0x10,0x44,0x08,0x44,0x08,0x44,0x08,0x44,0x08,0x44,0x08,0x44,0x08,0x44,0x08,0x44,0x08,0x44,0x08,0x44,0x08,0x44,0x08,0x44,0x08,0x44,0x08,0x44,0x08,0x44,
0x10,0x64,0x08,0x44,0x08,0x44,0x08,0x44,0x08,0x44,0x08,0x44,0x08,0x44,0x08,0x44,0x10,0x64,0x08,0x44,0x08,0x44,0x18,0xC6,0x10,0x65,0x08,0x64,0x08,0x44,0x08,0x64,
0x08,0x44,0x08,0x64,0x08,0x44,0x08,0x44,0x08,0x44,0x08,0x44,0x08,0x64,0x08,0x44,0x08,0x44,0x08,0x44,0x08,0x44,0x08,0x44,0x08,0x44,0x10,0x44,0x08,0x44,0x10,0x44,
0x10,0x44,0x10,0x44,0x08,0x44,0x10,0x65,0x10,0x65,0x08,0x44,0x08,0x44,0x08,0x44,0x08,0x44,0x08,0x44,0x08,0x44,0x08,0x44,0x10,0x65,0x10,0x44,0x08,0x44,0x08,0x44,
0x10,0x45,0x10,0x44,0x08,0x65,0x10,0x44,0x10,0x44,0x10,0x64,0x08,0x44,0x10,0x64,0x10,0x64,0x10,0x64,0x10,0x64,0x10,0x64,0x10,0x65,0x10,0x64,0x08,0x64,0x10,0x64,
0x08,0x44,0x10,0x85,0x10,0x65,0x08,0x44,0x10,0x64,0x10,0x44,0x08,0x44,0x08,0x44,0x08,0x44,0x08,0x44,0x08,0x44,0x08,0x44,0x08,0x44,0x08,0x44,0x08,0x44,0x08,0x44,
0x08,0x44,0x08,0x64,0x08,0x44,0x10,0xA5,0x10,0x64,0x08,0x44,0x08,0x44,0x08,0x44,0x08,0x44,0x08,0x64,0x08,0x64,0x08,0x44,0x08,0x44,0x10,0x64,0x10,0x44,0x10,0x44,
0x10,0x44,0x08,0x45,0x08,0x44,0x10,0x64,0x08,0x44,0x08,0x44,0x08,0x44,0x08,0x44,0x08,0x64,0x10,0x44,0x08,0x64,0x08,0x44,0x08,0x44,0x08,0x44,0x08,0x44,0x08,0x44,
0x08,0x44,0x08,0x44,0x08,0x44,0x10,0x85,0x08,0x44,0x10,0x44,0x08,0x44,0x08,0x44,0x08,0x44,0x08,0x44,0x08,0x44,0x08,0x44,0x08,0x44,0x08,0x44,0x08,0x44,0x08,0x44,
0x08,0x44,0x08,0x44,0x08,0x44,0x08,0x44,0x08,0x44,0x08,0x44,0x08,0x44,0x08,0x44,0x08,0x44,0x08,0x44,0x08,0x44,0x08,0x44,0x08,0x44,0x08,0x44,0x08,0x44,0x10,0x64,
0x10,0x44,0x08,0x44,0x08,0x44,0x08,0x44,0x08,0x44,0x08,0x44,0x08,0x44,0x08,0x64,0x08,0x44,0x08,0x64,0x08,0x44,0x08,0x44,0x10,0x44,0x08,0x44,0x08,0x44,0x10,0x64,
0x10,0x65,0x08,0x44,0x08,0x44,0x10,0x64,0x10,0x65,0x08,0x44,0x08,0x44,0x08,0x44,0x08,0x44,0x08,0x45,0x08,0x44,0x08,0x44,0x08,0x44,0x08,0x44,0x08,0x44,0x08,0x44,
0x08,0x64,0x21,0x86,0x10,0x85,0x10,0x65,0x10,0x65,0x08,0x44,0x08,0x44,0x08,0x44,0x10,0x64,0x08,0x44,0x08,0x44,0x08,0x44,0x08,0x44,0x10,0x44,0x08,0x44,0x08,0x44,
0x08,0x44,0x08,0x44,0x08,0x44,0x08,0x44,0x08,0x44,0x08,0x44,0x10,0x64,0x08,0x44,0x08,0x44,0x08,0x44,0x08,0x44,0x08,0x44,0x08,0x44,0x08,0x44,0x08,0x44,0x08,0x44,
0x08,0x44,0x08,0x44,0x08,0x44,0x08,0x44,0x08,0x44,0x08,0x44,0x08,0x44,0x08,0x44,0x08,0x44,0x08,0x44,0x08,0x44,0x08,0x44,0x08,0x44,0x08,0x44,0x08,0x44,0x10,0x44,
0x10,0x45,0x18,0x45,0x18,0x66,0x20,0x66,0x20,0x67,0x38,0xAB,0x82,0x56,0xE6,0x3E,0xFF,0xDF,0xDD,0x7D,0x59,0xAE,0x21,0x04,0x21,0x04,0x18,0xE3,0x18,0xE3,0x10,0xA2,
0x00,0x00,0x00,0x00,0x00,0x00,0x00,0x00,0x00,0x00,0x00,0x00,0x00,0x00,0x00,0x00,0x00,0x00,0x00,0x00,0x00,0x00,0x00,0x00,0x00,0x00,0x00,0x00,0x00,0x00,0x00,0x00,
0x00,0x00,0x00,0x00,0x00,0x00,0x00,0x00,0x00,0x00,0x00,0x00,0x00,0x00,0x00,0x00,0x00,0x00,0x00,0x00,0x00,0x00,0x00,0x00,0x00,0x00,0x00,0x00,0x00,0x00,0x00,0x00,
0x18,0xC3,0x21,0x04,0x21,0x04,0x21,0x24,0x21,0x25,0x49,0x2C,0xCD,0x1C,0xFF,0xDF,0xEE,0x3E,0x8A,0x96,0x38,0xEB,0x20,0x87,0x20,0x87,0x18,0x66,0x18,0x66,0x10,0x65,
0x10,0x65,0x10,0x64,0x10,0x64,0x08,0x64,0x10,0x44,0x10,0x44,0x08,0x44,0x10,0x45,0x10,0x45,0x10,0x65,0x10,0x65,0x10,0x65,0x10,0x65,0x10,0x65,0x10,0x65,0x10,0x64,
0x10,0x64,0x10,0x64,0x10,0x64,0x08,0x44,0x08,0x64,0x08,0x64,0x08,0x64,0x08,0x44,0x10,0x64,0x10,0x65,0x08,0x44,0x08,0x44,0x10,0x64,0x08,0x44,0x10,0x44,0x10,0x64,
0x08,0x44,0x08,0x44,0x08,0x44,0x08,0x44,0x08,0x44,0x08,0x44,0x08,0x44,0x08,0x44,0x08,0x44,0x08,0x44,0x08,0x44,0x10,0x65,0x10,0x64,0x08,0x44,0x08,0x64,0x08,0x64,
0x10,0x44,0x10,0x44,0x10,0x64,0x10,0x64,0x10,0x45,0x08,0x44,0x10,0x44,0x10,0x64,0x08,0x44,0x08,0x44,0x10,0x44,0x08,0x44,0x10,0x44,0x08,0x44,0x08,0x44,0x10,0x44,
0x10,0x64,0x10,0x65,0x10,0x64,0x10,0x64,0x08,0x64,0x08,0x44,0x08,0x44,0x10,0x64,0x10,0x44,0x10,0x64,0x10,0x44,0x08,0x44,0x10,0x65,0x10,0x44,0x08,0x44,0x10,0x65,
0x10,0x65,0x08,0x44,0x10,0x64,0x10,0x64,0x10,0x45,0x10,0x44,0x08,0x44,0x10,0x65,0x10,0x65,0x08,0x44,0x10,0x65,0x10,0x65,0x10,0x65,0x10,0x65,0x10,0x65,0x10,0x64,
0x10,0x64,0x10,0x65,0x10,0x64,0x10,0x44,0x10,0x64,0x10,0x64,0x10,0x64,0x10,0x64,0x10,0x64,0x10,0x64,0x08,0x64,0x08,0x44,0x08,0x64,0x08,0x44,0x08,0x64,0x10,0x64,
0x10,0x44,0x10,0x64,0x08,0x64,0x08,0x44,0x08,0x64,0x10,0x64,0x10,0x44,0x10,0x44,0x10,0x44,0x08,0x44,0x10,0x44,0x10,0x44,0x08,0x44,0x10,0x45,0x08,0x45,0x10,0x45,
0x10,0x44,0x08,0x44,0x08,0x44,0x08,0x44,0x08,0x44,0x10,0x64,0x10,0x44,0x08,0x64,0x08,0x64,0x08,0x44,0x08,0x44,0x08,0x44,0x08,0x44,0x08,0x44,0x08,0x44,0x08,0x44,
0x08,0x44,0x08,0x44,0x10,0x44,0x10,0x65,0x08,0x44,0x08,0x44,0x08,0x44,0x08,0x44,0x08,0x44,0x08,0x44,0x08,0x44,0x08,0x44,0x08,0x44,0x08,0x44,0x08,0x44,0x08,0x44,
0x08,0x44,0x08,0x44,0x08,0x44,0x08,0x44,0x08,0x64,0x08,0x44,0x08,0x44,0x10,0x64,0x08,0x44,0x08,0x44,0x08,0x44,0x10,0x44,0x08,0x44,0x08,0x44,0x08,0x44,0x08,0x44,
0x08,0x44,0x08,0x44,0x08,0x44,0x08,0x44,0x08,0x44,0x08,0x44,0x08,0x44,0x10,0x65,0x10,0x45,0x10,0x45,0x08,0x44,0x10,0x45,0x10,0x45,0x08,0x44,0x08,0x44,0x08,0x44,
0x08,0x44,0x08,0x44,0x08,0x44,0x08,0x44,0x08,0x44,0x08,0x44,0x18,0xA5,0x10,0x85,0x08,0x44,0x08,0x45,0x08,0x44,0x08,0x44,0x08,0x64,0x08,0x44,0x08,0x44,0x08,0x44,
0x08,0x64,0x29,0xC7,0x08,0x64,0x10,0x44,0x10,0x64,0x08,0x44,0x08,0x44,0x08,0x44,0x10,0x64,0x08,0x44,0x08,0x44,0x08,0x44,0x10,0x64,0x10,0x64,0x08,0x44,0x08,0x44,
0x08,0x44,0x08,0x44,0x08,0x44,0x08,0x64,0x08,0x44,0x08,0x44,0x08,0x44,0x08,0x44,0x08,0x44,0x10,0x64,0x10,0x44,0x08,0x44,0x10,0x44,0x08,0x44,0x08,0x44,0x08,0x44,
0x08,0x44,0x10,0x64,0x10,0x64,0x08,0x44,0x10,0x44,0x10,0x44,0x10,0x44,0x08,0x44,0x08,0x44,0x08,0x44,0x08,0x44,0x08,0x44,0x08,0x44,0x08,0x44,0x10,0x44,0x10,0x44,
0x10,0x65,0x18,0x45,0x18,0x66,0x20,0x66,0x20,0x67,0x38,0xAB,0x82,0x56,0xEE,0x5E,0xFF,0xDF,0xDD,0x9D,0x59,0xAE,0x21,0x04,0x21,0x04,0x18,0xE4,0x20,0xE4,0x10,0xA2,
0x00,0x00,0x00,0x00,0x00,0x00,0x00,0x00,0x00,0x00,0x00,0x00,0x00,0x00,0x00,0x00,0x00,0x00,0x00,0x00,0x00,0x00,0x00,0x00,0x00,0x00,0x00,0x00,0x00,0x00,0x00,0x00,
0x00,0x00,0x00,0x00,0x00,0x00,0x00,0x00,0x00,0x00,0x00,0x00,0x00,0x00,0x00,0x00,0x00,0x00,0x00,0x00,0x00,0x00,0x00,0x00,0x00,0x00,0x00,0x00,0x00,0x00,0x00,0x00,
0x18,0xE3,0x21,0x04,0x21,0x04,0x21,0x24,0x21,0x25,0x49,0x2C,0xCC,0xFC,0xFF,0xDF,0xEE,0x3E,0x8A,0xB6,0x39,0x0B,0x20,0x87,0x20,0x87,0x18,0x86,0x18,0x66,0x10,0x65,
0x10,0x65,0x10,0x65,0x10,0x64,0x10,0x64,0x10,0x64,0x10,0x44,0x10,0x45,0x10,0x45,0x10,0x45,0x10,0x45,0x10,0x45,0x10,0x65,0x10,0x65,0x10,0x65,0x10,0x64,0x10,0x65,
0x10,0x45,0x10,0x64,0x10,0x64,0x10,0x65,0x10,0x45,0x10,0x65,0x08,0x64,0x10,0x64,0x10,0x64,0x10,0x64,0x08,0x44,0x10,0x65,0x10,0x65,0x10,0x44,0x10,0x44,0x08,0x44,
0x08,0x44,0x08,0x64,0x10,0x64,0x08,0x44,0x10,0x44,0x10,0x44,0x10,0x64,0x10,0x44,0x10,0x64,0x08,0x44,0x10,0x64,0x10,0x64,0x10,0x44,0x10,0x65,0x10,0x65,0x08,0x64,
0x10,0x44,0x10,0x44,0x10,0x44,0x08,0x45,0x08,0x45,0x10,0x45,0x08,0x45,0x10,0x45,0x10,0x45,0x10,0x45,0x10,0x45,0x10,0x45,0x10,0x45,0x10,0x65,0x08,0x65,0x10,0x64,
0x10,0x64,0x10,0x64,0x10,0x64,0x10,0x65,0x10,0x65,0x08,0x64,0x10,0x64,0x10,0x65,0x10,0x44,0x10,0x64,0x10,0x64,0x10,0x64,0x10,0x64,0x10,0x65,0x10,0x45,0x10,0x64,
0x08,0x44,0x10,0x44,0x10,0x64,0x10,0x64,0x10,0x65,0x10,0x65,0x10,0x64,0x08,0x64,0x10,0x65,0x10,0x65,0x10,0x65,0x10,0x65,0x10,0x45,0x10,0x65,0x10,0x45,0x10,0x65,
0x10,0x65,0x10,0x45,0x10,0x44,0x10,0x65,0x10,0x64,0x10,0x64,0x10,0x64,0x10,0x65,0x10,0x65,0x10,0x65,0x10,0x45,0x10,0x64,0x10,0x44,0x10,0x85,0x10,0x65,0x10,0x64,
0x10,0x64,0x10,0x65,0x10,0x65,0x10,0x65,0x10,0x64,0x10,0x64,0x10,0x64,0x10,0x64,0x10,0x45,0x08,0x45,0x10,0x45,0x08,0x44,0x08,0x45,0x08,0x45,0x10,0x45,0x10,0x45,
0x10,0x45,0x08,0x45,0x10,0x45,0x10,0x45,0x10,0x45,0x08,0x45,0x08,0x45,0x10,0x45,0x10,0x45,0x10,0x45,0x08,0x45,0x08,0x45,0x08,0x45,0x08,0x45,0x10,0x45,0x08,0x45,
0x08,0x45,0x10,0x44,0x08,0x44,0x08,0x44,0x10,0x45,0x10,0x45,0x10,0x44,0x10,0x44,0x10,0x44,0x10,0x45,0x10,0x45,0x10,0x45,0x10,0x44,0x10,0x45,0x10,0x45,0x10,0x45,
0x08,0x45,0x10,0x65,0x10,0x45,0x10,0x45,0x10,0x45,0x10,0x64,0x10,0x64,0x08,0x44,0x08,0x64,0x10,0x65,0x10,0x64,0x10,0x44,0x10,0x44,0x10,0x64,0x10,0x45,0x08,0x44,
0x10,0x44,0x08,0x44,0x10,0x64,0x10,0x64,0x10,0x64,0x10,0x45,0x10,0x65,0x10,0x65,0x08,0x44,0x08,0x64,0x10,0x45,0x10,0x65,0x10,0x44,0x10,0x64,0x10,0x44,0x08,0x44,
0x08,0x44,0x08,0x44,0x08,0x44,0x08,0x44,0x10,0x44,0x08,0x44,0x10,0x45,0x10,0x45,0x10,0x44,0x10,0x45,0x08,0x45,0x08,0x64,0x08,0x44,0x08,0x44,0x08,0x44,0x08,0x44,
0x08,0x64,0x21,0xC6,0x08,0x64,0x10,0x44,0x08,0x44,0x08,0x64,0x10,0x44,0x08,0x64,0x08,0x44,0x08,0x44,0x08,0x44,0x10,0x64,0x08,0x44,0x08,0x44,0x08,0x44,0x08,0x44,
0x08,0x44,0x08,0x44,0x08,0x44,0x08,0x64,0x08,0x44,0x08,0x64,0x08,0x44,0x08,0x44,0x10,0x44,0x10,0x65,0x10,0x44,0x10,0x44,0x10,0x44,0x10,0x44,0x08,0x64,0x08,0x64,
0x10,0x44,0x10,0x44,0x10,0x64,0x10,0x44,0x10,0x44,0x10,0x44,0x10,0x44,0x08,0x64,0x08,0x44,0x10,0x65,0x10,0x64,0x08,0x44,0x08,0x44,0x08,0x44,0x10,0x44,0x10,0x45,
0x10,0x45,0x18,0x66,0x18,0x66,0x20,0x66,0x20,0x67,0x38,0xAB,0x82,0x56,0xE6,0x5E,0xFF,0xFF,0xDD,0x7D,0x59,0xAE,0x21,0x04,0x21,0x04,0x18,0xE3,0x21,0x04,0x10,0xA2,
0x00,0x00,0x00,0x00,0x00,0x00,0x00,0x00,0x00,0x00,0x00,0x00,0x00,0x00,0x00,0x00,0x00,0x00,0x00,0x00,0x00,0x00,0x00,0x00,0x00,0x00,0x00,0x00,0x00,0x00,0x00,0x00,
0x00,0x00,0x00,0x00,0x00,0x00,0x00,0x00,0x00,0x00,0x00,0x00,0x00,0x00,0x00,0x00,0x00,0x00,0x00,0x00,0x00,0x00,0x00,0x00,0x00,0x00,0x00,0x00,0x00,0x00,0x00,0x00,
0x18,0xE3,0x21,0x04,0x21,0x04,0x21,0x24,0x21,0x25,0x49,0x2C,0xCC,0xFC,0xFF,0xDF,0xEE,0x5E,0x8A,0xB6,0x41,0x0B,0x20,0x87,0x20,0x87,0x18,0x86,0x18,0x66,0x10,0x65,
0x10,0x65,0x10,0x65,0x10,0x64,0x10,0x64,0x08,0x64,0x10,0x45,0x10,0x45,0x10,0x45,0x10,0x45,0x10,0x45,0x10,0x45,0x10,0x65,0x10,0x65,0x10,0x65,0x10,0x65,0x10,0x65,
0x10,0x86,0x10,0x65,0x10,0x65,0x10,0x45,0x10,0x45,0x10,0x45,0x10,0x65,0x10,0x64,0x10,0x64,0x10,0x65,0x10,0x65,0x10,0x65,0x10,0x64,0x10,0x64,0x10,0x64,0x10,0x64,
0x10,0x44,0x10,0x64,0x10,0x45,0x10,0x45,0x10,0x64,0x10,0x64,0x10,0x65,0x10,0x64,0x10,0x65,0x18,0x86,0x10,0x65,0x10,0x64,0x10,0x65,0x10,0x65,0x10,0x65,0x10,0x65,
0x10,0x65,0x10,0x65,0x10,0x65,0x10,0x65,0x10,0x65,0x10,0x65,0x10,0x65,0x10,0x65,0x10,0x45,0x10,0x45,0x10,0x45,0x10,0x65,0x10,0x65,0x10,0x65,0x10,0x65,0x10,0x65,
0x10,0x65,0x10,0x65,0x10,0x65,0x10,0x45,0x10,0x65,0x10,0x65,0x10,0x45,0x10,0x65,0x10,0x65,0x08,0x44,0x10,0x64,0x10,0x65,0x10,0x65,0x10,0x45,0x10,0x45,0x10,0x65,
0x10,0x65,0x10,0x65,0x10,0x65,0x10,0x65,0x10,0x45,0x10,0x65,0x10,0x65,0x10,0x65,0x10,0x65,0x10,0x65,0x10,0x65,0x10,0x65,0x10,0x65,0x10,0x65,0x10,0x65,0x10,0x65,
0x10,0x65,0x10,0x45,0x10,0x45,0x10,0x65,0x10,0x65,0x10,0x65,0x10,0x65,0x10,0x45,0x10,0x45,0x10,0x45,0x10,0x65,0x10,0x65,0x10,0x65,0x10,0x65,0x10,0x65,0x10,0x65,
0x10,0x65,0x10,0x64,0x10,0x65,0x10,0x65,0x10,0x65,0x10,0x45,0x10,0x65,0x10,0x65,0x10,0x65,0x10,0x65,0x10,0x65,0x10,0x65,0x10,0x65,0x10,0x65,0x10,0x65,0x10,0x65,
0x10,0x45,0x10,0x45,0x10,0x65,0x10,0x45,0x10,0x65,0x10,0x65,0x10,0x45,0x10,0x45,0x10,0x45,0x10,0x45,0x10,0x45,0x10,0x45,0x10,0x44,0x10,0x45,0x10,0x45,0x10,0x45,
0x10,0x45,0x10,0x45,0x08,0x45,0x10,0x65,0x10,0x45,0x08,0x45,0x08,0x45,0x10,0x45,0x10,0x45,0x10,0x45,0x10,0x45,0x10,0x45,0x10,0x45,0x10,0x45,0x10,0x45,0x10,0x45,
0x10,0x65,0x10,0x65,0x10,0x65,0x10,0x45,0x10,0x45,0x10,0x45,0x10,0x45,0x10,0x45,0x10,0x65,0x10,0x65,0x10,0x65,0x10,0x65,0x10,0x65,0x10,0x45,0x10,0x45,0x10,0x45,
0x10,0x65,0x10,0x65,0x10,0x45,0x10,0x45,0x10,0x45,0x10,0x45,0x10,0x65,0x10,0x65,0x10,0x65,0x10,0x65,0x10,0x65,0x10,0x65,0x10,0x65,0x10,0x65,0x10,0x45,0x10,0x45,
0x10,0x65,0x10,0x45,0x10,0x45,0x10,0x45,0x10,0x65,0x10,0x45,0x10,0x45,0x10,0x45,0x10,0x85,0x10,0x45,0x10,0x45,0x10,0x45,0x10,0x45,0x10,0x45,0x10,0x45,0x08,0x45,
0x08,0x64,0x29,0xE7,0x08,0x64,0x10,0x45,0x10,0x45,0x10,0x64,0x10,0x44,0x10,0x45,0x10,0x45,0x10,0x64,0x10,0x45,0x10,0x44,0x10,0x64,0x10,0x65,0x10,0x64,0x10,0x64,
0x10,0x44,0x10,0x44,0x10,0x44,0x10,0x64,0x10,0x64,0x10,0x44,0x10,0x65,0x10,0x44,0x10,0x44,0x10,0x44,0x10,0x45,0x10,0x45,0x10,0x44,0x10,0x44,0x10,0x44,0x10,0x64,
0x10,0x44,0x10,0x44,0x10,0x44,0x10,0x64,0x10,0x44,0x10,0x44,0x10,0x64,0x10,0x64,0x10,0x45,0x10,0x44,0x10,0x44,0x08,0x44,0x10,0x65,0x10,0x65,0x10,0x45,0x10,0x45,
0x10,0x45,0x18,0x65,0x18,0x66,0x20,0x87,0x20,0x67,0x38,0xAB,0x82,0x56,0xE6,0x5E,0xFF,0xFF,0xDD,0x7D,0x59,0xAE,0x21,0x04,0x21,0x04,0x18,0xE3,0x21,0x03,0x10,0xC2,
0x00,0x00,0x00,0x00,0x00,0x00,0x00,0x00,0x00,0x00,0x00,0x00,0x00,0x00,0x00,0x00,0x00,0x00,0x00,0x00,0x00,0x00,0x00,0x00,0x00,0x00,0x00,0x00,0x00,0x00,0x00,0x00,
0x00,0x00,0x00,0x00,0x00,0x00,0x00,0x00,0x00,0x00,0x00,0x00,0x00,0x00,0x00,0x00,0x00,0x00,0x00,0x00,0x00,0x00,0x00,0x00,0x00,0x00,0x00,0x00,0x00,0x00,0x00,0x00,
0x18,0xE3,0x21,0x24,0x21,0x04,0x21,0x24,0x21,0x25,0x49,0x2C,0xCC,0xFC,0xFF,0xDF,0xEE,0x5E,0x8A,0xB6,0x41,0x0B,0x20,0x87,0x20,0x87,0x18,0x86,0x18,0x66,0x18,0x65,
0x10,0x65,0x10,0x65,0x10,0x65,0x10,0x64,0x10,0x64,0x10,0x44,0x10,0x45,0x10,0x45,0x10,0x45,0x10,0x65,0x10,0x45,0x10,0x45,0x10,0x45,0x10,0x65,0x10,0x65,0x10,0x65,
0x10,0x64,0x10,0x65,0x10,0x65,0x10,0x65,0x10,0x65,0x10,0x65,0x10,0x45,0x10,0x65,0x10,0x65,0x10,0x65,0x10,0x45,0x10,0x65,0x10,0x45,0x10,0x45,0x10,0x65,0x10,0x65,
0x10,0x45,0x10,0x45,0x10,0x45,0x10,0x45,0x10,0x64,0x10,0x65,0x10,0x65,0x10,0x65,0x10,0x65,0x10,0x65,0x10,0x65,0x10,0x65,0x10,0x64,0x10,0x64,0x10,0x65,0x10,0x65,
0x10,0x65,0x10,0x65,0x10,0x45,0x10,0x45,0x10,0x45,0x10,0x45,0x10,0x45,0x10,0x45,0x10,0x65,0x10,0x65,0x10,0x65,0x10,0x65,0x10,0x65,0x10,0x65,0x10,0x65,0x10,0x65,
0x10,0x65,0x10,0x65,0x10,0x65,0x10,0x65,0x18,0x86,0x10,0x65,0x10,0x65,0x10,0x65,0x10,0x65,0x18,0x86,0x10,0x65,0x10,0x65,0x10,0x65,0x10,0x85,0x10,0x45,0x10,0x65,
0x10,0x65,0x10,0x65,0x10,0x65,0x10,0x65,0x10,0x65,0x10,0x65,0x10,0x65,0x10,0x65,0x10,0x65,0x10,0x65,0x10,0x65,0x10,0x65,0x10,0x65,0x10,0x65,0x10,0x65,0x10,0x65,
0x10,0x65,0x10,0x65,0x10,0x65,0x10,0x65,0x10,0x65,0x10,0x65,0x10,0x65,0x10,0x65,0x10,0x65,0x18,0xA6,0x10,0x65,0x10,0x65,0x10,0x45,0x10,0x65,0x10,0x65,0x10,0x65,
0x10,0x65,0x10,0x65,0x10,0x65,0x10,0x65,0x10,0x65,0x10,0x65,0x10,0x65,0x10,0x45,0x10,0x65,0x10,0x65,0x10,0x65,0x10,0x65,0x10,0x45,0x10,0x65,0x10,0x64,0x10,0x45,
0x10,0x64,0x10,0x64,0x10,0x65,0x10,0x45,0x10,0x45,0x10,0x65,0x10,0x65,0x10,0x44,0x10,0x64,0x10,0x44,0x10,0x45,0x10,0x65,0x10,0x64,0x10,0x65,0x10,0x65,0x10,0x65,
0x10,0x65,0x10,0x45,0x10,0x45,0x10,0x65,0x10,0x45,0x10,0x45,0x10,0x44,0x10,0x45,0x10,0x45,0x10,0x45,0x10,0x45,0x10,0x65,0x10,0x65,0x10,0x45,0x10,0x45,0x10,0x45,
0x10,0x45,0x10,0x45,0x10,0x45,0x10,0x85,0x10,0x65,0x10,0x45,0x10,0x65,0x10,0x45,0x10,0x65,0x10,0x65,0x10,0x65,0x10,0x65,0x10,0x45,0x10,0x65,0x10,0x65,0x10,0x65,
0x10,0x65,0x10,0x65,0x10,0x86,0x10,0x65,0x10,0x45,0x10,0x65,0x10,0x65,0x10,0x65,0x10,0x65,0x10,0x65,0x10,0x65,0x10,0x65,0x10,0x65,0x10,0x45,0x10,0x65,0x10,0x65,
0x10,0x65,0x10,0x45,0x08,0x45,0x10,0x65,0x10,0x45,0x08,0x45,0x10,0x65,0x10,0x45,0x10,0x45,0x10,0x45,0x10,0x45,0x10,0x45,0x10,0x45,0x10,0x45,0x10,0x45,0x10,0x45,
0x08,0x64,0x29,0xE7,0x08,0x64,0x18,0x86,0x10,0x45,0x10,0x45,0x10,0x45,0x10,0x45,0x10,0x85,0x10,0x65,0x10,0x45,0x10,0x45,0x10,0x45,0x10,0x45,0x10,0x45,0x10,0x45,
0x10,0x45,0x10,0x45,0x10,0x45,0x10,0x45,0x10,0x45,0x10,0x65,0x10,0x45,0x10,0x45,0x10,0x45,0x10,0x45,0x10,0x45,0x10,0x45,0x10,0x45,0x10,0x45,0x10,0x45,0x10,0x65,
0x10,0x44,0x10,0x65,0x10,0x44,0x10,0x45,0x10,0x65,0x10,0x44,0x10,0x44,0x10,0x44,0x10,0x64,0x10,0x44,0x10,0x44,0x10,0x44,0x10,0x65,0x10,0x65,0x10,0x44,0x10,0x65,
0x10,0x65,0x18,0x66,0x18,0x66,0x20,0x67,0x20,0x67,0x38,0xAB,0x82,0x56,0xEE,0x5E,0xFF,0xDF,0xDD,0x7D,0x59,0xAE,0x21,0x25,0x21,0x24,0x21,0x03,0x21,0x03,0x10,0xA2,
0x00,0x00,0x00,0x00,0x00,0x00,0x00,0x00,0x00,0x00,0x00,0x00,0x00,0x00,0x00,0x00,0x00,0x00,0x00,0x00,0x00,0x00,0x00,0x00,0x00,0x00,0x00,0x00,0x00,0x00,0x00,0x00,
0x00,0x00,0x00,0x00,0x00,0x00,0x00,0x00,0x00,0x00,0x00,0x00,0x00,0x00,0x00,0x00,0x00,0x00,0x00,0x00,0x00,0x00,0x00,0x00,0x00,0x00,0x00,0x00,0x00,0x00,0x00,0x00,
0x18,0xE3,0x21,0x24,0x21,0x04,0x29,0x44,0x29,0x45,0x49,0x2C,0xCD,0x1C,0xFF,0xDF,0xEE,0x5E,0x92,0xD6,0x41,0x0B,0x20,0x87,0x20,0x87,0x20,0x86,0x18,0x66,0x18,0x66,
0x10,0x65,0x10,0x65,0x10,0x65,0x10,0x65,0x10,0x65,0x10,0x65,0x10,0x45,0x10,0x45,0x10,0x45,0x10,0x45,0x10,0x45,0x10,0x45,0x10,0x65,0x10,0x65,0x10,0x65,0x10,0x65,
0x10,0x65,0x10,0x65,0x10,0x65,0x10,0x65,0x10,0x65,0x10,0x65,0x10,0x65,0x10,0x65,0x10,0x65,0x10,0x65,0x10,0x65,0x10,0x45,0x10,0x45,0x10,0x45,0x10,0x45,0x10,0x45,
0x10,0x45,0x10,0x65,0x10,0x65,0x10,0x64,0x10,0x64,0x10,0x64,0x10,0x64,0x10,0x65,0x10,0x65,0x10,0x65,0x10,0x65,0x10,0x65,0x10,0x85,0x10,0x65,0x10,0x65,0x10,0x65,
0x10,0x65,0x10,0x65,0x10,0x45,0x10,0x45,0x10,0x45,0x10,0x65,0x10,0x65,0x10,0x65,0x10,0x65,0x10,0x65,0x10,0x65,0x10,0x65,0x10,0x65,0x10,0x65,0x10,0x65,0x10,0x65,
0x10,0x65,0x10,0x65,0x10,0x65,0x10,0x65,0x10,0x65,0x10,0x65,0x10,0x65,0x10,0x65,0x10,0x65,0x18,0xA6,0x10,0x66,0x10,0x65,0x10,0x65,0x10,0x85,0x10,0x65,0x10,0x65,
0x10,0x65,0x10,0x65,0x10,0x65,0x10,0x65,0x10,0x65,0x10,0x65,0x10,0x65,0x10,0x65,0x10,0x65,0x10,0x65,0x10,0x65,0x10,0x65,0x10,0x65,0x10,0x65,0x10,0x65,0x10,0x65,
0x10,0x65,0x10,0x65,0x10,0x65,0x10,0x65,0x18,0xA6,0x10,0x65,0x10,0x65,0x10,0x65,0x10,0x66,0x10,0x86,0x10,0x65,0x10,0x65,0x10,0x65,0x10,0x65,0x10,0x85,0x10,0x65,
0x10,0x65,0x10,0x65,0x10,0x65,0x10,0x65,0x10,0x65,0x10,0x65,0x10,0x65,0x10,0x65,0x10,0x65,0x10,0x65,0x10,0x45,0x10,0x45,0x10,0x45,0x10,0x65,0x10,0x65,0x10,0x65,
0x10,0x65,0x10,0x65,0x10,0x65,0x10,0x65,0x10,0x65,0x10,0x65,0x10,0x65,0x10,0x65,0x10,0x65,0x10,0x45,0x10,0x65,0x10,0x65,0x10,0x65,0x10,0x65,0x10,0x65,0x10,0x65,
0x10,0x65,0x10,0x65,0x10,0x65,0x10,0x65,0x10,0x45,0x10,0x65,0x10,0x65,0x10,0x65,0x10,0x65,0x10,0x65,0x10,0x65,0x10,0x65,0x10,0x65,0x10,0x65,0x10,0x65,0x10,0x65,
0x10,0x65,0x10,0x65,0x10,0x65,0x10,0x65,0x10,0x65,0x10,0x65,0x10,0x45,0x10,0x65,0x10,0x65,0x10,0x65,0x10,0x65,0x10,0x65,0x10,0x65,0x10,0x65,0x10,0x65,0x10,0x65,
0x10,0x65,0x10,0x65,0x10,0x65,0x10,0x65,0x10,0x65,0x10,0x65,0x10,0x65,0x10,0x65,0x10,0x65,0x10,0x65,0x10,0x65,0x10,0x65,0x10,0x65,0x10,0x65,0x10,0x66,0x10,0x65,
0x10,0x65,0x10,0x65,0x10,0x65,0x10,0x65,0x10,0x65,0x08,0x65,0x10,0x45,0x10,0x45,0x10,0x65,0x10,0x65,0x10,0x65,0x10,0x65,0x10,0x45,0x10,0x45,0x10,0x65,0x10,0x45,
0x10,0x64,0x2A,0x07,0x08,0x65,0x10,0x45,0x10,0x45,0x10,0x45,0x10,0x45,0x10,0x65,0x10,0x65,0x10,0x45,0x10,0x45,0x10,0x65,0x10,0x45,0x10,0x65,0x10,0x65,0x10,0x45,
0x10,0x45,0x10,0x65,0x10,0x65,0x10,0x65,0x10,0x65,0x10,0x65,0x10,0x65,0x10,0x65,0x10,0x45,0x10,0x45,0x10,0x45,0x10,0x45,0x10,0x45,0x10,0x65,0x10,0x65,0x10,0x65,
0x10,0x65,0x10,0x65,0x10,0x65,0x10,0x65,0x10,0x65,0x10,0x45,0x10,0x45,0x10,0x65,0x10,0x45,0x10,0x64,0x10,0x45,0x10,0x44,0x10,0x44,0x10,0x45,0x10,0x65,0x10,0x65,
0x10,0x65,0x18,0x66,0x18,0x66,0x20,0x67,0x20,0x67,0x38,0xCB,0x82,0x76,0xE6,0x5E,0xFF,0xDF,0xDD,0x7D,0x59,0xAE,0x21,0x25,0x21,0x24,0x21,0x04,0x21,0x04,0x18,0xC3,
0x00,0x00,0x00,0x00,0x00,0x00,0x00,0x00,0x00,0x00,0x00,0x00,0x00,0x00,0x00,0x00,0x00,0x00,0x00,0x00,0x00,0x00,0x00,0x00,0x00,0x00,0x00,0x00,0x00,0x00,0x00,0x00,
0x00,0x00,0x00,0x00,0x00,0x00,0x00,0x00,0x00,0x00,0x00,0x00,0x00,0x00,0x00,0x00,0x00,0x00,0x00,0x00,0x00,0x00,0x00,0x00,0x00,0x00,0x00,0x00,0x00,0x00,0x00,0x00,
0x18,0xE3,0x21,0x24,0x21,0x24,0x29,0x45,0x29,0x45,0x49,0x2C,0xCD,0x1C,0xFF,0xDF,0xEE,0x5E,0x8A,0xB6,0x41,0x0C,0x20,0x87,0x20,0xA7,0x20,0x86,0x18,0x86,0x18,0x66,
0x10,0x65,0x10,0x65,0x10,0x65,0x10,0x45,0x10,0x45,0x10,0x65,0x10,0x65,0x10,0x45,0x10,0x45,0x10,0x45,0x10,0x65,0x10,0x65,0x10,0x65,0x10,0x65,0x10,0x65,0x10,0x65,
0x10,0x65,0x10,0x65,0x10,0x65,0x10,0x65,0x10,0x65,0x10,0x65,0x10,0x65,0x10,0x65,0x10,0x65,0x10,0x65,0x10,0x65,0x10,0x45,0x10,0x65,0x10,0x65,0x10,0x65,0x10,0x65,
0x10,0x65,0x10,0x65,0x10,0x65,0x10,0x65,0x10,0x65,0x10,0x65,0x10,0x65,0x10,0x65,0x10,0x65,0x10,0x65,0x10,0x65,0x10,0x45,0x18,0x86,0x10,0x65,0x10,0x65,0x10,0x65,
0x10,0x65,0x10,0x65,0x10,0x65,0x10,0x65,0x10,0x65,0x10,0x65,0x10,0x65,0x10,0x65,0x10,0x65,0x10,0x65,0x10,0x65,0x10,0x65,0x10,0x65,0x10,0x65,0x10,0x65,0x10,0x65,
0x10,0x65,0x10,0x65,0x10,0x65,0x10,0x65,0x10,0x65,0x10,0x65,0x10,0x65,0x10,0x65,0x10,0x65,0x10,0x65,0x10,0x65,0x10,0x85,0x10,0x65,0x10,0x65,0x10,0x65,0x10,0x66,
0x10,0x65,0x10,0x65,0x10,0x65,0x10,0x65,0x10,0x65,0x10,0x65,0x10,0x66,0x10,0x66,0x10,0x66,0x10,0x66,0x10,0x66,0x10,0x66,0x10,0x66,0x10,0x66,0x10,0x65,0x10,0x65,
0x10,0x65,0x10,0x65,0x10,0x65,0x10,0x66,0x10,0x65,0x10,0x66,0x10,0x66,0x10,0x66,0x10,0x86,0x10,0x66,0x10,0x86,0x10,0x86,0x10,0x86,0x10,0x65,0x10,0x65,0x10,0x65,
0x10,0x66,0x10,0x65,0x10,0x65,0x10,0x65,0x10,0x65,0x10,0x65,0x10,0x65,0x10,0x65,0x10,0x65,0x10,0x65,0x10,0x65,0x10,0x65,0x10,0x65,0x10,0x65,0x10,0x65,0x10,0x65,
0x10,0x65,0x10,0x65,0x10,0x65,0x10,0x65,0x10,0x65,0x10,0x65,0x10,0x65,0x10,0x65,0x10,0x65,0x10,0x65,0x10,0x65,0x10,0x65,0x10,0x65,0x10,0x65,0x10,0x65,0x10,0x65,
0x10,0x65,0x10,0x65,0x10,0x65,0x10,0x65,0x10,0x65,0x10,0x65,0x10,0x65,0x10,0x65,0x10,0x65,0x10,0x65,0x10,0x65,0x10,0x65,0x10,0x65,0x10,0x65,0x10,0x65,0x10,0x65,
0x10,0x66,0x10,0x66,0x10,0x65,0x10,0x65,0x10,0x85,0x10,0x65,0x10,0x86,0x10,0x65,0x10,0x66,0x10,0x65,0x10,0x65,0x10,0x65,0x10,0x86,0x10,0x65,0x10,0x66,0x10,0x66,
0x10,0x66,0x10,0x66,0x10,0x66,0x10,0x65,0x10,0x65,0x10,0x66,0x10,0x65,0x10,0x65,0x10,0x65,0x10,0x66,0x10,0x65,0x10,0x66,0x10,0x65,0x10,0x65,0x10,0x65,0x10,0x65,
0x10,0x65,0x10,0x65,0x10,0x65,0x10,0x65,0x10,0x65,0x10,0x65,0x10,0x65,0x10,0x65,0x10,0x65,0x10,0x65,0x10,0x65,0x10,0x45,0x10,0x45,0x10,0x45,0x10,0x45,0x10,0x45,
0x10,0x65,0x2A,0x07,0x08,0x65,0x10,0x45,0x10,0x65,0x10,0x45,0x10,0x65,0x10,0x65,0x10,0x45,0x10,0x65,0x10,0x65,0x10,0x65,0x10,0x65,0x10,0x65,0x10,0x65,0x10,0x45,
0x10,0x65,0x10,0x65,0x10,0x65,0x10,0x65,0x10,0x65,0x10,0x65,0x10,0x65,0x10,0x45,0x10,0x45,0x10,0x45,0x10,0x45,0x18,0xA6,0x10,0x65,0x10,0x45,0x10,0x65,0x10,0x65,
0x10,0x45,0x10,0x65,0x10,0x45,0x10,0x65,0x10,0x65,0x10,0x65,0x10,0x45,0x10,0x45,0x10,0x45,0x10,0x65,0x10,0x45,0x10,0x45,0x10,0x45,0x10,0x45,0x10,0x65,0x10,0x45,
0x18,0x65,0x18,0x66,0x18,0x66,0x20,0x67,0x20,0x67,0x38,0xCB,0x82,0x56,0xE6,0x5E,0xFF,0xDF,0xDD,0x9D,0x59,0xAF,0x21,0x25,0x21,0x24,0x21,0x04,0x21,0x04,0x18,0xC3,
0x00,0x00,0x00,0x00,0x00,0x00,0x00,0x00,0x00,0x00,0x00,0x00,0x00,0x00,0x00,0x00,0x00,0x00,0x00,0x00,0x00,0x00,0x00,0x00,0x00,0x00,0x00,0x00,0x00,0x00,0x00,0x00,
0x00,0x00,0x00,0x00,0x00,0x00,0x00,0x00,0x00,0x00,0x00,0x00,0x00,0x00,0x00,0x00,0x00,0x00,0x00,0x00,0x00,0x00,0x00,0x00,0x00,0x00,0x00,0x00,0x00,0x00,0x00,0x00,
0x18,0xE3,0x21,0x24,0x21,0x24,0x29,0x45,0x29,0x45,0x49,0x2C,0xCD,0x1C,0xFF,0xDF,0xEE,0x5E,0x8A,0xB6,0x41,0x0C,0x20,0x87,0x20,0x87,0x20,0x87,0x18,0x86,0x18,0x66,
0x18,0x65,0x10,0x65,0x10,0x65,0x10,0x65,0x10,0x45,0x10,0x65,0x10,0x65,0x10,0x65,0x10,0x65,0x10,0x65,0x10,0x65,0x10,0x65,0x10,0x65,0x10,0x65,0x10,0x65,0x10,0x65,
0x10,0x65,0x10,0x65,0x10,0x65,0x10,0x65,0x10,0x65,0x10,0x65,0x10,0x65,0x10,0x65,0x10,0x65,0x10,0x65,0x10,0x45,0x10,0x65,0x10,0x65,0x10,0x65,0x10,0x65,0x10,0x45,
0x10,0x65,0x10,0x65,0x10,0x65,0x10,0x65,0x10,0x65,0x10,0x65,0x10,0x65,0x10,0x65,0x10,0x65,0x10,0x65,0x10,0x65,0x10,0x65,0x10,0x65,0x10,0x65,0x10,0x65,0x10,0x65,
0x10,0x65,0x10,0x45,0x10,0x65,0x10,0x65,0x10,0x65,0x10,0x65,0x10,0x65,0x10,0x65,0x18,0x86,0x10,0x45,0x10,0x65,0x10,0x65,0x10,0x66,0x10,0x86,0x10,0x85,0x10,0x65,
0x10,0x65,0x10,0x65,0x10,0x65,0x10,0x85,0x10,0x86,0x10,0x65,0x10,0x66,0x10,0x66,0x10,0x66,0x10,0x86,0x10,0x86,0x10,0x86,0x10,0x86,0x10,0x86,0x10,0x86,0x10,0x65,
0x10,0x66,0x10,0x66,0x10,0x86,0x10,0x86,0x10,0x86,0x10,0x86,0x10,0x86,0x10,0x86,0x10,0x86,0x10,0x86,0x10,0x86,0x10,0x86,0x10,0x86,0x10,0x66,0x10,0x66,0x10,0x66,
0x10,0x66,0x10,0x66,0x10,0x66,0x10,0x66,0x10,0x86,0x10,0x86,0x10,0x86,0x10,0x86,0x10,0x86,0x10,0x86,0x18,0x86,0x10,0x86,0x10,0x86,0x18,0x86,0x18,0x86,0x10,0x86,
0x10,0x66,0x10,0x66,0x10,0x66,0x10,0x66,0x10,0x66,0x10,0x86,0x10,0x85,0x10,0x86,0x18,0x86,0x10,0x65,0x10,0x66,0x10,0x65,0x10,0x65,0x10,0x66,0x10,0x66,0x10,0x85,
0x10,0x65,0x10,0x65,0x10,0x86,0x10,0x65,0x10,0x65,0x10,0x65,0x10,0x65,0x10,0x65,0x10,0x65,0x10,0x86,0x10,0x86,0x10,0x65,0x10,0x66,0x10,0x65,0x10,0x65,0x10,0x66,
0x10,0x66,0x10,0x66,0x10,0x86,0x10,0x86,0x10,0x66,0x10,0x66,0x10,0x86,0x10,0x86,0x10,0x66,0x10,0x86,0x10,0x86,0x10,0x86,0x10,0x86,0x10,0x86,0x10,0x66,0x10,0x86,
0x10,0x86,0x10,0x86,0x10,0x86,0x10,0x86,0x10,0x86,0x10,0x86,0x18,0x86,0x10,0x86,0x10,0x86,0x10,0x86,0x10,0x86,0x10,0x86,0x10,0x86,0x10,0x86,0x10,0x86,0x10,0x86,
0x10,0x86,0x10,0x86,0x10,0x86,0x10,0x86,0x10,0x86,0x10,0x86,0x10,0x86,0x10,0x86,0x10,0x86,0x18,0xA6,0x10,0x86,0x10,0x86,0x10,0x86,0x10,0x86,0x10,0x86,0x10,0x86,
0x10,0x86,0x10,0x86,0x10,0x66,0x10,0x66,0x10,0x66,0x10,0x65,0x10,0x65,0x10,0x65,0x10,0x65,0x10,0x65,0x10,0x45,0x10,0x45,0x10,0x45,0x10,0x45,0x10,0x45,0x10,0x45,
0x10,0x65,0x2A,0x08,0x10,0x64,0x10,0x45,0x10,0x65,0x10,0x45,0x10,0x65,0x10,0x65,0x10,0x65,0x10,0x65,0x10,0x65,0x10,0x65,0x10,0x65,0x10,0x65,0x10,0x65,0x10,0x65,
0x10,0x65,0x10,0x65,0x10,0x65,0x10,0x45,0x10,0x65,0x10,0x45,0x10,0x45,0x10,0x45,0x10,0x45,0x10,0x65,0x10,0x45,0x10,0x65,0x10,0x45,0x10,0x65,0x10,0x65,0x10,0x65,
0x10,0x45,0x10,0x65,0x10,0x65,0x10,0x45,0x10,0x65,0x18,0x86,0x10,0x45,0x10,0x45,0x10,0x45,0x10,0x65,0x10,0x45,0x10,0x45,0x10,0x45,0x10,0x45,0x10,0x45,0x10,0x65,
0x18,0x66,0x18,0x66,0x18,0x66,0x20,0x67,0x20,0x67,0x38,0xCB,0x82,0x56,0xEE,0x5E,0xFF,0xDF,0xDD,0x9D,0x59,0xAE,0x21,0x25,0x21,0x24,0x21,0x04,0x21,0x04,0x18,0xC3,
0x00,0x00,0x00,0x00,0x00,0x00,0x00,0x00,0x00,0x00,0x00,0x00,0x00,0x00,0x00,0x00,0x00,0x00,0x00,0x00,0x00,0x00,0x00,0x00,0x00,0x00,0x00,0x00,0x00,0x00,0x00,0x00,
0x00,0x00,0x00,0x00,0x00,0x00,0x00,0x00,0x00,0x00,0x00,0x00,0x00,0x00,0x00,0x00,0x00,0x00,0x00,0x00,0x00,0x00,0x00,0x00,0x00,0x00,0x00,0x00,0x00,0x00,0x00,0x00,
0x21,0x03,0x21,0x24,0x21,0x24,0x29,0x45,0x29,0x45,0x49,0x2C,0xCD,0x1C,0xFF,0xDF,0xEE,0x5E,0x8A,0xB6,0x41,0x0C,0x20,0x87,0x20,0xA7,0x20,0x87,0x18,0x86,0x18,0x66,
0x18,0x66,0x10,0x65,0x10,0x65,0x10,0x65,0x10,0x65,0x10,0x65,0x10,0x65,0x10,0x65,0x10,0x65,0x10,0x65,0x10,0x65,0x10,0x65,0x10,0x65,0x10,0x65,0x10,0x65,0x10,0x65,
0x10,0x65,0x10,0x65,0x10,0x65,0x10,0x65,0x10,0x65,0x10,0x65,0x10,0x65,0x10,0x65,0x10,0x65,0x10,0x65,0x10,0x65,0x10,0x65,0x10,0x65,0x10,0x65,0x10,0x65,0x10,0x65,
0x10,0x65,0x10,0x65,0x10,0x65,0x10,0x65,0x10,0x65,0x10,0x65,0x10,0x65,0x10,0x65,0x10,0x65,0x10,0x65,0x10,0x65,0x10,0x65,0x10,0x65,0x10,0x65,0x10,0x65,0x10,0x65,
0x10,0x45,0x10,0x65,0x10,0x65,0x10,0x65,0x10,0x65,0x10,0x65,0x10,0x65,0x10,0x65,0x10,0x65,0x10,0x65,0x10,0x65,0x10,0x65,0x18,0x86,0x18,0x86,0x10,0x86,0x10,0x65,
0x10,0x86,0x10,0x86,0x10,0x86,0x10,0x86,0x10,0x86,0x10,0x66,0x10,0x86,0x10,0x66,0x10,0x86,0x10,0x86,0x10,0x86,0x10,0x86,0x10,0x86,0x10,0x86,0x10,0x86,0x10,0x86,
0x10,0x86,0x10,0x86,0x10,0xA6,0x18,0xA6,0x18,0xA7,0x18,0xA7,0x10,0xA7,0x18,0xA7,0x18,0xA7,0x18,0xA7,0x18,0xA7,0x10,0xA6,0x10,0xA6,0x18,0xA7,0x18,0xA6,0x10,0x86,
0x10,0x86,0x18,0x86,0x10,0x86,0x10,0x86,0x10,0x87,0x18,0xA7,0x18,0xA7,0x18,0xA7,0x18,0xA7,0x18,0xA7,0x18,0xA7,0x18,0xA7,0x18,0xA7,0x18,0xC8,0x18,0xC7,0x10,0x86,
0x18,0x86,0x18,0x86,0x18,0x86,0x10,0x86,0x10,0x86,0x10,0x86,0x10,0x86,0x10,0x86,0x10,0x86,0x10,0x66,0x10,0x66,0x10,0x66,0x10,0x66,0x18,0x86,0x10,0x86,0x10,0x86,
0x10,0x86,0x10,0x86,0x10,0x86,0x10,0x86,0x10,0x66,0x10,0x66,0x10,0x65,0x10,0x65,0x10,0x65,0x10,0x65,0x10,0x86,0x10,0x65,0x10,0x66,0x10,0x66,0x10,0x86,0x18,0x86,
0x18,0x86,0x18,0x86,0x18,0xA6,0x18,0xA6,0x18,0xA6,0x18,0xA6,0x18,0xA6,0x18,0xC7,0x18,0xA6,0x18,0x86,0x18,0xA6,0x18,0xA6,0x18,0x86,0x18,0x86,0x18,0x86,0x10,0x86,
0x10,0x86,0x18,0x86,0x18,0x86,0x18,0x86,0x18,0xC7,0x18,0xC7,0x10,0xA6,0x18,0xA6,0x18,0xA7,0x10,0xA7,0x10,0xA7,0x18,0xA7,0x10,0xA7,0x10,0xA7,0x18,0xA7,0x18,0xA7,
0x10,0xA7,0x18,0xA7,0x18,0xA7,0x10,0xC7,0x18,0xA7,0x18,0xA7,0x18,0xA7,0x18,0xA7,0x10,0xA7,0x10,0xA7,0x10,0xA7,0x10,0xA7,0x10,0xA7,0x10,0xA7,0x10,0xA7,0x10,0xA7,
0x18,0xA7,0x18,0xA7,0x18,0x86,0x18,0xA7,0x10,0x86,0x10,0x86,0x10,0x66,0x10,0x65,0x10,0x65,0x10,0x65,0x10,0x65,0x10,0x65,0x10,0x65,0x10,0x65,0x10,0x65,0x10,0x45,
0x10,0x65,0x2A,0x28,0x10,0x65,0x10,0x65,0x10,0x65,0x10,0x65,0x10,0x65,0x10,0x65,0x10,0x65,0x10,0x65,0x10,0x65,0x10,0x65,0x18,0xA6,0x10,0x85,0x10,0x65,0x10,0x65,
0x10,0x65,0x10,0x65,0x10,0x65,0x10,0x65,0x10,0x65,0x10,0x65,0x10,0x65,0x10,0x65,0x10,0x65,0x10,0x65,0x10,0x65,0x10,0x65,0x10,0x65,0x10,0x65,0x10,0x65,0x10,0x65,
0x10,0x65,0x10,0x65,0x10,0x65,0x10,0x65,0x10,0x65,0x10,0x65,0x10,0x65,0x10,0x65,0x10,0x65,0x10,0x65,0x10,0x45,0x10,0x65,0x10,0x45,0x10,0x45,0x10,0x45,0x10,0x65,
0x18,0x66,0x18,0x66,0x20,0x67,0x20,0x87,0x20,0x87,0x38,0xCB,0x82,0x76,0xE6,0x5E,0xFF,0xDF,0xDD,0x7D,0x59,0xAE,0x21,0x25,0x21,0x24,0x21,0x04,0x21,0x04,0x18,0xC3,
0x00,0x00,0x00,0x00,0x00,0x00,0x00,0x00,0x00,0x00,0x00,0x00,0x00,0x00,0x00,0x00,0x00,0x00,0x00,0x00,0x00,0x00,0x00,0x00,0x00,0x00,0x00,0x00,0x00,0x00,0x00,0x00,
0x00,0x00,0x00,0x00,0x00,0x00,0x00,0x00,0x00,0x00,0x00,0x00,0x00,0x00,0x00,0x00,0x00,0x00,0x00,0x00,0x00,0x00,0x00,0x00,0x00,0x00,0x00,0x00,0x00,0x00,0x00,0x00,
0x21,0x03,0x29,0x44,0x21,0x24,0x29,0x45,0x29,0x45,0x49,0x4C,0xCD,0x1C,0xFF,0xDF,0xEE,0x5E,0x8A,0xD6,0x41,0x0B,0x20,0x88,0x20,0xA8,0x20,0x87,0x18,0x66,0x18,0x66,
0x18,0x66,0x18,0x66,0x10,0x66,0x10,0x45,0x10,0x65,0x10,0x65,0x10,0x65,0x10,0x65,0x10,0x65,0x10,0x65,0x10,0x65,0x10,0x65,0x10,0x65,0x10,0x65,0x10,0x65,0x10,0x65,
0x10,0x65,0x10,0x66,0x10,0x66,0x10,0x65,0x10,0x65,0x10,0x65,0x10,0x65,0x10,0x65,0x10,0x65,0x10,0x65,0x10,0x65,0x10,0x65,0x10,0x65,0x10,0x65,0x10,0x65,0x10,0x65,
0x10,0x65,0x10,0x65,0x10,0x86,0x10,0x65,0x10,0x65,0x10,0x65,0x10,0x65,0x10,0x65,0x10,0x65,0x10,0x65,0x10,0x65,0x10,0x65,0x10,0x65,0x10,0x65,0x10,0x65,0x10,0x65,
0x10,0x65,0x10,0x65,0x10,0x65,0x10,0x65,0x10,0x65,0x10,0x65,0x10,0x65,0x10,0x65,0x10,0x65,0x10,0x65,0x10,0x65,0x10,0x65,0x10,0x65,0x10,0x65,0x10,0x86,0x10,0x66,
0x18,0xA6,0x10,0x86,0x10,0x86,0x18,0xA7,0x18,0xA7,0x18,0xA7,0x18,0x87,0x18,0x86,0x18,0x86,0x18,0x86,0x18,0x86,0x18,0xA6,0x18,0xA6,0x18,0xA7,0x18,0xC7,0x18,0xC7,
0x18,0xC7,0x18,0xC7,0x18,0xC7,0x18,0xE8,0x18,0xE8,0x18,0xE8,0x19,0x08,0x18,0xE8,0x18,0xE8,0x18,0xE8,0x18,0xE8,0x19,0x08,0x21,0x29,0x18,0xE8,0x18,0xE8,0x18,0xE7,
0x18,0xC7,0x18,0xC7,0x18,0xA7,0x18,0xC8,0x18,0xC8,0x18,0xC7,0x18,0xC8,0x18,0xE8,0x18,0xE8,0x18,0xE8,0x21,0x08,0x21,0x08,0x18,0xE8,0x18,0xE8,0x18,0xE8,0x18,0xC7,
0x18,0xA7,0x18,0xA7,0x18,0xA7,0x18,0xA7,0x18,0xA7,0x18,0xA7,0x18,0xC7,0x18,0xA7,0x18,0xA6,0x18,0x86,0x10,0x86,0x10,0x87,0x18,0xA7,0x10,0x86,0x10,0x86,0x18,0x86,
0x18,0xA7,0x18,0xC7,0x18,0xA6,0x18,0xC7,0x10,0x86,0x10,0x86,0x10,0x66,0x10,0x66,0x10,0x66,0x10,0x66,0x10,0x66,0x10,0x66,0x10,0x66,0x10,0x86,0x18,0x86,0x18,0xA7,
0x18,0xC7,0x18,0xE7,0x18,0xE8,0x18,0xE8,0x18,0xE7,0x18,0xE8,0x18,0xE8,0x18,0xE8,0x18,0xE8,0x18,0xE8,0x18,0xE8,0x18,0xE7,0x18,0xA7,0x18,0xC7,0x18,0xA7,0x18,0xC7,
0x18,0xC7,0x18,0xC7,0x18,0xC8,0x18,0xE8,0x18,0xC8,0x18,0xE8,0x18,0xE8,0x18,0xE8,0x18,0xE8,0x18,0xE8,0x18,0xE8,0x18,0xE8,0x19,0x08,0x18,0xE8,0x18,0xE8,0x18,0xE8,
0x19,0x08,0x19,0x08,0x19,0x08,0x19,0x08,0x18,0xE8,0x18,0xE8,0x18,0xE8,0x18,0xE8,0x18,0xE8,0x19,0x08,0x18,0xE8,0x18,0xE8,0x18,0xE8,0x18,0xE8,0x18,0xE8,0x18,0xE8,
0x18,0xE8,0x39,0xAB,0x29,0x29,0x29,0x29,0x10,0x87,0x10,0x86,0x10,0x86,0x10,0x66,0x10,0x65,0x10,0x65,0x10,0x65,0x10,0x65,0x10,0x65,0x10,0x65,0x10,0x65,0x10,0x45,
0x10,0x65,0x2A,0x28,0x10,0x65,0x10,0x65,0x10,0x65,0x10,0x65,0x10,0x65,0x10,0x65,0x10,0x65,0x10,0x65,0x10,0x65,0x10,0x65,0x10,0x65,0x10,0x65,0x10,0x65,0x10,0x65,
0x10,0x65,0x10,0x65,0x10,0x65,0x10,0x65,0x10,0x65,0x10,0x65,0x10,0x65,0x10,0x65,0x10,0x65,0x10,0x65,0x10,0x65,0x10,0x65,0x10,0x66,0x10,0x65,0x10,0x65,0x10,0x65,
0x10,0x65,0x10,0x65,0x10,0x65,0x10,0x65,0x10,0x65,0x10,0x65,0x10,0x65,0x10,0x65,0x10,0x65,0x10,0x45,0x10,0x65,0x10,0x65,0x10,0x45,0x10,0x45,0x10,0x65,0x10,0x65,
0x18,0x66,0x18,0x66,0x20,0x67,0x20,0x87,0x20,0x67,0x38,0xCB,0x82,0x56,0xE6,0x3E,0xFF,0xDF,0xDD,0x7D,0x59,0xAE,0x21,0x25,0x21,0x24,0x21,0x04,0x21,0x24,0x18,0xC3,
0x00,0x00,0x00,0x00,0x00,0x00,0x00,0x00,0x00,0x00,0x00,0x00,0x00,0x00,0x00,0x00,0x00,0x00,0x00,0x00,0x00,0x00,0x00,0x00,0x00,0x00,0x00,0x00,0x00,0x00,0x00,0x00,
0x00,0x00,0x00,0x00,0x00,0x00,0x00,0x00,0x00,0x00,0x00,0x00,0x00,0x00,0x00,0x00,0x00,0x00,0x00,0x00,0x00,0x00,0x00,0x00,0x00,0x00,0x00,0x00,0x00,0x00,0x00,0x00,
0x21,0x04,0x29,0x44,0x21,0x24,0x29,0x45,0x29,0x45,0x49,0x4C,0xCD,0x1C,0xFF,0xDF,0xEE,0x5E,0x8A,0xD6,0x41,0x0C,0x28,0x87,0x20,0xA8,0x20,0x87,0x18,0x66,0x18,0x86,
0x18,0x66,0x18,0x66,0x10,0x65,0x10,0x65,0x10,0x65,0x10,0x65,0x10,0x65,0x10,0x65,0x10,0x65,0x10,0x65,0x10,0x65,0x10,0x65,0x10,0x65,0x10,0x65,0x10,0x65,0x10,0x65,
0x10,0x65,0x10,0x86,0x20,0xC6,0x18,0xC6,0x10,0x65,0x10,0x66,0x10,0x66,0x10,0x65,0x10,0x65,0x10,0x66,0x10,0x66,0x10,0x65,0x10,0x66,0x10,0x65,0x10,0x65,0x10,0x65,
0x10,0x65,0x10,0x65,0x10,0x66,0x18,0x86,0x10,0x66,0x10,0x66,0x10,0x66,0x10,0x65,0x10,0x65,0x10,0x65,0x10,0x65,0x10,0x65,0x10,0x65,0x10,0x85,0x10,0x65,0x10,0x65,
0x10,0x66,0x10,0x66,0x10,0x66,0x10,0x65,0x10,0x65,0x10,0x66,0x10,0x66,0x10,0x66,0x10,0x65,0x10,0x66,0x10,0x66,0x10,0x65,0x10,0x66,0x10,0x66,0x10,0x86,0x10,0x86,
0x10,0xA7,0x10,0xA7,0x19,0x49,0x10,0xA7,0x18,0xE8,0x18,0xC8,0x18,0xC7,0x18,0xA7,0x18,0xA7,0x18,0xA7,0x18,0xA7,0x18,0xA7,0x18,0xC7,0x18,0xC7,0x10,0x87,0x18,0xE8,
0x10,0xC7,0x10,0xC7,0x19,0x08,0x10,0xC8,0x10,0xC8,0x10,0xE8,0x10,0xE8,0x10,0xE8,0x10,0xE8,0x10,0xC7,0x10,0xC7,0x10,0xE8,0x10,0xC8,0x10,0xC7,0x10,0xC7,0x10,0xC7,
0x10,0xA7,0x10,0xC7,0x18,0xE8,0x18,0xE8,0x18,0xE8,0x18,0xE8,0x19,0x29,0x10,0xE8,0x10,0xE8,0x10,0xE8,0x10,0xE8,0x10,0xC7,0x10,0xC7,0x10,0xC7,0x10,0xC7,0x19,0x09,
0x18,0xE8,0x18,0xE8,0x18,0xC8,0x18,0xC8,0x19,0x08,0x11,0x29,0x10,0xC8,0x18,0xE8,0x18,0xC7,0x18,0xC7,0x18,0xA7,0x18,0xA7,0x18,0xA7,0x18,0xA7,0x18,0xA7,0x18,0xC7,
0x10,0x86,0x10,0x86,0x18,0xC7,0x10,0x86,0x18,0xA7,0x18,0xA6,0x10,0x86,0x10,0x66,0x10,0x66,0x10,0x86,0x10,0x86,0x10,0x66,0x18,0x86,0x18,0xA7,0x18,0xA7,0x10,0x87,
0x10,0xA7,0x10,0xC7,0x10,0xC7,0x10,0xC7,0x10,0xC7,0x10,0xE8,0x10,0xE8,0x11,0x08,0x10,0xE8,0x10,0xE8,0x10,0xC8,0x19,0x08,0x19,0x08,0x18,0xE8,0x18,0xE8,0x18,0xE8,
0x10,0x87,0x18,0xC7,0x18,0xE8,0x10,0xA7,0x19,0x09,0x18,0xE8,0x10,0xC8,0x10,0xE8,0x10,0xC8,0x10,0xC8,0x10,0xE7,0x10,0xE8,0x10,0xE8,0x10,0xC8,0x10,0xC8,0x10,0xE8,
0x10,0xE8,0x10,0xE8,0x10,0xE8,0x10,0xE8,0x19,0x29,0x19,0x09,0x10,0xC8,0x10,0xE8,0x10,0xC8,0x10,0xC7,0x08,0xC8,0x08,0xC8,0x10,0xC8,0x10,0xC8,0x10,0xC8,0x10,0xC8,
0x10,0xC8,0x10,0xC8,0x10,0xA8,0x10,0x87,0x18,0xC7,0x18,0xC7,0x18,0x86,0x10,0x66,0x10,0x66,0x10,0x65,0x10,0x65,0x10,0x65,0x10,0x65,0x10,0x65,0x10,0x65,0x10,0x45,
0x10,0x65,0x2A,0x28,0x10,0x85,0x10,0x66,0x10,0x65,0x10,0x65,0x10,0x66,0x10,0x65,0x10,0x65,0x10,0x65,0x10,0x66,0x10,0x66,0x10,0x65,0x10,0x65,0x10,0x65,0x10,0x65,
0x10,0x65,0x10,0x65,0x10,0x65,0x10,0x65,0x10,0x65,0x10,0x65,0x10,0x65,0x10,0x65,0x10,0x65,0x10,0x65,0x10,0x65,0x10,0x65,0x10,0x65,0x10,0x65,0x10,0x65,0x10,0x65,
0x10,0x65,0x18,0x66,0x20,0xC7,0x10,0x65,0x10,0x65,0x10,0x65,0x10,0x65,0x10,0x65,0x10,0x65,0x10,0x65,0x10,0x65,0x10,0x65,0x10,0x65,0x10,0x45,0x10,0x65,0x18,0x86,
0x18,0x86,0x18,0x66,0x20,0x67,0x20,0x87,0x20,0x67,0x38,0xCB,0x82,0x76,0xE6,0x5E,0xFF,0xDF,0xDD,0x7D,0x59,0xAE,0x21,0x25,0x21,0x24,0x21,0x04,0x21,0x24,0x18,0xC3,
0x00,0x00,0x00,0x00,0x00,0x00,0x00,0x00,0x00,0x00,0x00,0x00,0x00,0x00,0x00,0x00,0x00,0x00,0x00,0x00,0x00,0x00,0x00,0x00,0x00,0x00,0x00,0x00,0x00,0x00,0x00,0x00,
0x00,0x00,0x00,0x00,0x00,0x00,0x00,0x00,0x00,0x00,0x00,0x00,0x00,0x00,0x00,0x00,0x00,0x00,0x00,0x00,0x00,0x00,0x00,0x00,0x00,0x00,0x00,0x00,0x00,0x00,0x00,0x00,
0x21,0x04,0x29,0x44,0x29,0x25,0x29,0x65,0x29,0x65,0x49,0x4B,0xCD,0x1C,0xFF,0xDF,0xEE,0x5E,0x92,0xB6,0x41,0x0C,0x28,0x88,0x20,0xA8,0x20,0x87,0x20,0x87,0x18,0x66,
0x18,0x66,0x18,0x66,0x18,0x66,0x18,0x66,0x10,0x66,0x10,0x65,0x10,0x66,0x10,0x66,0x10,0x66,0x10,0x66,0x10,0x66,0x10,0x65,0x10,0x65,0x18,0x66,0x10,0x66,0x10,0x66,
0x10,0x66,0x10,0x65,0x18,0x66,0x18,0x86,0x10,0x65,0x18,0x86,0x10,0x66,0x10,0x66,0x10,0x66,0x10,0x66,0x18,0x86,0x10,0x65,0x10,0x66,0x10,0x65,0x10,0x65,0x10,0x65,
0x10,0x65,0x10,0x65,0x10,0x65,0x10,0x65,0x10,0x66,0x10,0x65,0x10,0x66,0x10,0x65,0x10,0x66,0x10,0x66,0x10,0x66,0x10,0x66,0x10,0x66,0x10,0x66,0x10,0x66,0x10,0x65,
0x10,0x65,0x10,0x65,0x10,0x65,0x10,0x65,0x10,0x65,0x10,0x65,0x10,0x66,0x10,0x66,0x10,0x86,0x18,0x66,0x10,0x66,0x10,0x86,0x10,0x86,0x10,0x86,0x18,0x86,0x18,0x87,
0x18,0xC7,0x08,0x86,0x65,0x58,0x4C,0x75,0x08,0xE8,0x21,0x2A,0x19,0x09,0x18,0xC8,0x18,0xC7,0x18,0xA7,0x18,0xA7,0x18,0xC8,0x18,0xE8,0x21,0x8A,0x3B,0x10,0x19,0x8A,
0x32,0xEF,0x32,0xCF,0x19,0x6A,0x3B,0x71,0x3B,0x91,0x3B,0x71,0x3B,0x71,0x3B,0x71,0x3B,0x71,0x3B,0x71,0x3B,0x71,0x3B,0x71,0x3B,0x51,0x3B,0x71,0x3B,0x70,0x3B,0x50,
0x43,0x71,0x32,0xCF,0x19,0x29,0x19,0x09,0x19,0x29,0x21,0x49,0x19,0x49,0x33,0x10,0x44,0x13,0x43,0xD2,0x43,0xB2,0x3B,0xB2,0x3B,0xB2,0x3B,0xB2,0x3B,0x71,0x19,0x8B,
0x21,0x29,0x21,0x29,0x19,0x29,0x19,0x09,0x19,0xAB,0x75,0xFA,0x2A,0xCF,0x10,0xE8,0x21,0x29,0x18,0xE8,0x18,0xC8,0x18,0xC7,0x18,0xC7,0x18,0xC7,0x18,0xC8,0x10,0xC7,
0x3A,0xCF,0x32,0x8E,0x19,0xAB,0x43,0x92,0x19,0x49,0x18,0xA7,0x18,0x87,0x18,0x86,0x10,0x86,0x10,0x66,0x10,0x66,0x18,0x86,0x18,0xA7,0x18,0xA7,0x19,0x29,0x3B,0x71,
0x43,0xB2,0x3B,0xB2,0x3B,0xB2,0x3B,0xD2,0x43,0xD2,0x43,0xD2,0x43,0xF3,0x44,0x13,0x44,0x13,0x44,0x13,0x43,0xF2,0x21,0xEB,0x19,0x09,0x21,0x49,0x19,0x29,0x19,0x28,
0x3B,0x10,0x2A,0x6E,0x22,0x2D,0x54,0x13,0x19,0x8B,0x2A,0x6E,0x4C,0x33,0x43,0xF3,0x43,0xF3,0x43,0xD2,0x43,0xD2,0x3B,0xD2,0x3B,0xD2,0x3B,0xD2,0x3B,0xD2,0x3B,0xD3,
0x43,0xF3,0x43,0xF3,0x44,0x13,0x4C,0x13,0x22,0x4D,0x2A,0xAE,0x44,0x12,0x3B,0xD2,0x3B,0xD2,0x3B,0xB2,0x3B,0xB2,0x3B,0xB2,0x3B,0xD2,0x3B,0xD2,0x3B,0xF3,0x3B,0xF3,
0x43,0xF3,0x3B,0xB2,0x3B,0xB2,0x3B,0x71,0x19,0x8A,0x18,0xC7,0x18,0xA6,0x10,0x86,0x10,0x66,0x10,0x66,0x10,0x66,0x10,0x66,0x10,0x66,0x10,0x65,0x10,0x65,0x10,0x65,
0x10,0x65,0x2A,0x08,0x10,0x85,0x10,0x66,0x10,0x65,0x10,0x66,0x10,0x66,0x10,0x66,0x10,0x65,0x10,0x65,0x10,0x86,0x10,0x66,0x10,0x65,0x10,0x65,0x10,0x65,0x10,0x66,
0x10,0x65,0x10,0x66,0x10,0x65,0x10,0x65,0x10,0x65,0x10,0x65,0x10,0x65,0x10,0x66,0x10,0x65,0x10,0x65,0x10,0x65,0x10,0x65,0x10,0x66,0x10,0x65,0x10,0x66,0x10,0x65,
0x10,0x65,0x10,0x66,0x18,0x86,0x10,0x65,0x10,0x65,0x10,0x65,0x10,0x65,0x10,0x65,0x10,0x65,0x10,0x65,0x10,0x65,0x10,0x65,0x10,0x65,0x10,0x45,0x10,0x45,0x18,0x66,
0x18,0x86,0x18,0x66,0x20,0x67,0x20,0x87,0x20,0x67,0x38,0xCB,0x82,0x76,0xE6,0x3E,0xFF,0xDF,0xDD,0x7D,0x59,0xAE,0x21,0x25,0x21,0x24,0x21,0x04,0x21,0x24,0x18,0xC3,
0x00,0x00,0x00,0x00,0x00,0x00,0x00,0x00,0x00,0x00,0x00,0x00,0x00,0x00,0x00,0x00,0x00,0x00,0x00,0x00,0x00,0x00,0x00,0x00,0x00,0x00,0x00,0x00,0x00,0x00,0x00,0x00,
0x00,0x00,0x00,0x00,0x00,0x00,0x00,0x00,0x00,0x00,0x00,0x00,0x00,0x00,0x00,0x00,0x00,0x00,0x00,0x00,0x00,0x00,0x00,0x00,0x00,0x00,0x00,0x00,0x00,0x00,0x00,0x00,
0x21,0x04,0x29,0x45,0x29,0x45,0x29,0x65,0x29,0x65,0x49,0x2B,0xCD,0x1C,0xFF,0xDF,0xEE,0x5E,0x92,0xD6,0x41,0x0C,0x28,0x88,0x20,0xA8,0x20,0x87,0x20,0x87,0x18,0x86,
0x18,0x66,0x18,0x66,0x18,0x66,0x10,0x66,0x10,0x66,0x18,0x66,0x18,0x66,0x10,0x66,0x10,0x66,0x10,0x66,0x10,0x65,0x10,0x65,0x10,0x65,0x18,0x66,0x18,0x65,0x18,0x65,
0x10,0x66,0x10,0x66,0x10,0x66,0x10,0x66,0x18,0x66,0x10,0x66,0x18,0x66,0x10,0x66,0x10,0x66,0x10,0x66,0x10,0x65,0x10,0x65,0x10,0x65,0x10,0x65,0x10,0x65,0x10,0x65,
0x10,0x65,0x10,0x65,0x10,0x65,0x10,0x65,0x10,0x66,0x10,0x66,0x10,0x65,0x18,0x86,0x18,0x66,0x18,0x66,0x10,0x66,0x10,0x66,0x18,0x66,0x10,0x66,0x18,0x66,0x18,0x66,
0x18,0x66,0x10,0x66,0x18,0x66,0x18,0x66,0x10,0x66,0x18,0x66,0x10,0x66,0x18,0x66,0x18,0x66,0x18,0x66,0x18,0x66,0x10,0x66,0x10,0x86,0x18,0x86,0x18,0x87,0x18,0xA7,
0x18,0xC8,0x10,0xA7,0x43,0xB2,0x9F,0xFF,0x4C,0xB5,0x11,0x6A,0x21,0x6A,0x21,0x09,0x18,0xE8,0x18,0xC8,0x18,0xC8,0x19,0x08,0x18,0xC8,0x32,0x8F,0x8F,0x5F,0x1A,0xAE,
0x76,0x1B,0x6D,0x99,0x19,0xEC,0x8E,0xDE,0x97,0x7F,0x97,0x5F,0x8F,0x3F,0x8F,0x3F,0x87,0x3F,0x87,0x5F,0x87,0x5F,0x87,0x3F,0x87,0x3F,0x8F,0x5F,0x8F,0x5F,0x97,0x5F,
0x9F,0x9F,0x7D,0xFB,0x19,0x6A,0x21,0x6A,0x21,0xAB,0x11,0x29,0x44,0x14,0x8F,0x7F,0x87,0x3F,0x8F,0x3F,0x8F,0x1F,0x87,0x1F,0x86,0xFF,0x86,0xFF,0x97,0xBF,0x5D,0x58,
0x19,0x6A,0x21,0x4A,0x21,0x6B,0x21,0x6B,0x19,0x6B,0x65,0x79,0x8F,0x5F,0x2A,0xEF,0x19,0x29,0x21,0x49,0x18,0xE8,0x18,0xE8,0x18,0xC8,0x18,0xE8,0x18,0xE8,0x08,0xA8,
0x75,0xDA,0x5D,0x17,0x22,0xEF,0x9F,0x7F,0x22,0x0C,0x18,0xC7,0x18,0xC7,0x18,0x87,0x18,0x86,0x18,0x86,0x18,0x86,0x18,0x87,0x18,0xC7,0x18,0xA7,0x21,0xAB,0x86,0xBD,
0x87,0x1F,0x87,0x1F,0x87,0x1E,0x7F,0x1E,0x87,0x1E,0x87,0x1F,0x87,0x3F,0x8F,0x3F,0x8F,0x3F,0x8F,0x1E,0x97,0x9F,0x86,0xBC,0x22,0x2D,0x19,0x4A,0x29,0x8B,0x11,0x4A,
0x86,0x9D,0x54,0xF7,0x33,0xB2,0xA7,0xFF,0x22,0x6E,0x43,0xB3,0x97,0x9F,0x8F,0x3F,0x87,0x1F,0x87,0x1E,0x7F,0x1E,0x7F,0x1E,0x7F,0x1E,0x7E,0xFE,0x7E,0xFF,0x7E,0xFF,
0x86,0xFF,0x87,0x1F,0x87,0x1F,0x97,0x5F,0x33,0x72,0x4C,0x55,0x97,0xBF,0x87,0x5F,0x87,0x5F,0x87,0x3F,0x87,0x3F,0x87,0x5F,0x87,0x5F,0x87,0x5F,0x87,0x5F,0x87,0x5F,
0x87,0x5F,0x87,0x5F,0x8F,0x5F,0x8F,0x5F,0x32,0x8E,0x10,0xA7,0x18,0xC7,0x18,0x86,0x10,0x86,0x10,0x66,0x10,0x66,0x10,0x66,0x10,0x66,0x10,0x65,0x10,0x65,0x10,0x66,
0x10,0x86,0x2A,0x08,0x10,0x85,0x10,0x66,0x18,0x66,0x18,0x66,0x10,0x66,0x10,0x65,0x10,0x65,0x10,0x65,0x10,0x65,0x10,0x65,0x10,0x66,0x10,0x66,0x10,0x66,0x10,0x66,
0x10,0x66,0x10,0x66,0x10,0x66,0x10,0x66,0x10,0x66,0x18,0x66,0x10,0x66,0x10,0x66,0x18,0x66,0x10,0x66,0x18,0x66,0x18,0x66,0x10,0x66,0x10,0x65,0x10,0x65,0x10,0x65,
0x10,0x65,0x10,0x66,0x10,0x65,0x10,0x65,0x10,0x65,0x10,0x65,0x10,0x65,0x10,0x65,0x10,0x65,0x10,0x65,0x10,0x65,0x10,0x65,0x10,0x65,0x10,0x65,0x18,0x66,0x18,0x66,
0x18,0x66,0x18,0x66,0x20,0x67,0x20,0x87,0x20,0x87,0x38,0xCB,0x82,0x76,0xE6,0x3E,0xFF,0xDF,0xDD,0x7D,0x59,0xAE,0x21,0x25,0x21,0x24,0x21,0x04,0x21,0x24,0x18,0xC3,
0x00,0x00,0x00,0x00,0x00,0x00,0x00,0x00,0x00,0x00,0x00,0x00,0x00,0x00,0x00,0x00,0x00,0x00,0x00,0x00,0x00,0x00,0x00,0x00,0x00,0x00,0x00,0x00,0x00,0x00,0x00,0x00,
0x00,0x00,0x00,0x00,0x00,0x00,0x00,0x00,0x00,0x00,0x00,0x00,0x00,0x00,0x00,0x00,0x00,0x00,0x00,0x00,0x00,0x00,0x00,0x00,0x00,0x00,0x00,0x00,0x00,0x00,0x00,0x00,
0x21,0x04,0x29,0x45,0x29,0x45,0x29,0x65,0x29,0x65,0x49,0x4C,0xCD,0x1C,0xFF,0xDF,0xEE,0x5E,0x92,0xD6,0x41,0x0C,0x28,0x88,0x28,0xA8,0x20,0x87,0x20,0x87,0x18,0x86,
0x18,0x66,0x18,0x66,0x18,0x66,0x18,0x66,0x10,0x66,0x18,0x66,0x18,0x66,0x10,0x66,0x18,0x66,0x10,0x66,0x10,0x65,0x18,0x65,0x10,0x65,0x18,0x66,0x18,0x66,0x18,0x66,
0x18,0x66,0x18,0x66,0x18,0x66,0x18,0x66,0x18,0x86,0x18,0x86,0x18,0x86,0x18,0x66,0x18,0x66,0x18,0x66,0x18,0x66,0x18,0x66,0x18,0x66,0x18,0x66,0x10,0x66,0x18,0x66,
0x10,0x66,0x18,0x66,0x18,0x66,0x18,0x66,0x18,0x86,0x10,0x45,0x20,0xE7,0x29,0x28,0x10,0x45,0x18,0x66,0x18,0x86,0x18,0x66,0x18,0x66,0x18,0x86,0x18,0x86,0x18,0x66,
0x18,0x66,0x18,0x86,0x18,0x66,0x18,0x66,0x18,0x66,0x18,0x66,0x18,0x66,0x18,0x66,0x18,0x66,0x18,0x86,0x18,0x66,0x18,0x86,0x18,0x86,0x18,0x86,0x18,0x87,0x18,0xA7,
0x18,0xE8,0x21,0x29,0x11,0x4A,0x44,0x14,0x9F,0xFF,0x54,0xF6,0x19,0x8B,0x21,0x6A,0x21,0x29,0x19,0x09,0x21,0x09,0x21,0x29,0x19,0x29,0x32,0xAF,0x87,0x1F,0x22,0xCF,
0x75,0xFA,0x65,0x99,0x19,0xED,0x22,0xD0,0x1A,0xF0,0x1A,0xF0,0x1A,0xD0,0x1A,0xF0,0x1A,0xF0,0x1A,0xF0,0x1A,0xF0,0x1A,0xF0,0x23,0x10,0x23,0x10,0x23,0x10,0x22,0xF0,
0x22,0xF0,0x22,0x8F,0x21,0xCC,0x21,0xCB,0x19,0x8A,0x44,0x14,0x8F,0x9F,0x4C,0xD6,0x1A,0x8E,0x23,0x10,0x22,0xF0,0x22,0xF0,0x22,0xF0,0x1A,0x8E,0x33,0xD2,0x8F,0x9F,
0x5D,0x58,0x19,0xAB,0x21,0x8B,0x29,0x8C,0x29,0xCD,0x1A,0x0D,0x65,0xBA,0x8F,0x7F,0x33,0x31,0x19,0x29,0x21,0x4A,0x21,0x09,0x20,0xE8,0x21,0x09,0x21,0x29,0x10,0xE8,
0x65,0xBA,0x54,0xD7,0x2B,0x30,0x8F,0x3F,0x22,0x2D,0x18,0xE8,0x18,0xC8,0x18,0xA7,0x18,0x87,0x18,0x86,0x18,0x87,0x18,0xA7,0x18,0xC7,0x18,0xE8,0x19,0x29,0x12,0x2C,
0x12,0x6E,0x1A,0x8E,0x1A,0x8E,0x1A,0xAF,0x1A,0xCF,0x1A,0xCF,0x1A,0xCF,0x1A,0xCF,0x1A,0xCF,0x1A,0xAE,0x12,0x8E,0x76,0x5B,0x8F,0x1D,0x2A,0x6E,0x21,0xAB,0x19,0xCC,
0x7E,0x5C,0x4C,0xD7,0x33,0xB2,0x8F,0x7F,0x2A,0xCF,0x1A,0x2E,0x1A,0xAF,0x1A,0xAF,0x1A,0xAF,0x12,0xAF,0x12,0xAF,0x12,0xAF,0x12,0xAF,0x12,0x8F,0x12,0x8F,0x12,0x8E,
0x12,0x8E,0x12,0x6E,0x12,0x6E,0x12,0x6E,0x22,0x4E,0x22,0x6F,0x1A,0xAF,0x1A,0xCF,0x1A,0xCF,0x1A,0xD0,0x1A,0xD0,0x1A,0xD0,0x1A,0xD0,0x1A,0xCF,0x1A,0xF0,0x1A,0xD0,
0x1A,0xCF,0x1A,0xCF,0x1A,0xAF,0x1A,0x8E,0x19,0x8A,0x18,0xE8,0x18,0xC7,0x18,0x87,0x18,0x86,0x10,0x66,0x18,0x86,0x10,0x66,0x10,0x66,0x10,0x65,0x10,0x66,0x10,0x66,
0x10,0x86,0x2A,0x28,0x10,0x85,0x18,0x66,0x18,0x66,0x10,0x66,0x18,0x86,0x18,0x86,0x10,0x66,0x10,0x65,0x18,0x86,0x10,0x66,0x18,0x66,0x18,0x66,0x18,0x66,0x18,0x66,
0x18,0x66,0x18,0x66,0x18,0x66,0x18,0x66,0x18,0x66,0x18,0x66,0x18,0x66,0x18,0x66,0x18,0x66,0x18,0x66,0x18,0x66,0x18,0x66,0x18,0x66,0x18,0x66,0x18,0x66,0x18,0x66,
0x18,0x66,0x18,0x66,0x18,0x66,0x18,0x66,0x18,0x66,0x10,0x65,0x10,0x66,0x10,0x65,0x10,0x66,0x10,0x66,0x10,0x65,0x18,0x66,0x10,0x65,0x10,0x65,0x18,0x66,0x18,0x66,
0x18,0x66,0x18,0x66,0x20,0x87,0x20,0x87,0x20,0x87,0x38,0xCB,0x82,0x76,0xE6,0x3E,0xFF,0xDF,0xDD,0x7D,0x59,0xAE,0x21,0x25,0x21,0x24,0x21,0x04,0x21,0x24,0x18,0xC3,
0x00,0x00,0x00,0x00,0x00,0x00,0x00,0x00,0x00,0x00,0x00,0x00,0x00,0x00,0x00,0x00,0x00,0x00,0x00,0x00,0x00,0x00,0x00,0x00,0x00,0x00,0x00,0x00,0x00,0x00,0x00,0x00,
0x00,0x00,0x00,0x00,0x00,0x00,0x00,0x00,0x00,0x00,0x00,0x00,0x00,0x00,0x00,0x00,0x00,0x00,0x00,0x00,0x00,0x00,0x00,0x00,0x00,0x00,0x00,0x00,0x00,0x00,0x00,0x00,
0x21,0x04,0x29,0x45,0x29,0x45,0x29,0x65,0x29,0x66,0x49,0x4C,0xD5,0x1C,0xFF,0xDF,0xEE,0x5E,0x92,0xD7,0x41,0x0C,0x28,0xA8,0x28,0xA8,0x20,0x87,0x20,0x87,0x18,0x87,
0x18,0x66,0x18,0x86,0x18,0x66,0x18,0x66,0x18,0x66,0x18,0x66,0x18,0x66,0x18,0x86,0x18,0x66,0x18,0x66,0x18,0x66,0x18,0x66,0x18,0x66,0x18,0x66,0x18,0x66,0x18,0x66,
0x18,0x66,0x18,0x66,0x18,0x66,0x18,0x86,0x18,0x86,0x18,0x86,0x20,0xA7,0x18,0x66,0x18,0x66,0x18,0x66,0x18,0x66,0x18,0x66,0x18,0x66,0x18,0x66,0x18,0x66,0x18,0x66,
0x18,0x66,0x18,0x66,0x18,0x66,0x18,0x66,0x18,0x66,0x18,0x66,0x18,0x66,0x18,0x66,0x18,0x86,0x18,0x66,0x18,0x66,0x18,0x86,0x18,0x86,0x18,0x86,0x18,0x86,0x18,0x66,
0x18,0x86,0x18,0x86,0x18,0x66,0x18,0x66,0x18,0x66,0x18,0x66,0x18,0x86,0x18,0x86,0x18,0x86,0x18,0x86,0x18,0x86,0x18,0x87,0x18,0x86,0x18,0x87,0x18,0xA7,0x18,0xC8,
0x18,0xE8,0x19,0x4A,0x5C,0xD7,0x1A,0xAF,0x44,0x15,0x9F,0xFF,0x55,0x17,0x19,0x8B,0x21,0x8A,0x21,0x6A,0x21,0x2A,0x21,0x4A,0x19,0x4A,0x3A,0xF0,0x97,0x3F,0x23,0x10,
0x76,0x1B,0x6D,0xB9,0x1A,0x0D,0x6D,0xBA,0x7E,0x7C,0x76,0x5C,0x76,0x5C,0x76,0x7C,0x76,0x7C,0x76,0x7C,0x7E,0x7C,0x7E,0x7C,0x86,0x7C,0x7E,0x7C,0x7E,0x7C,0x7E,0x7C,
0x86,0xBD,0x64,0xF8,0x21,0xAC,0x19,0xAB,0x4C,0x75,0x8F,0xBF,0x4C,0xD6,0x1A,0xAF,0x65,0x99,0x7E,0xBD,0x86,0xBD,0x86,0xDD,0x7E,0xDD,0x76,0x9C,0x2B,0x30,0x2B,0x92,
0x8F,0xBF,0x65,0xB9,0x21,0xED,0x21,0x8C,0x32,0xF0,0x5D,0x18,0x1A,0x8F,0x6D,0xFA,0x8F,0x7F,0x33,0x51,0x19,0x49,0x21,0x6A,0x21,0x29,0x21,0x29,0x21,0x4A,0x11,0x29,
0x6D,0xDA,0x55,0x17,0x2B,0x51,0x97,0x5F,0x2A,0x4D,0x19,0x08,0x18,0xE8,0x18,0xA7,0x18,0x87,0x18,0x87,0x18,0x87,0x18,0xC7,0x18,0xC7,0x18,0xC8,0x21,0x8A,0x75,0xDA,
0x76,0x7C,0x7E,0x7C,0x7E,0x9C,0x86,0x9C,0x86,0x9C,0x86,0x9D,0x86,0x9D,0x7E,0x9D,0x7E,0xBD,0x7E,0xDD,0x4C,0xD6,0x12,0x4D,0x86,0x7B,0x97,0x1D,0x32,0xCF,0x21,0xED,
0x86,0x9D,0x55,0x17,0x33,0xB3,0x8F,0x7F,0x22,0xAF,0x3B,0x92,0x86,0xDD,0x7E,0x9D,0x86,0x9D,0x86,0xBD,0x86,0xBD,0x86,0xBD,0x86,0xBD,0x86,0xBD,0x86,0x9D,0x7E,0x9C,
0x7E,0x9C,0x76,0x7D,0x76,0x7C,0x76,0x9D,0x2B,0x11,0x4C,0x14,0x86,0xBC,0x7E,0x7C,0x7E,0x7C,0x7E,0x9C,0x7E,0x9C,0x7E,0x9C,0x7E,0x9C,0x7E,0x9C,0x7E,0x9C,0x76,0x9C,
0x76,0x9C,0x76,0x7C,0x6E,0x7C,0x76,0x7C,0x2A,0x4D,0x18,0xA7,0x18,0xC7,0x18,0x86,0x10,0x86,0x18,0x86,0x18,0x86,0x10,0x66,0x18,0x66,0x18,0x66,0x10,0x66,0x18,0x66,
0x10,0x86,0x2A,0x28,0x10,0x85,0x18,0x66,0x18,0x86,0x18,0x66,0x18,0x86,0x18,0xA6,0x10,0x66,0x18,0x66,0x18,0x66,0x18,0x66,0x18,0x66,0x18,0x66,0x18,0x66,0x18,0x66,
0x10,0x66,0x10,0x66,0x10,0x66,0x18,0x66,0x10,0x66,0x10,0x66,0x10,0x66,0x18,0x66,0x18,0x66,0x18,0x66,0x18,0x66,0x18,0x66,0x10,0x66,0x18,0x66,0x18,0x66,0x18,0x66,
0x10,0x66,0x10,0x66,0x10,0x66,0x18,0x66,0x18,0x66,0x18,0x66,0x18,0x66,0x18,0x66,0x10,0x65,0x10,0x66,0x10,0x65,0x10,0x45,0x18,0x66,0x18,0x65,0x18,0x66,0x18,0x66,
0x18,0x86,0x18,0x87,0x20,0x87,0x20,0x88,0x20,0x88,0x38,0xCB,0x82,0x76,0xE6,0x5E,0xFF,0xFF,0xDD,0x7D,0x59,0xAE,0x29,0x45,0x29,0x45,0x21,0x24,0x21,0x24,0x18,0xC3,
0x00,0x00,0x00,0x00,0x00,0x00,0x00,0x00,0x00,0x00,0x00,0x00,0x00,0x00,0x00,0x00,0x00,0x00,0x00,0x00,0x00,0x00,0x00,0x00,0x00,0x00,0x00,0x00,0x00,0x00,0x00,0x00,
0x00,0x00,0x00,0x00,0x00,0x00,0x00,0x00,0x00,0x00,0x00,0x00,0x00,0x00,0x00,0x00,0x00,0x00,0x00,0x00,0x00,0x00,0x00,0x00,0x00,0x00,0x00,0x00,0x00,0x00,0x00,0x00,
0x21,0x24,0x29,0x45,0x29,0x45,0x29,0x65,0x29,0x66,0x49,0x2C,0xCD,0x1C,0xFF,0xDF,0xEE,0x5E,0x92,0xD7,0x49,0x0C,0x28,0xA8,0x28,0xA8,0x20,0xA7,0x20,0x87,0x18,0x87,
0x18,0x86,0x18,0x66,0x18,0x66,0x18,0x66,0x18,0x66,0x18,0x66,0x18,0x66,0x18,0x66,0x18,0x66,0x18,0x66,0x18,0x66,0x18,0x66,0x18,0x66,0x18,0x66,0x18,0x66,0x18,0x86,
0x18,0x86,0x18,0x86,0x18,0x86,0x18,0x86,0x18,0x86,0x18,0x86,0x18,0x66,0x18,0x86,0x18,0x86,0x18,0x66,0x18,0x86,0x20,0xC7,0x18,0x66,0x18,0x66,0x18,0x66,0x18,0x66,
0x18,0x66,0x18,0x66,0x18,0x66,0x18,0x66,0x18,0x66,0x18,0x86,0x18,0x66,0x18,0x66,0x18,0x66,0x18,0x86,0x18,0x66,0x18,0x66,0x18,0x86,0x18,0x86,0x18,0x86,0x18,0x66,
0x18,0x86,0x18,0x66,0x18,0x86,0x18,0x66,0x18,0x66,0x18,0x86,0x18,0x86,0x18,0x86,0x18,0x86,0x18,0x86,0x18,0x86,0x18,0x87,0x18,0x87,0x18,0x87,0x18,0xA7,0x18,0xC8,
0x21,0x09,0x19,0x09,0x7E,0x5B,0x8F,0x5E,0x1A,0x8F,0x44,0x14,0x8F,0xDF,0x55,0x38,0x19,0xCB,0x21,0xAB,0x21,0x8B,0x21,0x8B,0x21,0x6B,0x3B,0x10,0x97,0x3F,0x2B,0x31,
0x7E,0x3B,0x6D,0xB9,0x19,0xED,0x5C,0xF7,0x65,0x79,0x5D,0x58,0x5D,0x59,0x5D,0x38,0x5D,0x58,0x65,0x79,0x65,0x79,0x6D,0x79,0x6D,0x79,0x65,0x59,0x65,0x58,0x65,0x38,
0x65,0x58,0x4B,0xF4,0x19,0xAB,0x54,0x95,0x97,0xBF,0x4C,0xB6,0x1A,0x8F,0x6E,0x5C,0x7E,0xFF,0x5D,0x17,0x65,0x38,0x5D,0x38,0x5D,0x38,0x76,0x7C,0x8F,0x7F,0x2B,0x31,
0x2B,0x91,0x97,0xBF,0x6D,0xDA,0x22,0x2E,0x32,0xF0,0x97,0xDF,0x65,0xDA,0x1A,0xAF,0x65,0xBA,0x87,0x7F,0x33,0x71,0x19,0x4A,0x21,0x8B,0x21,0x6B,0x21,0x6B,0x19,0x4A,
0x6D,0xFB,0x5D,0x38,0x2B,0x72,0x97,0x5F,0x2A,0x6E,0x19,0x09,0x19,0x08,0x18,0xA7,0x18,0xA7,0x18,0x87,0x18,0x87,0x18,0xC7,0x18,0xC8,0x18,0xC8,0x19,0x6A,0x54,0xB6,
0x5D,0x38,0x65,0x58,0x65,0x78,0x65,0x79,0x65,0x79,0x65,0x79,0x65,0x79,0x65,0x99,0x65,0x79,0x5D,0x99,0x97,0xDF,0x5D,0x58,0x12,0x2E,0x86,0xFD,0x65,0x78,0x11,0xED,
0x86,0xBD,0x55,0x18,0x33,0xB3,0x8F,0x7F,0x22,0xAF,0x33,0x31,0x65,0x58,0x5D,0x38,0x65,0x58,0x65,0x58,0x65,0x58,0x65,0x58,0x65,0x58,0x65,0x38,0x5D,0x38,0x5D,0x18,
0x5D,0x17,0x5D,0x17,0x55,0x17,0x5D,0x38,0x2A,0xAF,0x3B,0x92,0x65,0x99,0x65,0x58,0x65,0x79,0x65,0x79,0x65,0x79,0x65,0x79,0x65,0x79,0x65,0x99,0x65,0x99,0x5D,0x79,
0x5D,0x79,0x5D,0x59,0x5D,0x58,0x5D,0x59,0x2A,0x0D,0x18,0xA7,0x18,0xA7,0x18,0x87,0x10,0x66,0x18,0x87,0x18,0x86,0x10,0x66,0x18,0x66,0x18,0x66,0x10,0x86,0x10,0x66,
0x10,0x86,0x32,0x29,0x10,0x85,0x18,0x86,0x18,0x86,0x18,0x66,0x18,0x66,0x18,0x66,0x18,0x66,0x18,0x66,0x10,0x66,0x10,0x66,0x18,0x66,0x18,0x66,0x18,0x66,0x18,0x66,
0x18,0x66,0x18,0x66,0x18,0x66,0x18,0x66,0x18,0x66,0x18,0x66,0x18,0x66,0x10,0x66,0x18,0x66,0x18,0x86,0x18,0x66,0x18,0x66,0x18,0x66,0x18,0x66,0x18,0x66,0x18,0x66,
0x10,0x66,0x18,0x66,0x18,0x66,0x18,0x66,0x18,0x66,0x18,0x66,0x18,0x66,0x18,0x66,0x18,0x66,0x18,0x65,0x18,0x66,0x20,0xC7,0x18,0x66,0x18,0x66,0x18,0x87,0x18,0x66,
0x18,0x86,0x18,0x87,0x20,0x87,0x20,0x87,0x20,0x88,0x38,0xCC,0x82,0x76,0xE6,0x3E,0xFF,0xFF,0xDD,0x7D,0x59,0xAE,0x29,0x45,0x29,0x45,0x21,0x24,0x21,0x24,0x18,0xC3,
0x00,0x00,0x00,0x00,0x00,0x00,0x00,0x00,0x00,0x00,0x00,0x00,0x00,0x00,0x00,0x00,0x00,0x00,0x00,0x00,0x00,0x00,0x00,0x00,0x00,0x00,0x00,0x00,0x00,0x00,0x00,0x00,
0x00,0x00,0x00,0x00,0x00,0x00,0x00,0x00,0x00,0x00,0x00,0x00,0x00,0x00,0x00,0x00,0x00,0x00,0x00,0x00,0x00,0x00,0x00,0x00,0x00,0x00,0x00,0x00,0x00,0x00,0x00,0x00,
0x21,0x24,0x29,0x65,0x29,0x45,0x29,0x65,0x29,0x66,0x49,0x4C,0xCD,0x1C,0xFF,0xDF,0xEE,0x5E,0x8A,0xB6,0x41,0x2C,0x28,0xA8,0x28,0xA8,0x20,0xA8,0x20,0x87,0x18,0x87,
0x18,0x87,0x18,0x86,0x18,0x66,0x18,0x66,0x18,0x66,0x18,0x66,0x18,0x86,0x18,0x66,0x18,0x66,0x18,0x66,0x18,0x66,0x18,0x66,0x18,0x86,0x18,0x66,0x18,0x66,0x18,0x66,
0x18,0x86,0x18,0x66,0x18,0x86,0x18,0x86,0x18,0x66,0x18,0x86,0x18,0x86,0x18,0x86,0x18,0x86,0x18,0x86,0x18,0x86,0x18,0x86,0x18,0x66,0x18,0x66,0x18,0x86,0x18,0x66,
0x18,0x86,0x18,0x66,0x18,0x86,0x18,0x66,0x18,0x66,0x18,0x66,0x18,0x66,0x18,0x66,0x18,0x66,0x18,0x86,0x18,0x86,0x18,0x86,0x18,0x86,0x18,0x86,0x18,0x66,0x18,0x66,
0x18,0x66,0x18,0x86,0x18,0x86,0x18,0x86,0x18,0x86,0x18,0x86,0x18,0x86,0x18,0x86,0x18,0x86,0x18,0x87,0x18,0x87,0x18,0x87,0x18,0x87,0x18,0x87,0x18,0xA7,0x20,0xC8,
0x21,0x09,0x21,0x4A,0x32,0xAF,0x8F,0x3D,0x87,0x3E,0x1A,0xF0,0x3C,0x14,0x8F,0xBF,0x5D,0x79,0x22,0x0C,0x29,0xCC,0x29,0xCC,0x21,0x8B,0x3B,0x31,0x8F,0x3F,0x2B,0x31,
0x7E,0x5C,0x6D,0xBA,0x19,0xCC,0x19,0xCC,0x19,0xAC,0x19,0xAC,0x19,0xAC,0x19,0xAC,0x19,0xEC,0x19,0xAC,0x19,0xCC,0x19,0xAC,0x19,0xAC,0x19,0xAC,0x19,0xAC,0x19,0x8B,
0x19,0x8B,0x11,0x4A,0x4C,0x14,0x8F,0x9F,0x4C,0xB6,0x1A,0xCF,0x76,0x7D,0x7E,0xFE,0x2A,0xF0,0x19,0x6A,0x19,0x8B,0x19,0x8B,0x19,0x6B,0x19,0xEC,0x65,0x99,0x8F,0x5F,
0x33,0x72,0x33,0x92,0x97,0xBF,0x6D,0x79,0x22,0x2E,0x54,0x96,0x97,0xDF,0x5D,0xBA,0x1A,0x6F,0x5D,0x99,0x87,0x7F,0x3B,0xB2,0x19,0x6A,0x21,0xAC,0x21,0x8B,0x19,0x8B,
0x76,0x1B,0x5D,0x59,0x33,0x92,0x9F,0x5F,0x2A,0x6E,0x19,0x29,0x20,0xE8,0x18,0xA8,0x18,0xA7,0x18,0xA7,0x18,0xA7,0x18,0xA7,0x20,0xC8,0x18,0xE8,0x21,0x09,0x11,0x09,
0x11,0x4A,0x19,0x6B,0x19,0x8B,0x19,0x8B,0x19,0x8B,0x19,0x8B,0x19,0xAC,0x19,0xAC,0x19,0x8C,0x11,0x8B,0x44,0x34,0x9F,0xFF,0x33,0x92,0x65,0xDA,0x65,0xB9,0x11,0xED,
0x86,0xBD,0x55,0x18,0x33,0xB3,0x8F,0x5F,0x2A,0xD0,0x21,0xED,0x19,0xAC,0x11,0xAC,0x19,0xAC,0x19,0xCD,0x19,0xCD,0x19,0xAD,0x19,0xCD,0x19,0xAD,0x19,0xAC,0x19,0x8C,
0x19,0x8C,0x19,0x6B,0x19,0x6B,0x19,0x4B,0x21,0x8C,0x19,0x8B,0x11,0x4B,0x11,0x6B,0x19,0x8C,0x19,0xAC,0x19,0xAC,0x19,0xAC,0x19,0xAC,0x19,0xAC,0x19,0xAC,0x19,0xAC,
0x19,0x8C,0x19,0x6B,0x11,0x2A,0x10,0xE9,0x18,0xE8,0x18,0xC8,0x18,0xA7,0x18,0x87,0x18,0x86,0x10,0x66,0x10,0x66,0x18,0x66,0x18,0x66,0x10,0x66,0x10,0x86,0x18,0x66,
0x10,0x86,0x32,0x49,0x18,0xA6,0x18,0x86,0x18,0x86,0x18,0x86,0x18,0x86,0x18,0x86,0x18,0x66,0x18,0x86,0x18,0x66,0x18,0x86,0x18,0x66,0x18,0x86,0x18,0x66,0x18,0x66,
0x18,0x66,0x18,0x66,0x18,0x66,0x18,0x66,0x18,0x66,0x18,0x66,0x18,0x66,0x18,0x66,0x18,0x86,0x18,0x86,0x18,0x66,0x18,0x66,0x18,0x66,0x18,0x86,0x18,0x86,0x18,0x66,
0x18,0x86,0x18,0x86,0x18,0x66,0x18,0x66,0x18,0x66,0x18,0x66,0x18,0x66,0x18,0x66,0x18,0x66,0x18,0x66,0x18,0x66,0x18,0x86,0x18,0x66,0x18,0x66,0x18,0x86,0x18,0x66,
0x18,0x87,0x20,0x87,0x20,0x87,0x28,0x88,0x28,0x88,0x38,0xCC,0x82,0x76,0xE6,0x3E,0xFF,0xFF,0xDD,0x7D,0x59,0xAE,0x29,0x45,0x29,0x45,0x21,0x24,0x21,0x24,0x18,0xC3,
0x00,0x00,0x00,0x00,0x00,0x00,0x00,0x00,0x00,0x00,0x00,0x00,0x00,0x00,0x00,0x00,0x00,0x00,0x00,0x00,0x00,0x00,0x00,0x00,0x00,0x00,0x00,0x00,0x00,0x00,0x00,0x00,
0x00,0x00,0x00,0x00,0x00,0x00,0x00,0x00,0x00,0x00,0x00,0x00,0x00,0x00,0x00,0x00,0x00,0x00,0x00,0x00,0x00,0x00,0x00,0x00,0x00,0x00,0x00,0x00,0x00,0x00,0x00,0x00,
0x21,0x24,0x29,0x65,0x29,0x65,0x29,0x65,0x29,0x86,0x49,0x4C,0xD5,0x1C,0xFF,0xDF,0xEE,0x5E,0x8A,0xB7,0x41,0x2D,0x28,0xA8,0x28,0xA8,0x20,0x88,0x20,0x87,0x20,0x87,
0x18,0x87,0x18,0x86,0x18,0x86,0x18,0x66,0x18,0x66,0x18,0x66,0x18,0x66,0x18,0x66,0x18,0x86,0x18,0x86,0x18,0x66,0x18,0x66,0x18,0x66,0x18,0x86,0x18,0x86,0x18,0x86,
0x18,0x86,0x18,0x86,0x18,0x86,0x18,0x86,0x18,0x86,0x18,0x86,0x18,0x66,0x18,0x86,0x18,0x86,0x18,0x86,0x18,0x86,0x18,0x86,0x18,0x86,0x18,0x86,0x18,0x66,0x18,0x86,
0x18,0x86,0x18,0x86,0x18,0x86,0x18,0x86,0x18,0x86,0x18,0x66,0x18,0x66,0x18,0x66,0x18,0x66,0x18,0x66,0x18,0x86,0x18,0x86,0x18,0x86,0x18,0x86,0x28,0xE8,0x18,0x66,
0x18,0x86,0x18,0x86,0x18,0x87,0x18,0x87,0x18,0x86,0x18,0x86,0x18,0x86,0x18,0xA7,0x18,0x87,0x18,0x87,0x18,0x87,0x18,0x87,0x18,0x87,0x18,0xA7,0x18,0xA8,0x20,0xE8,
0x21,0x09,0x29,0x8B,0x21,0xCD,0x22,0x8F,0x7E,0xFD,0x87,0x7E,0x23,0x31,0x33,0xF4,0x8F,0xBF,0x6D,0xDA,0x22,0x2E,0x29,0xED,0x21,0xED,0x3B,0x52,0x8F,0x5F,0x23,0x51,
0x7E,0x5C,0x6D,0xBA,0x19,0xCC,0x21,0xCD,0x19,0xAC,0x19,0xCC,0x19,0xCC,0x21,0xED,0x2A,0x2E,0x21,0xCD,0x21,0xCD,0x21,0xCD,0x21,0xCD,0x21,0xAC,0x21,0x8B,0x19,0x8B,
0x29,0xEC,0x19,0x8B,0x5D,0x18,0x6E,0x5C,0x1A,0x8F,0x7E,0x7D,0x7E,0xFE,0x33,0x10,0x21,0x8B,0x29,0xAB,0x29,0x8B,0x29,0x8B,0x29,0x8C,0x29,0x8B,0x21,0xAC,0x6D,0x99,
0x97,0x5F,0x2A,0xF0,0x65,0x99,0x7E,0x5C,0x22,0x6F,0x22,0x4E,0x44,0x14,0x8F,0x9F,0x65,0xBA,0x12,0x6F,0x5D,0x79,0x8F,0x9F,0x3B,0xD3,0x19,0x8B,0x29,0xCC,0x19,0xAC,
0x76,0x3C,0x5D,0x79,0x33,0xB3,0x9F,0x5F,0x2A,0x4E,0x19,0x29,0x21,0x08,0x18,0xC8,0x18,0xA7,0x18,0xA7,0x18,0xA7,0x18,0xA7,0x18,0xC8,0x21,0x08,0x21,0x09,0x21,0x2A,
0x29,0xAC,0x21,0xAB,0x21,0xAC,0x29,0xAC,0x21,0xAC,0x21,0xAC,0x21,0xCC,0x21,0xCC,0x21,0xED,0x21,0xED,0x22,0xAF,0x8F,0x9F,0x44,0x75,0x65,0xB9,0x65,0xB9,0x11,0xED,
0x86,0x9D,0x55,0x18,0x33,0xB3,0x8F,0x5F,0x2A,0xD0,0x22,0x0D,0x19,0xCD,0x19,0xCC,0x19,0xCD,0x19,0xED,0x21,0xED,0x21,0xED,0x21,0xCD,0x21,0xCD,0x21,0xCD,0x21,0xAD,
0x21,0xAD,0x19,0x8C,0x19,0x6C,0x29,0xAC,0x21,0x8C,0x21,0x6B,0x19,0x6B,0x19,0x8B,0x19,0x8C,0x21,0xCD,0x21,0xCD,0x21,0xCD,0x21,0xCD,0x21,0xCD,0x21,0xAD,0x21,0xCD,
0x21,0x8C,0x19,0x6B,0x21,0x4B,0x21,0x4A,0x20,0xE8,0x18,0xC8,0x18,0xA7,0x18,0x87,0x18,0x86,0x18,0x66,0x18,0x66,0x18,0x86,0x18,0x86,0x18,0x86,0x18,0x66,0x18,0x66,
0x18,0x86,0x32,0x29,0x18,0xA6,0x18,0x86,0x18,0x86,0x18,0x66,0x18,0x86,0x18,0x86,0x18,0x86,0x20,0xA7,0x18,0x66,0x18,0x86,0x18,0x86,0x18,0x86,0x18,0x86,0x18,0x66,
0x18,0x66,0x18,0x86,0x18,0x66,0x18,0x66,0x18,0x86,0x18,0x86,0x18,0x86,0x18,0x66,0x18,0x66,0x18,0x66,0x18,0x86,0x18,0x86,0x18,0x66,0x18,0x66,0x18,0x66,0x18,0x66,
0x18,0x86,0x18,0x86,0x18,0x66,0x18,0x66,0x18,0x66,0x18,0x66,0x18,0x66,0x18,0x66,0x18,0x66,0x18,0x66,0x18,0x66,0x18,0x66,0x18,0x66,0x18,0x66,0x18,0x66,0x18,0x86,
0x18,0x87,0x20,0x87,0x20,0x87,0x20,0x88,0x28,0x88,0x38,0xCC,0x82,0x76,0xE6,0x3E,0xFF,0xFF,0xDD,0x9D,0x59,0xAE,0x29,0x45,0x29,0x45,0x21,0x24,0x21,0x24,0x18,0xC3,
0x00,0x00,0x00,0x00,0x00,0x00,0x00,0x00,0x00,0x00,0x00,0x00,0x00,0x00,0x00,0x00,0x00,0x00,0x00,0x00,0x00,0x00,0x00,0x00,0x00,0x00,0x00,0x00,0x00,0x00,0x00,0x00,
0x00,0x00,0x00,0x00,0x00,0x00,0x00,0x00,0x00,0x00,0x00,0x00,0x00,0x00,0x00,0x00,0x00,0x00,0x00,0x00,0x00,0x00,0x00,0x00,0x00,0x00,0x00,0x00,0x00,0x00,0x00,0x00,
0x21,0x24,0x29,0x65,0x29,0x65,0x29,0x85,0x29,0x86,0x49,0x4C,0xD5,0x1C,0xFF,0xDF,0xEE,0x5E,0x8A,0xB6,0x49,0x2D,0x28,0xA8,0x30,0xC9,0x28,0xC9,0x20,0x87,0x20,0x87,
0x20,0x87,0x18,0x87,0x18,0x67,0x18,0x86,0x18,0x66,0x18,0x66,0x18,0x66,0x18,0x86,0x18,0x66,0x18,0x66,0x18,0x66,0x18,0x86,0x18,0x87,0x18,0x86,0x18,0x86,0x18,0x86,
0x18,0x86,0x18,0x86,0x18,0x87,0x18,0x87,0x18,0x86,0x18,0x86,0x18,0x87,0x18,0x86,0x18,0x66,0x18,0x86,0x18,0x87,0x18,0x86,0x18,0x86,0x18,0x86,0x18,0x66,0x18,0x86,
0x18,0x86,0x18,0x86,0x18,0x86,0x18,0x86,0x18,0x87,0x18,0x86,0x18,0x86,0x18,0x86,0x18,0x66,0x20,0xA7,0x20,0xA7,0x18,0x86,0x18,0x86,0x18,0x87,0x20,0xC7,0x18,0x86,
0x18,0x86,0x18,0x86,0x18,0x86,0x18,0xA7,0x18,0x87,0x18,0x87,0x18,0x87,0x18,0x87,0x18,0x87,0x18,0x87,0x18,0x87,0x20,0xA8,0x20,0xA8,0x18,0xA8,0x20,0xC8,0x20,0xE8,
0x21,0x29,0x19,0x6A,0x64,0xF7,0x3B,0x31,0x1A,0x6E,0x7E,0xDD,0x8F,0x9F,0x2B,0x72,0x33,0xF4,0x8F,0xBF,0x76,0x3B,0x2A,0x6F,0x2A,0x2E,0x3B,0x93,0x8F,0x5F,0x23,0x31,
0x76,0x3C,0x65,0xBA,0x19,0xED,0x43,0xB3,0x44,0x14,0x44,0x14,0x3B,0xF4,0x3B,0xF4,0x43,0xF4,0x43,0xF4,0x43,0xD4,0x43,0xF4,0x43,0xD3,0x3B,0xB3,0x3B,0xB3,0x3B,0x92,
0x2A,0x0D,0x19,0x6B,0x54,0xD7,0x6E,0x3C,0x2B,0x51,0x97,0x5F,0x3B,0xB2,0x21,0x8B,0x29,0xAC,0x21,0x6B,0x21,0x4A,0x29,0x4A,0x29,0x4A,0x29,0x8B,0x29,0x8B,0x2A,0x6E,
0x97,0x3F,0x44,0x34,0x5D,0x79,0x76,0x1B,0x2A,0xF1,0x75,0xDB,0x22,0x8F,0x3B,0xD3,0x87,0x9F,0x65,0xFA,0x1A,0x8F,0x55,0x59,0x8F,0xBF,0x44,0x14,0x19,0xCC,0x21,0xED,
0x76,0x3C,0x5D,0x79,0x33,0xB3,0x9F,0x3F,0x2A,0x6E,0x21,0x29,0x21,0x09,0x20,0xC8,0x18,0xA8,0x18,0xA8,0x18,0xA8,0x18,0xA8,0x18,0xC8,0x21,0x09,0x21,0x4A,0x2A,0x4E,
0x2A,0xAF,0x2A,0xAE,0x2A,0xCF,0x32,0xD0,0x32,0xF0,0x32,0xF0,0x33,0x10,0x33,0x11,0x33,0x10,0x22,0xAF,0x65,0x99,0x97,0xDF,0x23,0x30,0x65,0xFA,0x65,0xB9,0x11,0xCD,
0x7E,0x9D,0x55,0x18,0x33,0xD3,0x8F,0x5F,0x22,0xD0,0x2A,0xB0,0x43,0xF3,0x3B,0xF3,0x43,0xF4,0x44,0x14,0x44,0x14,0x44,0x14,0x44,0x14,0x43,0xF4,0x43,0xF4,0x43,0xF4,
0x43,0xF4,0x43,0xF4,0x3B,0x72,0x21,0xCC,0x21,0xAC,0x32,0xAF,0x3B,0x92,0x3B,0x92,0x3B,0xB3,0x3B,0xD3,0x3B,0xF3,0x43,0xF4,0x43,0xF4,0x43,0xF4,0x43,0xF4,0x43,0xF4,
0x3B,0xD3,0x3B,0xD3,0x32,0xAF,0x19,0x2A,0x20,0xE9,0x18,0xA8,0x18,0xA7,0x18,0x87,0x18,0x87,0x18,0x66,0x18,0x66,0x18,0x86,0x18,0x66,0x18,0x66,0x18,0x66,0x18,0x66,
0x18,0x86,0x32,0x09,0x18,0xA6,0x18,0x87,0x18,0x86,0x18,0x86,0x18,0x66,0x18,0x86,0x18,0x86,0x18,0x86,0x18,0x66,0x18,0x86,0x18,0x86,0x18,0x86,0x18,0x66,0x18,0x66,
0x18,0x87,0x18,0x66,0x18,0x66,0x18,0x66,0x18,0x66,0x18,0x66,0x18,0x66,0x18,0x66,0x18,0x66,0x18,0x66,0x18,0x66,0x18,0x86,0x18,0x86,0x18,0x66,0x18,0x66,0x18,0x66,
0x18,0x66,0x18,0x66,0x18,0x86,0x18,0x66,0x18,0x66,0x18,0x86,0x18,0x66,0x18,0x86,0x18,0x86,0x18,0x66,0x18,0x86,0x18,0x86,0x18,0x66,0x18,0x86,0x18,0x86,0x18,0x87,
0x18,0x87,0x20,0x87,0x20,0x87,0x20,0x88,0x28,0x88,0x38,0xCC,0x82,0x76,0xE6,0x3E,0xFF,0xFF,0xDD,0x9D,0x59,0xCE,0x29,0x45,0x29,0x45,0x21,0x24,0x21,0x24,0x18,0xE3,
0x00,0x00,0x00,0x00,0x00,0x00,0x00,0x00,0x00,0x00,0x00,0x00,0x00,0x00,0x00,0x00,0x00,0x00,0x00,0x00,0x00,0x00,0x00,0x00,0x00,0x00,0x00,0x00,0x00,0x00,0x00,0x00,
0x00,0x00,0x00,0x00,0x00,0x00,0x00,0x00,0x00,0x00,0x00,0x00,0x00,0x00,0x00,0x00,0x00,0x00,0x00,0x00,0x00,0x00,0x00,0x00,0x00,0x00,0x00,0x00,0x00,0x00,0x00,0x00,
0x21,0x25,0x29,0x65,0x29,0x65,0x29,0x65,0x31,0x66,0x49,0x4C,0xD5,0x3C,0xFF,0xDF,0xEE,0x5E,0x8A,0xB6,0x49,0x2D,0x28,0xA8,0x30,0xC9,0x28,0xA8,0x20,0x87,0x20,0x87,
0x20,0x87,0x18,0x87,0x18,0x87,0x18,0x67,0x18,0x67,0x18,0x86,0x18,0x86,0x18,0x86,0x18,0x86,0x18,0x86,0x18,0x66,0x18,0x86,0x18,0x86,0x18,0x66,0x18,0x86,0x18,0x86,
0x18,0x87,0x18,0x86,0x18,0x87,0x18,0x87,0x18,0x87,0x18,0x87,0x18,0x87,0x18,0x87,0x18,0x66,0x18,0x86,0x18,0x86,0x18,0x86,0x20,0xA7,0x20,0xA7,0x18,0x87,0x18,0x66,
0x20,0xA7,0x20,0xA7,0x18,0x66,0x18,0x87,0x18,0x87,0x18,0x86,0x18,0x86,0x18,0x86,0x18,0x86,0x18,0x87,0x18,0x87,0x18,0x87,0x18,0x87,0x18,0x86,0x18,0x66,0x18,0x87,
0x18,0x87,0x18,0x87,0x18,0x86,0x18,0x86,0x18,0x87,0x18,0x87,0x18,0x87,0x20,0x87,0x18,0x87,0x18,0x87,0x20,0x87,0x20,0xA8,0x20,0xA8,0x20,0xA8,0x20,0xC8,0x20,0xE9,
0x21,0x2A,0x19,0x29,0x6D,0xDA,0x6E,0x1C,0x11,0xAC,0x1A,0x4E,0x76,0x7C,0x8F,0xBF,0x33,0xB3,0x33,0xF4,0x97,0xBF,0x76,0x7C,0x22,0x8F,0x33,0x52,0x87,0x3F,0x23,0x31,
0x6E,0x1B,0x65,0xBA,0x12,0x0D,0x76,0x7D,0x8F,0x9F,0x87,0x1F,0x8F,0x3F,0x8F,0x3F,0x8F,0x5F,0x8F,0x3F,0x8F,0x5F,0x8F,0x3F,0x8F,0x3F,0x87,0x3F,0x87,0x5F,0x86,0xFE,
0x32,0x8F,0x19,0x6B,0x54,0xF7,0x66,0x1C,0x23,0x31,0x8F,0x1F,0x3B,0x51,0x29,0x8C,0x29,0x8B,0x21,0x4A,0x21,0x2A,0x21,0x29,0x21,0x2A,0x21,0x4B,0x29,0x8B,0x2A,0x6E,
0x8F,0x1F,0x44,0x14,0x5D,0x58,0x76,0x3C,0x23,0x11,0x97,0x5F,0x44,0x35,0x11,0xCD,0x33,0x93,0x87,0x7F,0x66,0x1B,0x1A,0x8F,0x55,0x38,0x97,0xDF,0x4C,0x96,0x11,0xCD,
0x76,0x1C,0x5D,0x59,0x33,0xB3,0x97,0x3F,0x2A,0x4E,0x19,0x09,0x21,0x09,0x20,0xC8,0x18,0xA8,0x18,0xA8,0x18,0xA7,0x20,0xC8,0x20,0xE8,0x21,0x09,0x21,0xAC,0x76,0x7C,
0x87,0x7F,0x8F,0x7F,0x8F,0x9F,0x8F,0x7F,0x8F,0x9F,0x97,0xBF,0x97,0xBF,0x9F,0xDF,0x8F,0x5F,0x87,0x3E,0x97,0xBF,0x3C,0x34,0x2B,0x92,0x8F,0x9F,0x4C,0xB6,0x19,0xED,
0x86,0x9D,0x55,0x38,0x3B,0xF3,0x8F,0x7F,0x1A,0xB0,0x3C,0x14,0x97,0xBF,0x87,0x5F,0x8F,0x5F,0x8F,0x7F,0x8F,0x7F,0x8F,0x7F,0x97,0x7F,0x97,0x7F,0x97,0x7F,0x97,0x7F,
0x97,0x7F,0x97,0xDF,0x7E,0x7C,0x21,0xED,0x19,0x8B,0x5D,0x18,0x8F,0xDF,0x7F,0x3F,0x87,0x5F,0x87,0x5F,0x87,0x5F,0x8F,0x7F,0x8F,0x9F,0x8F,0x9F,0x97,0x9F,0x8F,0xBF,
0x8F,0x9F,0x97,0xFF,0x5C,0xF8,0x10,0xE9,0x21,0x09,0x18,0xA8,0x18,0xA7,0x18,0x87,0x18,0x87,0x18,0x87,0x18,0x87,0x18,0x67,0x18,0x67,0x18,0x67,0x18,0x67,0x18,0x67,
0x18,0x86,0x32,0x09,0x18,0x86,0x18,0x87,0x18,0x87,0x18,0x87,0x18,0x87,0x18,0x87,0x18,0x87,0x18,0x86,0x18,0x67,0x18,0x87,0x18,0x67,0x18,0x67,0x18,0x67,0x18,0x87,
0x18,0x87,0x18,0x67,0x18,0x86,0x18,0x66,0x18,0x87,0x18,0x66,0x18,0x67,0x18,0x66,0x18,0x66,0x18,0x66,0x18,0x67,0x18,0x67,0x18,0x66,0x18,0x86,0x18,0x66,0x18,0x66,
0x18,0x66,0x18,0x86,0x18,0x66,0x18,0x86,0x18,0x87,0x18,0x86,0x18,0x86,0x18,0x66,0x18,0x86,0x18,0x86,0x18,0x86,0x18,0x86,0x18,0x86,0x18,0x86,0x18,0x86,0x18,0x87,
0x20,0x87,0x20,0x87,0x20,0x88,0x20,0x88,0x28,0x88,0x38,0xEC,0x82,0x76,0xE6,0x3E,0xFF,0xFF,0xDD,0x9D,0x59,0xAE,0x29,0x45,0x29,0x45,0x21,0x25,0x29,0x45,0x18,0xE3,
0x00,0x00,0x00,0x00,0x00,0x00,0x00,0x00,0x00,0x00,0x00,0x00,0x00,0x00,0x00,0x00,0x00,0x00,0x00,0x00,0x00,0x00,0x00,0x00,0x00,0x00,0x00,0x00,0x00,0x00,0x00,0x00,
0x00,0x00,0x00,0x00,0x00,0x00,0x00,0x00,0x00,0x00,0x00,0x00,0x00,0x00,0x00,0x00,0x00,0x00,0x00,0x00,0x00,0x00,0x00,0x00,0x00,0x00,0x00,0x00,0x00,0x00,0x00,0x00,
0x29,0x44,0x29,0x65,0x29,0x65,0x31,0x86,0x31,0x86,0x49,0x4C,0xD5,0x3C,0xFF,0xDF,0xEE,0x5E,0x8A,0xB6,0x49,0x2D,0x28,0xA9,0x28,0xA9,0x28,0xA8,0x20,0xA8,0x20,0x87,
0x20,0x87,0x18,0x87,0x18,0x87,0x18,0x87,0x18,0x87,0x18,0x87,0x18,0x87,0x18,0x87,0x18,0x87,0x18,0x87,0x18,0x87,0x18,0x86,0x18,0x86,0x18,0x87,0x18,0x87,0x18,0x86,
0x18,0x87,0x18,0x87,0x18,0x87,0x18,0x87,0x18,0x87,0x18,0x87,0x18,0x87,0x18,0x86,0x18,0x87,0x18,0x87,0x18,0x87,0x18,0x86,0x18,0x86,0x20,0xA7,0x20,0xA7,0x18,0x86,
0x18,0x87,0x18,0x87,0x18,0x86,0x18,0x87,0x18,0x87,0x18,0x87,0x18,0x87,0x18,0x87,0x18,0x87,0x18,0x87,0x18,0x87,0x18,0x87,0x18,0x87,0x18,0x87,0x18,0x87,0x18,0x87,
0x18,0x87,0x18,0x87,0x18,0x87,0x18,0x87,0x18,0xA7,0x20,0x87,0x18,0x87,0x20,0x87,0x20,0x87,0x20,0xA7,0x20,0x87,0x20,0x87,0x20,0xA8,0x20,0xA8,0x20,0xE8,0x21,0x09,
0x21,0x2A,0x19,0x2A,0x65,0x99,0x65,0xFB,0x22,0xAF,0x43,0xB3,0x1A,0x6E,0x76,0x5B,0x97,0xBF,0x33,0xB3,0x33,0xB3,0x97,0xBF,0x6E,0x7C,0x33,0xF4,0x87,0x1F,0x23,0x32,
0x6D,0xFB,0x65,0xBA,0x12,0x0E,0x76,0x5C,0x55,0x59,0x1A,0xD0,0x23,0x11,0x23,0x11,0x22,0xF0,0x22,0xF0,0x1A,0xD0,0x1A,0xAF,0x1A,0x8F,0x1A,0xAF,0x1A,0xAF,0x1A,0x6E,
0x2A,0x0D,0x19,0x8B,0x54,0xD7,0x66,0x1C,0x23,0x31,0x8F,0x3F,0x3B,0x72,0x29,0x8C,0x29,0x8B,0x21,0x4A,0x21,0x2A,0x21,0x2A,0x21,0x2A,0x29,0x4B,0x29,0x8B,0x2A,0x8E,
0x8E,0xFF,0x3B,0xF4,0x55,0x38,0x6E,0x3C,0x23,0x11,0x8F,0x3F,0x3B,0xD4,0x43,0xB3,0x33,0x31,0x2B,0x51,0x87,0x5F,0x6E,0x5C,0x1A,0x90,0x55,0x18,0x9F,0xFF,0x4C,0x75,
0x6D,0xFB,0x5D,0x59,0x2B,0x92,0x97,0x1F,0x2A,0x4E,0x19,0x09,0x21,0x09,0x18,0xC8,0x18,0xA8,0x18,0xA8,0x29,0x09,0x20,0xC8,0x21,0x09,0x21,0x2A,0x21,0xCC,0x7E,0xDE,
0x5D,0x79,0x2B,0x51,0x2B,0x72,0x2B,0x52,0x2B,0x72,0x2B,0x72,0x33,0xB3,0x44,0x35,0x8E,0xFE,0x8F,0x5E,0x1B,0x51,0x2B,0xB3,0x8F,0x7F,0x5D,0x58,0x22,0x2E,0x22,0x2E,
0x86,0x9D,0x5D,0x59,0x3C,0x14,0x97,0x7F,0x22,0xD0,0x3C,0x35,0x87,0x3F,0x2B,0x92,0x1A,0xF0,0x1A,0xF0,0x1A,0xF0,0x1A,0xF0,0x1A,0xD0,0x1A,0xD0,0x22,0xF0,0x22,0xF0,
0x22,0xF0,0x22,0xF0,0x22,0xAF,0x2A,0x0E,0x19,0x8B,0x5D,0x18,0x6E,0x7D,0x1A,0xF0,0x1A,0xF0,0x1A,0xF0,0x1A,0xF0,0x1B,0x10,0x23,0x10,0x22,0xF0,0x22,0xF0,0x22,0xF0,
0x22,0xF0,0x22,0xD0,0x21,0xED,0x21,0x2A,0x20,0xE8,0x18,0xC8,0x18,0xA7,0x18,0x87,0x18,0x87,0x18,0x87,0x18,0x87,0x18,0x87,0x18,0x87,0x18,0x67,0x18,0x67,0x18,0x67,
0x18,0x87,0x32,0x29,0x18,0x86,0x18,0x67,0x18,0x67,0x18,0x87,0x18,0x87,0x18,0x87,0x18,0x87,0x18,0x87,0x18,0x87,0x18,0x87,0x18,0x67,0x18,0x87,0x18,0x87,0x18,0x67,
0x18,0x87,0x18,0x87,0x18,0x87,0x18,0x66,0x18,0x87,0x18,0x87,0x18,0x67,0x18,0x67,0x18,0x67,0x18,0x67,0x18,0x87,0x18,0x67,0x18,0x67,0x18,0x66,0x18,0x66,0x18,0x66,
0x18,0x66,0x18,0x66,0x18,0x66,0x18,0x66,0x18,0x86,0x18,0x86,0x18,0x66,0x20,0xA7,0x20,0xA7,0x18,0x66,0x18,0x86,0x18,0x86,0x18,0x86,0x18,0x86,0x18,0x87,0x18,0x87,
0x20,0x87,0x20,0x87,0x20,0x88,0x28,0xA8,0x28,0x88,0x38,0xEC,0x82,0x76,0xE6,0x3E,0xFF,0xFF,0xDD,0x9D,0x59,0xCF,0x29,0x65,0x29,0x45,0x21,0x24,0x29,0x45,0x18,0xE3,
0x00,0x00,0x00,0x00,0x00,0x00,0x00,0x00,0x00,0x00,0x00,0x00,0x00,0x00,0x00,0x00,0x00,0x00,0x00,0x00,0x00,0x00,0x00,0x00,0x00,0x00,0x00,0x00,0x00,0x00,0x00,0x00,
0x00,0x00,0x00,0x00,0x00,0x00,0x00,0x00,0x00,0x00,0x00,0x00,0x00,0x00,0x00,0x00,0x00,0x00,0x00,0x00,0x00,0x00,0x00,0x00,0x00,0x00,0x00,0x00,0x00,0x00,0x00,0x00,
0x29,0x45,0x29,0x65,0x29,0x65,0x31,0x86,0x31,0x86,0x49,0x6C,0xD5,0x3C,0xFF,0xDF,0xEE,0x5E,0x8A,0xB6,0x49,0x2D,0x30,0xA9,0x28,0xA9,0x28,0xA8,0x20,0xA8,0x20,0x87,
0x20,0x87,0x18,0x87,0x18,0x87,0x18,0x87,0x18,0x87,0x18,0x87,0x18,0x87,0x18,0x87,0x18,0x87,0x18,0x87,0x18,0x87,0x18,0x87,0x18,0x87,0x18,0x87,0x18,0x87,0x18,0x87,
0x18,0x87,0x18,0x87,0x18,0x87,0x18,0x87,0x18,0x87,0x18,0x87,0x18,0x87,0x18,0x87,0x18,0x87,0x18,0x87,0x18,0x87,0x18,0x87,0x18,0x87,0x18,0x87,0x18,0x87,0x18,0x87,
0x18,0x87,0x18,0x87,0x18,0x87,0x18,0x87,0x18,0x87,0x18,0x87,0x18,0x87,0x18,0x87,0x18,0x87,0x20,0x87,0x18,0x87,0x18,0x87,0x18,0x87,0x20,0xA7,0x20,0xA7,0x18,0x87,
0x18,0x87,0x18,0x87,0x18,0x87,0x18,0x87,0x18,0x87,0x20,0xA7,0x18,0x87,0x18,0x87,0x20,0x87,0x20,0xA7,0x20,0xA7,0x20,0xA8,0x20,0xA8,0x20,0xA8,0x20,0xC8,0x20,0xE9,
0x21,0x4A,0x19,0x2A,0x5D,0x99,0x5D,0xDB,0x1A,0xCF,0x97,0x7F,0x33,0x52,0x22,0x2E,0x76,0x3B,0x97,0xBF,0x33,0xB3,0x2B,0x72,0x87,0x7F,0x7F,0x5F,0x7F,0x1F,0x23,0x32,
0x6D,0xFB,0x65,0xBA,0x12,0x2E,0x7E,0x9D,0x54,0xF8,0x33,0x93,0x7E,0x5C,0x7E,0x3C,0x7E,0x5C,0x76,0x3C,0x76,0x3C,0x6E,0x1C,0x6E,0x1C,0x6E,0x1C,0x76,0x3C,0x75,0xDA,
0x2A,0x6F,0x19,0xAC,0x54,0xF8,0x6E,0x3C,0x23,0x31,0x8F,0x1F,0x3B,0x52,0x21,0x8C,0x29,0x8B,0x29,0x4A,0x29,0x2A,0x29,0x2A,0x29,0x2A,0x29,0x6B,0x29,0x8B,0x2A,0x6E,
0x86,0xFF,0x33,0xD3,0x55,0x18,0x76,0x5C,0x23,0x31,0x8F,0x3F,0x33,0x93,0x5D,0x58,0x86,0x5C,0x11,0xAC,0x2B,0x11,0x87,0x3E,0x7E,0x9C,0x1A,0xB0,0x54,0xF8,0x97,0xBF,
0x8F,0x7F,0x55,0x18,0x2B,0x72,0x8F,0x1F,0x22,0x2D,0x21,0x09,0x21,0x09,0x18,0xC8,0x18,0xA7,0x18,0xA8,0x20,0xE9,0x20,0xE8,0x21,0x09,0x21,0x4A,0x21,0xCC,0x86,0xDE,
0x44,0x55,0x22,0xF0,0x5D,0x58,0x5D,0x38,0x5D,0x59,0x5D,0x39,0x65,0x58,0x22,0xD0,0x54,0xD7,0x9F,0xBF,0x55,0x17,0x97,0x9F,0x5D,0x58,0x1A,0x0D,0x2A,0x2E,0x22,0x2E,
0x86,0x9D,0x5D,0x59,0x3C,0x14,0x97,0x7F,0x22,0xF1,0x44,0x55,0x8F,0x3F,0x23,0x10,0x55,0x18,0x6E,0x1B,0x6E,0x1B,0x6D,0xFB,0x6E,0x1B,0x6D,0xFB,0x6D,0xFB,0x76,0x1B,
0x76,0x1B,0x76,0x3B,0x65,0x18,0x2A,0x0E,0x21,0xAC,0x5D,0x59,0x6E,0x5C,0x1A,0x8E,0x5D,0x59,0x5D,0xBA,0x65,0xDB,0x65,0xDB,0x65,0xDB,0x65,0xDB,0x65,0xDB,0x65,0xDA,
0x65,0xBA,0x6D,0xFA,0x4B,0xB3,0x18,0xE9,0x20,0xE8,0x20,0xC8,0x20,0xA7,0x18,0x87,0x18,0x87,0x18,0x87,0x18,0x87,0x18,0x87,0x18,0x67,0x20,0xC8,0x18,0x87,0x18,0x67,
0x18,0x87,0x32,0x29,0x18,0x86,0x18,0x67,0x18,0x67,0x18,0x67,0x18,0x66,0x18,0x67,0x18,0x87,0x18,0x87,0x18,0x87,0x18,0x86,0x18,0x87,0x18,0x87,0x18,0x87,0x18,0x87,
0x18,0x87,0x18,0x87,0x18,0x87,0x18,0x87,0x18,0x87,0x18,0x87,0x18,0x87,0x18,0x87,0x18,0x86,0x18,0x87,0x18,0x67,0x18,0x87,0x18,0x67,0x18,0x67,0x18,0x67,0x18,0x66,
0x18,0x66,0x18,0x66,0x18,0x66,0x18,0x86,0x18,0x66,0x18,0x87,0x18,0x86,0x18,0x86,0x18,0x86,0x18,0x66,0x18,0x66,0x18,0x66,0x18,0x66,0x18,0x66,0x18,0x87,0x20,0x87,
0x20,0x87,0x20,0x88,0x20,0x88,0x28,0xA8,0x28,0x88,0x40,0xEC,0x82,0x76,0xE6,0x3E,0xFF,0xFF,0xDD,0x9D,0x59,0xCF,0x29,0x66,0x29,0x65,0x29,0x45,0x29,0x45,0x18,0xE3,
0x00,0x00,0x00,0x00,0x00,0x00,0x00,0x00,0x00,0x00,0x00,0x00,0x00,0x00,0x00,0x00,0x00,0x00,0x00,0x00,0x00,0x00,0x00,0x00,0x00,0x00,0x00,0x00,0x00,0x00,0x00,0x00,
0x00,0x00,0x00,0x00,0x00,0x00,0x00,0x00,0x00,0x00,0x00,0x00,0x00,0x00,0x00,0x00,0x00,0x00,0x00,0x00,0x00,0x00,0x00,0x00,0x00,0x00,0x00,0x00,0x00,0x00,0x00,0x00,
0x29,0x45,0x29,0x65,0x29,0x65,0x31,0x86,0x31,0x86,0x49,0x4D,0xD5,0x3C,0xFF,0xDF,0xEE,0x5E,0x8A,0xB6,0x49,0x2D,0x30,0xA9,0x28,0xA9,0x28,0xA8,0x20,0xA8,0x20,0xA7,
0x20,0x87,0x20,0x87,0x18,0x87,0x18,0x87,0x18,0x87,0x18,0x87,0x18,0x87,0x18,0x87,0x18,0x87,0x18,0x87,0x18,0x87,0x18,0x87,0x20,0x87,0x18,0x87,0x18,0x87,0x18,0x87,
0x18,0x87,0x18,0x87,0x18,0x87,0x18,0x87,0x18,0x87,0x18,0x87,0x18,0x87,0x18,0x87,0x18,0x87,0x18,0x87,0x18,0x87,0x18,0x87,0x18,0x87,0x18,0x87,0x18,0x87,0x18,0x87,
0x18,0x87,0x18,0x87,0x18,0x87,0x18,0x87,0x18,0x87,0x20,0x87,0x18,0x87,0x18,0x87,0x18,0x87,0x20,0x87,0x20,0x87,0x18,0x87,0x18,0x87,0x18,0x87,0x18,0x87,0x20,0x87,
0x18,0x87,0x18,0x87,0x18,0x87,0x18,0x87,0x18,0x87,0x20,0x87,0x20,0x87,0x20,0xA7,0x18,0x87,0x20,0xC7,0x20,0xC7,0x18,0x87,0x20,0xA8,0x20,0xA8,0x20,0xC8,0x20,0xE9,
0x21,0x2A,0x19,0x2A,0x5D,0x79,0x5D,0xDB,0x22,0xCF,0x87,0x3F,0x3B,0xB3,0x21,0xED,0x2A,0x4E,0x6D,0xDA,0x97,0xBF,0x33,0x93,0x23,0x11,0x7F,0x1E,0x87,0x9F,0x23,0x31,
0x65,0xFB,0x65,0xDB,0x12,0x2F,0x86,0xBD,0x55,0x18,0x3C,0x34,0xA7,0xFF,0x6D,0xBA,0x65,0x59,0x65,0x59,0x65,0x38,0x5D,0x38,0x5D,0x38,0x5D,0x38,0x65,0x79,0x65,0x38,
0x32,0x6F,0x21,0xAD,0x5D,0x18,0x6E,0x1C,0x2B,0x31,0x8F,0x5F,0x3B,0x92,0x19,0x6B,0x29,0xAB,0x29,0x6B,0x21,0x4B,0x21,0x2A,0x21,0x4B,0x29,0x8B,0x21,0x6B,0x22,0x8F,
0x87,0x5F,0x33,0xD3,0x55,0x38,0x76,0x5C,0x23,0x31,0x8F,0x1F,0x33,0x93,0x55,0x18,0x76,0x3C,0x21,0xED,0x21,0xAC,0x2A,0xF0,0x8F,0x1E,0x86,0xBD,0x1A,0x90,0x4C,0xB7,
0x9F,0xFF,0x55,0x17,0x2B,0x52,0x8E,0xFF,0x22,0x2D,0x19,0x09,0x20,0xE9,0x18,0xC8,0x18,0xA7,0x18,0xA8,0x18,0xC8,0x20,0xE9,0x21,0x09,0x21,0x4B,0x21,0xED,0x86,0xFE,
0x4C,0x55,0x44,0x55,0x97,0xFF,0x76,0x7D,0x76,0x7C,0x76,0x5C,0x9F,0xBF,0x76,0x3C,0x22,0xB0,0x8E,0xFE,0x9F,0xFF,0x5D,0x58,0x22,0x2E,0x2A,0x0E,0x2A,0x0E,0x22,0x0D,
0x86,0x7D,0x5D,0x59,0x44,0x14,0x9F,0x7F,0x23,0x11,0x44,0x55,0x8F,0x3F,0x23,0x31,0x76,0x9D,0x7F,0x1E,0x65,0xB9,0x65,0xBA,0x65,0xBA,0x65,0x99,0x65,0x99,0x65,0x79,
0x6D,0x99,0x75,0xFA,0x65,0x18,0x29,0xEE,0x21,0xAC,0x5D,0x59,0x6E,0x5C,0x23,0x10,0x8F,0x7F,0x6E,0x9C,0x65,0xDA,0x65,0xDA,0x65,0xDA,0x65,0xBA,0x65,0xBA,0x65,0xBA,
0x65,0xBA,0x6D,0xFB,0x4B,0xD3,0x18,0xC8,0x20,0xE8,0x18,0xA8,0x18,0xA7,0x18,0x87,0x18,0x87,0x18,0x87,0x18,0x87,0x18,0x67,0x18,0x87,0x18,0x87,0x18,0x87,0x18,0x87,
0x18,0x87,0x32,0x29,0x18,0x86,0x18,0x67,0x18,0x87,0x18,0x87,0x18,0x87,0x18,0x87,0x18,0x87,0x18,0x67,0x18,0x87,0x18,0x87,0x18,0x87,0x18,0x67,0x18,0x87,0x18,0x87,
0x18,0x87,0x18,0x87,0x18,0x87,0x18,0x87,0x18,0x87,0x18,0x87,0x18,0x87,0x18,0x87,0x18,0x87,0x18,0x67,0x18,0x67,0x18,0x67,0x18,0x87,0x18,0x67,0x18,0x67,0x18,0x87,
0x18,0x87,0x18,0x87,0x18,0x87,0x18,0x87,0x18,0x86,0x18,0x87,0x18,0x66,0x18,0x66,0x18,0x86,0x18,0x66,0x18,0x66,0x18,0x66,0x18,0x86,0x18,0x87,0x20,0x87,0x20,0x87,
0x20,0x87,0x20,0x88,0x20,0x88,0x28,0xA9,0x28,0x89,0x40,0xEC,0x82,0x76,0xE6,0x3E,0xFF,0xDF,0xDD,0x9D,0x59,0xCE,0x29,0x65,0x29,0x65,0x29,0x45,0x29,0x45,0x18,0xE3,
0x00,0x00,0x00,0x00,0x00,0x00,0x00,0x00,0x00,0x00,0x00,0x00,0x00,0x00,0x00,0x00,0x00,0x00,0x00,0x00,0x00,0x00,0x00,0x00,0x00,0x00,0x00,0x00,0x00,0x00,0x00,0x00,
0x00,0x00,0x00,0x00,0x00,0x00,0x00,0x00,0x00,0x00,0x00,0x00,0x00,0x00,0x00,0x00,0x00,0x00,0x00,0x00,0x00,0x00,0x00,0x00,0x00,0x00,0x00,0x00,0x00,0x00,0x00,0x00,
0x29,0x45,0x29,0x65,0x29,0x65,0x31,0x86,0x31,0x86,0x51,0x4C,0xD5,0x3C,0xFF,0xDF,0xEE,0x5E,0x8A,0xB6,0x49,0x2D,0x30,0xC9,0x28,0xC9,0x28,0xA8,0x20,0xA8,0x20,0xA8,
0x20,0x87,0x20,0x87,0x20,0x87,0x18,0x87,0x18,0x87,0x18,0x87,0x20,0x87,0x20,0x87,0x18,0x87,0x18,0x87,0x18,0x87,0x18,0x87,0x20,0x87,0x18,0x87,0x20,0xA8,0x20,0xA8,
0x18,0x87,0x18,0x87,0x18,0x87,0x18,0x87,0x18,0x87,0x18,0x87,0x18,0x87,0x18,0x87,0x20,0x87,0x18,0xA7,0x18,0x87,0x18,0x87,0x18,0x87,0x18,0x87,0x18,0x87,0x20,0xA7,
0x18,0x87,0x20,0xA7,0x18,0x87,0x18,0x87,0x18,0x87,0x18,0x87,0x18,0x87,0x18,0x87,0x18,0x87,0x20,0x87,0x20,0x87,0x18,0x87,0x18,0x87,0x18,0x87,0x18,0x87,0x20,0x87,
0x20,0xA7,0x20,0xA7,0x20,0xA7,0x20,0xA7,0x20,0xA7,0x20,0x87,0x20,0xA7,0x20,0xA7,0x20,0x87,0x20,0xE8,0x20,0xE8,0x20,0x87,0x20,0xA8,0x20,0xA8,0x20,0xC8,0x21,0x09,
0x21,0x2A,0x19,0x4A,0x65,0x99,0x65,0xFB,0x22,0xF0,0x87,0x3F,0x3B,0x72,0x3A,0x8F,0x32,0x0E,0x21,0xEE,0x65,0x79,0x8F,0x9F,0x2B,0x92,0x22,0xD0,0x7E,0x9D,0x2B,0x32,
0x65,0xDB,0x65,0xFB,0x1A,0x4F,0x86,0xBD,0x5C,0xF8,0x3C,0x14,0x97,0x7F,0x22,0xB0,0x21,0xEE,0x22,0x0E,0x21,0xED,0x19,0xCD,0x19,0xAD,0x21,0xAD,0x21,0xCD,0x21,0xCD,
0x32,0x2E,0x21,0xCD,0x65,0x39,0x7E,0x9D,0x1A,0x8F,0x65,0xDA,0x7E,0xDE,0x2A,0xD0,0x19,0x6A,0x29,0x8C,0x29,0x8B,0x29,0x8B,0x29,0xAC,0x21,0x8B,0x22,0x2E,0x76,0x5C,
0x7E,0xBD,0x1A,0xCF,0x5D,0x99,0x76,0x7D,0x23,0x11,0x87,0x1F,0x33,0xB3,0x55,0x18,0x76,0x1C,0x19,0xAC,0x29,0xED,0x21,0xAD,0x2A,0xB0,0x8E,0xFD,0x86,0xBD,0x1A,0x6F,
0x5D,0x38,0x5D,0x18,0x23,0x31,0x86,0xFF,0x22,0x2D,0x21,0x09,0x20,0xE9,0x18,0xC8,0x18,0xA8,0x18,0xA8,0x20,0xC9,0x20,0xC9,0x21,0x0A,0x29,0x4B,0x21,0xED,0x86,0xFE,
0x4C,0x55,0x3C,0x14,0x7E,0xDE,0x1A,0x2D,0x21,0xED,0x19,0xCD,0x3B,0x72,0x97,0xBF,0x44,0x15,0x33,0xD4,0x8F,0xBF,0x33,0xB3,0x29,0xED,0x32,0x0E,0x29,0xEE,0x21,0xED,
0x7E,0x7C,0x55,0x38,0x44,0x14,0x97,0x7F,0x23,0x11,0x44,0x56,0x8F,0x3F,0x23,0x10,0x6E,0x7D,0x55,0x18,0x11,0x6B,0x21,0x8C,0x19,0x4B,0x19,0x2A,0x19,0x2A,0x19,0x2A,
0x19,0x2A,0x19,0x4B,0x21,0x6B,0x29,0xCD,0x21,0x8C,0x5D,0x59,0x76,0x5C,0x1A,0xF0,0x87,0x3F,0x33,0x92,0x19,0x6B,0x19,0x8B,0x19,0x4A,0x19,0x2A,0x19,0x2A,0x19,0x2A,
0x19,0x2A,0x18,0xE9,0x18,0xE9,0x20,0xE9,0x20,0xC8,0x20,0xA8,0x18,0xA7,0x18,0x87,0x18,0x87,0x18,0x87,0x18,0x87,0x18,0x87,0x18,0x87,0x18,0x87,0x18,0x87,0x18,0x87,
0x18,0xA7,0x32,0x29,0x18,0x86,0x18,0x87,0x18,0x87,0x18,0x87,0x18,0x87,0x18,0x87,0x18,0x87,0x18,0x87,0x18,0x87,0x18,0x87,0x18,0x87,0x18,0x67,0x18,0x87,0x18,0x87,
0x18,0x87,0x18,0x87,0x18,0x87,0x18,0x87,0x18,0x87,0x18,0x87,0x18,0x67,0x18,0x87,0x18,0x87,0x18,0x87,0x18,0x87,0x18,0x87,0x18,0x87,0x18,0x87,0x18,0x87,0x18,0x87,
0x18,0x87,0x18,0x87,0x18,0x87,0x18,0x87,0x18,0x87,0x18,0x87,0x18,0x67,0x18,0x86,0x18,0x86,0x18,0x86,0x18,0x86,0x18,0x87,0x18,0x87,0x18,0x87,0x18,0x87,0x20,0x87,
0x20,0x87,0x20,0x88,0x28,0x88,0x28,0xA9,0x28,0xA9,0x40,0xEC,0x82,0x76,0xE6,0x3E,0xFF,0xFF,0xDD,0x9D,0x59,0xCF,0x29,0x65,0x29,0x65,0x29,0x45,0x29,0x45,0x18,0xE3,
0x00,0x00,0x00,0x00,0x00,0x00,0x00,0x00,0x00,0x00,0x00,0x00,0x00,0x00,0x00,0x00,0x00,0x00,0x00,0x00,0x00,0x00,0x00,0x00,0x00,0x00,0x00,0x00,0x00,0x00,0x00,0x00,
0x00,0x00,0x00,0x00,0x00,0x00,0x00,0x00,0x00,0x00,0x00,0x00,0x00,0x00,0x00,0x00,0x00,0x00,0x00,0x00,0x00,0x00,0x00,0x00,0x00,0x00,0x00,0x00,0x00,0x00,0x00,0x00,
0x29,0x45,0x31,0x85,0x29,0x65,0x31,0x86,0x31,0x86,0x49,0x6C,0xD5,0x3C,0xFF,0xDF,0xEE,0x5E,0x8A,0xB6,0x49,0x2D,0x30,0xC9,0x28,0xC9,0x28,0xA8,0x20,0xA8,0x20,0xA8,
0x20,0xA7,0x20,0xA8,0x20,0x87,0x20,0x87,0x20,0x87,0x20,0x87,0x20,0x87,0x20,0x87,0x20,0x87,0x18,0x87,0x20,0x87,0x20,0x87,0x18,0x87,0x18,0x87,0x20,0x87,0x20,0x87,
0x18,0x87,0x18,0x87,0x18,0x87,0x20,0x87,0x20,0x87,0x18,0x87,0x18,0xA7,0x20,0x87,0x18,0x87,0x20,0x87,0x20,0x87,0x18,0x87,0x18,0x87,0x18,0x87,0x20,0x87,0x20,0xA7,
0x18,0x87,0x20,0xC8,0x20,0xA7,0x18,0x87,0x18,0x87,0x20,0x87,0x20,0x87,0x20,0x87,0x20,0x87,0x18,0x87,0x20,0x87,0x18,0x87,0x20,0x87,0x20,0x87,0x20,0x87,0x20,0xA7,
0x20,0x87,0x20,0x87,0x20,0xA7,0x20,0x87,0x20,0xA7,0x20,0x87,0x20,0xA7,0x20,0xA8,0x20,0x87,0x28,0xE8,0x28,0xE8,0x20,0xA7,0x20,0xC8,0x20,0xC8,0x20,0xC8,0x20,0xE9,
0x21,0x2A,0x19,0x2A,0x65,0x9A,0x65,0xFB,0x22,0xF0,0x87,0x1F,0x3B,0x73,0x29,0x8C,0x31,0xCD,0x29,0xAD,0x21,0xCD,0x55,0x38,0x87,0x9F,0x33,0xB3,0x1A,0x2E,0x22,0x6F,
0x65,0xDB,0x65,0xFB,0x1A,0x4F,0x86,0xBD,0x54,0xD7,0x33,0xD3,0x97,0x5F,0x2A,0xD0,0x22,0x0E,0x22,0x0E,0x22,0x0E,0x21,0xEE,0x21,0xCD,0x21,0xCD,0x21,0xCD,0x21,0xED,
0x21,0xCD,0x21,0xAD,0x43,0x93,0x8F,0x5F,0x5D,0x59,0x12,0x4F,0x5D,0xBA,0x7E,0xFE,0x2A,0xCF,0x19,0x4B,0x19,0x8B,0x19,0x8C,0x19,0x6B,0x22,0x2E,0x6E,0x3C,0x7E,0xBE,
0x23,0x11,0x44,0x96,0x8F,0x9F,0x54,0xD7,0x1A,0xD0,0x7F,0x1F,0x33,0xB3,0x55,0x18,0x76,0x1C,0x19,0x8C,0x29,0xAC,0x29,0xAD,0x21,0x8C,0x2A,0x8F,0x86,0xDD,0x86,0xBD,
0x22,0x90,0x22,0x6F,0x33,0x72,0x86,0xDF,0x22,0x2D,0x21,0x09,0x20,0xE9,0x18,0xA8,0x18,0xA8,0x18,0xA8,0x18,0xA8,0x20,0xC9,0x21,0x0A,0x29,0x4B,0x21,0xED,0x86,0xDE,
0x4C,0x55,0x44,0x35,0x86,0xFE,0x2A,0x6F,0x32,0x0E,0x32,0x0E,0x21,0xCD,0x5D,0x58,0x87,0x1E,0x1A,0x6F,0x5D,0xDA,0x76,0x9D,0x22,0x0D,0x29,0xED,0x31,0xEE,0x21,0xED,
0x7E,0x7D,0x55,0x18,0x43,0xF4,0x97,0x5F,0x22,0xF1,0x44,0x55,0x87,0x3F,0x1A,0xF0,0x6E,0x7D,0x65,0x59,0x21,0xAC,0x29,0xAC,0x29,0x6B,0x21,0x4B,0x21,0x4B,0x21,0x4B,
0x29,0x6B,0x29,0x6B,0x21,0x4B,0x29,0x8B,0x21,0x4B,0x5D,0x39,0x6E,0x5C,0x22,0xF0,0x87,0x3F,0x43,0xD3,0x21,0x8C,0x29,0x8C,0x29,0x6B,0x21,0x4B,0x21,0x2A,0x21,0x2A,
0x29,0x4A,0x20,0xE9,0x20,0xE8,0x20,0xC8,0x20,0xA8,0x20,0xA8,0x18,0xA7,0x18,0x87,0x20,0x87,0x20,0x87,0x18,0x87,0x18,0x87,0x18,0x87,0x18,0x87,0x18,0x87,0x18,0x87,
0x18,0xA7,0x32,0x29,0x18,0x86,0x18,0x87,0x18,0x87,0x18,0x87,0x18,0x87,0x18,0x87,0x18,0x87,0x18,0x87,0x18,0x87,0x18,0x87,0x18,0x87,0x20,0xC8,0x20,0x87,0x18,0x87,
0x18,0x87,0x18,0x87,0x18,0x87,0x18,0x87,0x18,0x87,0x18,0x87,0x18,0x87,0x18,0x87,0x18,0x87,0x18,0x87,0x18,0x87,0x18,0x87,0x18,0x87,0x18,0x87,0x18,0x87,0x18,0x87,
0x18,0x87,0x18,0x87,0x18,0x87,0x18,0x87,0x20,0xA8,0x18,0x87,0x18,0x86,0x18,0x87,0x18,0x87,0x18,0x87,0x18,0x87,0x18,0x87,0x18,0x87,0x18,0x87,0x18,0x87,0x20,0x87,
0x20,0x87,0x20,0x88,0x28,0xA8,0x28,0xA9,0x28,0xA9,0x40,0xEC,0x82,0x76,0xE6,0x5E,0xFF,0xFF,0xDD,0x9D,0x59,0xCF,0x29,0x66,0x29,0x65,0x29,0x45,0x29,0x45,0x18,0xE3,
0x00,0x00,0x00,0x00,0x00,0x00,0x00,0x00,0x00,0x00,0x00,0x00,0x00,0x00,0x00,0x00,0x00,0x00,0x00,0x00,0x00,0x00,0x00,0x00,0x00,0x00,0x00,0x00,0x00,0x00,0x00,0x00,
0x00,0x00,0x00,0x00,0x00,0x00,0x00,0x00,0x00,0x00,0x00,0x00,0x00,0x00,0x00,0x00,0x00,0x00,0x00,0x00,0x00,0x00,0x00,0x00,0x00,0x00,0x00,0x00,0x00,0x00,0x00,0x00,
0x29,0x45,0x29,0x65,0x29,0x65,0x31,0x86,0x31,0x86,0x49,0x6C,0xD5,0x3C,0xFF,0xDF,0xEE,0x5E,0x8A,0xB6,0x49,0x2D,0x30,0xC9,0x30,0xC9,0x28,0xA9,0x28,0xA8,0x20,0xA8,
0x20,0xA8,0x20,0xA8,0x20,0x87,0x20,0x87,0x20,0x87,0x20,0x87,0x20,0x87,0x20,0x87,0x20,0x87,0x20,0x87,0x20,0x87,0x20,0x87,0x18,0x87,0x18,0x87,0x18,0x87,0x18,0x87,
0x18,0x87,0x20,0x87,0x18,0x87,0x20,0x87,0x20,0x87,0x18,0x87,0x18,0x87,0x18,0x87,0x18,0x87,0x18,0x87,0x20,0x87,0x20,0x87,0x20,0x87,0x20,0x87,0x20,0x87,0x18,0x87,
0x18,0x87,0x18,0x87,0x20,0x87,0x20,0x87,0x18,0x87,0x18,0x87,0x20,0x87,0x20,0x87,0x20,0x87,0x20,0x87,0x20,0x87,0x20,0x87,0x20,0x87,0x20,0x87,0x18,0x87,0x20,0xA8,
0x20,0x87,0x20,0xA7,0x20,0x87,0x20,0xA8,0x20,0xA8,0x20,0xA7,0x20,0xA8,0x20,0xA8,0x20,0x87,0x29,0x08,0x29,0x08,0x18,0xA7,0x20,0xC8,0x20,0xA8,0x28,0xE9,0x29,0x0A,
0x21,0x2A,0x19,0x2A,0x65,0x7A,0x65,0xFB,0x22,0xF0,0x86,0xFF,0x43,0x73,0x29,0x6C,0x29,0x8C,0x29,0x6C,0x29,0x8C,0x19,0x8C,0x54,0xF7,0x87,0x9F,0x44,0x35,0x11,0xCD,
0x6D,0xDB,0x6D,0xFB,0x1A,0x4F,0x86,0xBE,0x7E,0xDE,0x6E,0x5C,0x8F,0xBF,0x65,0xDA,0x65,0x9A,0x65,0xBA,0x65,0xBA,0x5D,0x9A,0x5D,0x9A,0x5D,0x9A,0x5D,0x9A,0x5D,0x9A,
0x65,0xBA,0x4C,0x56,0x19,0x8C,0x3B,0x93,0x8F,0x7F,0x55,0x79,0x0A,0x0E,0x5D,0x9A,0x87,0x3F,0x65,0x79,0x65,0x9A,0x65,0x9A,0x5D,0x59,0x6E,0x7D,0x76,0xBE,0x1A,0xD0,
0x44,0x76,0x8F,0x9F,0x54,0xF7,0x19,0xCC,0x2A,0xB0,0x87,0x1F,0x33,0x93,0x55,0x18,0x76,0x1C,0x19,0x8C,0x29,0x6C,0x21,0x6B,0x29,0x8C,0x21,0x6C,0x22,0x4F,0x7E,0x9D,
0x7E,0x9D,0x11,0xED,0x2A,0xF0,0x8F,0x1F,0x22,0x2D,0x20,0xE9,0x20,0xE9,0x20,0xC8,0x20,0xA8,0x20,0xA8,0x18,0xA8,0x20,0xC9,0x20,0xE9,0x29,0x2A,0x21,0xCD,0x7E,0xBE,
0x4C,0x35,0x44,0x35,0x8E,0xFE,0x2A,0x2E,0x29,0xAC,0x31,0xAD,0x29,0xAD,0x22,0x4E,0x7E,0xFE,0x55,0x18,0x1A,0xCF,0x7F,0x5F,0x4C,0x55,0x21,0x8C,0x31,0xEE,0x21,0xED,
0x7E,0x7D,0x54,0xF8,0x3B,0xD3,0x8F,0x3F,0x22,0xD0,0x3C,0x15,0x87,0x1F,0x22,0xF0,0x76,0x7D,0x65,0x59,0x21,0x8B,0x29,0x6B,0x21,0x2A,0x21,0x0A,0x21,0x0A,0x21,0x09,
0x21,0x0A,0x21,0x0A,0x21,0x0A,0x29,0x6B,0x19,0x2A,0x55,0x18,0x66,0x3C,0x22,0xF0,0x8F,0x3F,0x43,0xB3,0x21,0x4B,0x29,0x6B,0x21,0x2A,0x21,0x0A,0x20,0xE9,0x20,0xE9,
0x29,0x09,0x20,0xC8,0x20,0xA8,0x20,0xA8,0x20,0xA8,0x20,0xA7,0x18,0x87,0x18,0x87,0x20,0x87,0x18,0x87,0x18,0x87,0x18,0x87,0x18,0x87,0x18,0x87,0x18,0x87,0x18,0x87,
0x18,0xA7,0x32,0x0A,0x18,0xA7,0x18,0x87,0x18,0x87,0x18,0x87,0x18,0x87,0x18,0x87,0x18,0x87,0x18,0x87,0x18,0x87,0x18,0x87,0x18,0x87,0x20,0x87,0x18,0x87,0x18,0x87,
0x18,0x87,0x18,0x87,0x18,0x87,0x18,0x87,0x18,0x87,0x18,0x87,0x18,0x87,0x20,0x87,0x20,0x87,0x18,0x87,0x18,0x87,0x18,0x87,0x18,0x87,0x20,0x87,0x18,0x87,0x20,0x87,
0x20,0x87,0x20,0x87,0x18,0x87,0x18,0x87,0x18,0x87,0x18,0x87,0x18,0x87,0x18,0x87,0x18,0x87,0x18,0x87,0x18,0x87,0x18,0x87,0x18,0x87,0x18,0x87,0x20,0x87,0x20,0x87,
0x20,0xA8,0x20,0xA8,0x28,0xA8,0x28,0xA9,0x28,0xA9,0x40,0xEC,0x82,0x76,0xE6,0x3E,0xFF,0xFF,0xDD,0x9D,0x59,0xCE,0x29,0x66,0x29,0x65,0x29,0x45,0x29,0x65,0x18,0xE3,
0x00,0x00,0x00,0x00,0x00,0x00,0x00,0x00,0x00,0x00,0x00,0x00,0x00,0x00,0x00,0x00,0x00,0x00,0x00,0x00,0x00,0x00,0x00,0x00,0x00,0x00,0x00,0x00,0x00,0x00,0x00,0x00,
0x00,0x00,0x00,0x00,0x00,0x00,0x00,0x00,0x00,0x00,0x00,0x00,0x00,0x00,0x00,0x00,0x00,0x00,0x00,0x00,0x00,0x00,0x00,0x00,0x00,0x00,0x00,0x00,0x00,0x00,0x00,0x00,
0x29,0x45,0x31,0x86,0x31,0x86,0x31,0xA6,0x31,0x86,0x49,0x6C,0xD5,0x3C,0xFF,0xDF,0xEE,0x5E,0x8A,0xB6,0x49,0x2D,0x30,0xC9,0x30,0xC9,0x28,0xA9,0x20,0xA8,0x20,0xA8,
0x20,0xA8,0x20,0xA7,0x20,0xA7,0x20,0x87,0x20,0x87,0x20,0x87,0x20,0x87,0x20,0x87,0x20,0x87,0x20,0x87,0x20,0x87,0x20,0x87,0x20,0x87,0x20,0x87,0x20,0x87,0x20,0x87,
0x20,0x87,0x20,0x87,0x20,0xA7,0x20,0x87,0x20,0x87,0x18,0x87,0x18,0x87,0x20,0x87,0x18,0x87,0x20,0x87,0x20,0x87,0x20,0x87,0x20,0x87,0x20,0xA7,0x20,0x87,0x20,0xA7,
0x20,0x87,0x20,0xA7,0x20,0xA7,0x20,0x87,0x20,0xA7,0x20,0xA7,0x20,0x87,0x20,0x87,0x20,0x87,0x20,0x87,0x20,0x87,0x20,0xA7,0x20,0xA7,0x20,0xA7,0x20,0x87,0x18,0x87,
0x20,0x87,0x20,0x87,0x20,0xA7,0x20,0xA7,0x20,0xA7,0x20,0xA8,0x20,0xA8,0x20,0xA8,0x20,0x87,0x29,0x28,0x29,0x28,0x18,0x88,0x20,0xC8,0x20,0xC8,0x20,0xC8,0x20,0xE9,
0x29,0x2A,0x19,0x2A,0x65,0x7A,0x65,0xDB,0x22,0xAF,0x86,0xFF,0x3B,0x72,0x29,0x6B,0x29,0x4B,0x21,0x4B,0x29,0x4B,0x29,0x6B,0x19,0x6B,0x4C,0xB6,0x8F,0xBF,0x4C,0x75,
0x2A,0xF1,0x5C,0xB7,0x22,0x4F,0x5C,0xB7,0x6D,0xBA,0x65,0x9A,0x5D,0x59,0x65,0x9A,0x65,0xBA,0x65,0xBA,0x65,0xBA,0x5D,0xBA,0x5D,0xBB,0x5D,0x9A,0x5D,0x9A,0x5D,0x7A,
0x65,0xBB,0x4C,0x35,0x21,0xAC,0x21,0x8C,0x33,0x31,0x87,0x3F,0x55,0x59,0x0A,0x0E,0x54,0xF8,0x6D,0xFB,0x6D,0xDB,0x6D,0xDB,0x65,0xFB,0x5D,0x9A,0x1A,0xD0,0x3C,0x35,
0x87,0x7F,0x54,0x96,0x19,0xAC,0x21,0xAC,0x2A,0x90,0x7F,0x1F,0x33,0x93,0x5D,0x18,0x76,0x1C,0x19,0x6C,0x29,0x4B,0x21,0x2B,0x21,0x4B,0x29,0x6B,0x21,0x4B,0x22,0x0E,
0x76,0x5C,0x76,0x7D,0x1A,0x2E,0x54,0x36,0x32,0x4E,0x20,0xE9,0x20,0xE9,0x20,0xC8,0x20,0xA8,0x20,0xA8,0x20,0xA8,0x20,0xC9,0x20,0xE9,0x21,0x2A,0x21,0xCC,0x76,0x9E,
0x44,0x15,0x44,0x35,0x8E,0xFE,0x2A,0x0E,0x29,0x6C,0x29,0x6C,0x29,0x8C,0x21,0x4B,0x43,0xD4,0x8F,0x7F,0x22,0xD0,0x44,0x96,0x87,0x1F,0x2A,0x4E,0x29,0xCD,0x22,0x0D,
0x86,0x9D,0x54,0xD7,0x33,0xB3,0x87,0x1F,0x1A,0x8F,0x3B,0xF4,0x87,0x1F,0x22,0xD0,0x76,0x9D,0x65,0x59,0x21,0x6B,0x29,0x4B,0x21,0x0A,0x20,0xE9,0x20,0xE9,0x20,0xE9,
0x20,0xE9,0x20,0xE9,0x21,0x0A,0x31,0x6B,0x19,0x09,0x54,0xF8,0x66,0x3C,0x22,0xD0,0x87,0x3F,0x3B,0x92,0x21,0x2A,0x21,0x2A,0x21,0x09,0x20,0xE9,0x20,0xC9,0x20,0xC9,
0x29,0x09,0x20,0xA8,0x20,0xA8,0x20,0xA7,0x20,0xA7,0x18,0x87,0x20,0xA7,0x29,0x09,0x18,0x87,0x20,0x87,0x18,0x87,0x18,0x87,0x18,0x87,0x18,0x87,0x18,0x87,0x18,0x87,
0x18,0xA7,0x3A,0x2A,0x18,0x87,0x20,0x87,0x20,0x87,0x20,0x87,0x20,0x87,0x20,0x87,0x18,0x87,0x18,0x87,0x18,0x87,0x20,0x87,0x18,0x87,0x18,0x87,0x18,0x87,0x18,0x87,
0x18,0x87,0x18,0x87,0x18,0x87,0x18,0x87,0x18,0x87,0x18,0x87,0x18,0x87,0x18,0x87,0x20,0x87,0x20,0x87,0x18,0x87,0x18,0x87,0x20,0x87,0x20,0x87,0x20,0x87,0x20,0x87,
0x20,0x87,0x18,0x87,0x18,0x87,0x18,0x87,0x18,0x87,0x18,0x87,0x18,0x87,0x18,0x87,0x18,0x87,0x18,0x87,0x18,0x87,0x18,0x87,0x18,0x87,0x20,0x87,0x20,0xA7,0x20,0xA8,
0x20,0xA8,0x20,0xA8,0x28,0xA9,0x28,0xA9,0x28,0xA9,0x40,0xEC,0x82,0x76,0xE6,0x5E,0xFF,0xFF,0xDD,0x9D,0x59,0xCE,0x29,0x66,0x29,0x65,0x29,0x45,0x29,0x65,0x19,0x03,
0x00,0x00,0x00,0x00,0x00,0x00,0x00,0x00,0x00,0x00,0x00,0x00,0x00,0x00,0x00,0x00,0x00,0x00,0x00,0x00,0x00,0x00,0x00,0x00,0x00,0x00,0x00,0x00,0x00,0x00,0x00,0x00,
0x00,0x00,0x00,0x00,0x00,0x00,0x00,0x00,0x00,0x00,0x00,0x00,0x00,0x00,0x00,0x00,0x00,0x00,0x00,0x00,0x00,0x00,0x00,0x00,0x00,0x00,0x00,0x00,0x00,0x00,0x00,0x00,
0x29,0x45,0x31,0x86,0x31,0x86,0x31,0xA6,0x31,0xA6,0x49,0x6D,0xD5,0x3C,0xFF,0xDF,0xEE,0x5E,0x8A,0xB6,0x49,0x2D,0x30,0xCA,0x30,0xC9,0x28,0xA9,0x28,0xA8,0x20,0xA8,
0x20,0xA8,0x20,0xA8,0x20,0xA7,0x20,0xA7,0x20,0x87,0x20,0x87,0x20,0x87,0x20,0x87,0x20,0x87,0x20,0x87,0x20,0x87,0x20,0x87,0x20,0x87,0x20,0x87,0x20,0xA7,0x20,0xA7,
0x20,0x87,0x20,0x87,0x20,0x87,0x20,0x87,0x20,0x87,0x20,0x87,0x20,0x87,0x20,0x87,0x20,0x87,0x20,0x87,0x20,0x87,0x20,0x87,0x20,0x87,0x20,0x87,0x20,0x87,0x20,0xA7,
0x20,0xA8,0x20,0xA8,0x20,0xA7,0x20,0x87,0x20,0xA7,0x20,0xA7,0x20,0xA7,0x20,0x87,0x20,0x87,0x20,0xA7,0x20,0xA7,0x20,0xA7,0x20,0xA7,0x20,0xA8,0x20,0xA7,0x20,0xA7,
0x20,0xA7,0x20,0xA8,0x20,0xA8,0x20,0xA8,0x20,0xA8,0x20,0xA7,0x29,0x09,0x20,0xA8,0x18,0x87,0x29,0x28,0x29,0x48,0x18,0x87,0x20,0xC8,0x20,0xC8,0x20,0xC8,0x20,0xE9,
0x29,0x0A,0x19,0x09,0x65,0x79,0x5D,0xBA,0x1A,0x6E,0x7E,0xDF,0x3B,0x51,0x20,0xE9,0x21,0x2A,0x21,0x0A,0x21,0x0A,0x29,0x4B,0x29,0x6B,0x19,0x4B,0x4C,0x55,0x9F,0xDF,
0x54,0x76,0x21,0xCE,0x2A,0x4F,0x22,0x8F,0x22,0xD0,0x22,0xB0,0x1A,0xB0,0x1A,0xB0,0x1A,0xD0,0x1A,0xD1,0x22,0xF1,0x22,0xF1,0x22,0xF1,0x22,0xF1,0x22,0xF1,0x22,0xD0,
0x1A,0xB0,0x22,0x2E,0x21,0x8C,0x29,0x8C,0x21,0x4B,0x2A,0xF0,0x87,0x1F,0x5D,0x59,0x12,0x4F,0x1A,0xAF,0x1A,0xAF,0x1A,0xB0,0x1A,0xD0,0x12,0x8F,0x3C,0x55,0x87,0x5F,
0x4C,0x55,0x19,0x6B,0x29,0xAC,0x21,0x6C,0x22,0x6F,0x86,0xFF,0x33,0x73,0x55,0x18,0x75,0xFB,0x19,0x6B,0x29,0x2B,0x21,0x0A,0x21,0x0A,0x21,0x2A,0x29,0x4B,0x21,0x2B,
0x19,0xCD,0x76,0x1C,0x76,0x3C,0x19,0xAC,0x21,0x8B,0x21,0x2A,0x20,0xE9,0x20,0xA8,0x20,0xA8,0x20,0xA8,0x20,0xA8,0x20,0xC9,0x20,0xE9,0x21,0x0A,0x21,0xAC,0x76,0x7D,
0x43,0xD4,0x44,0x35,0x86,0xDE,0x29,0xED,0x29,0x4B,0x29,0x4B,0x29,0x4B,0x29,0x6B,0x19,0x8B,0x6E,0x3C,0x65,0xDB,0x12,0x0D,0x7E,0xBE,0x5D,0x38,0x21,0x8C,0x2A,0x0D,
0x86,0x9D,0x54,0xD7,0x33,0x93,0x87,0x1F,0x1A,0x4E,0x3B,0xF4,0x86,0xFF,0x1A,0xAF,0x76,0x7D,0x5D,0x18,0x19,0x2A,0x29,0x2A,0x20,0xE9,0x20,0xC9,0x20,0xC9,0x20,0xC9,
0x20,0xC9,0x20,0xC9,0x20,0xE9,0x29,0x09,0x19,0x09,0x54,0xF8,0x66,0x3C,0x1A,0xCF,0x87,0x1F,0x3B,0x72,0x18,0xE9,0x21,0x09,0x20,0xE9,0x20,0xC9,0x20,0xC8,0x20,0xA8,
0x29,0x09,0x20,0xA7,0x20,0xA7,0x18,0x87,0x20,0xA7,0x18,0x87,0x20,0xA7,0x20,0xA7,0x18,0x87,0x20,0x87,0x18,0x87,0x18,0x87,0x18,0x87,0x18,0x87,0x20,0xA7,0x18,0x87,
0x18,0xA7,0x3A,0x2A,0x18,0xA7,0x20,0x88,0x20,0x87,0x20,0x87,0x20,0x87,0x20,0x87,0x18,0x87,0x18,0x87,0x18,0x87,0x18,0x87,0x18,0x87,0x20,0x87,0x20,0x87,0x18,0x87,
0x18,0x87,0x20,0x87,0x20,0x87,0x20,0x87,0x20,0x87,0x20,0x87,0x20,0x87,0x18,0x87,0x20,0xA7,0x18,0x87,0x20,0x87,0x18,0x87,0x20,0x87,0x20,0x87,0x20,0x87,0x20,0x87,
0x20,0x87,0x20,0x87,0x18,0x87,0x18,0x87,0x18,0x87,0x20,0xA7,0x20,0x87,0x20,0x87,0x20,0x87,0x20,0x87,0x20,0x87,0x18,0x87,0x20,0x87,0x20,0x87,0x20,0xA8,0x20,0xA8,
0x20,0xA8,0x20,0xA8,0x28,0xA9,0x28,0xA9,0x28,0xA9,0x41,0x0D,0x82,0x96,0xE6,0x5E,0xFF,0xFF,0xDD,0x9D,0x59,0xCE,0x29,0x66,0x29,0x65,0x29,0x45,0x29,0x65,0x21,0x03,
0x00,0x00,0x00,0x00,0x00,0x00,0x00,0x00,0x00,0x00,0x00,0x00,0x00,0x00,0x00,0x00,0x00,0x00,0x00,0x00,0x00,0x00,0x00,0x00,0x00,0x00,0x00,0x00,0x00,0x00,0x00,0x00,
0x00,0x00,0x00,0x00,0x00,0x00,0x00,0x00,0x00,0x00,0x00,0x00,0x00,0x00,0x00,0x00,0x00,0x00,0x00,0x00,0x00,0x00,0x00,0x00,0x00,0x00,0x00,0x00,0x00,0x00,0x00,0x00,
0x29,0x45,0x31,0x86,0x31,0x86,0x31,0xA6,0x31,0xA6,0x51,0x6D,0xCD,0x1C,0xFF,0xDF,0xEE,0x5E,0x8A,0xB6,0x49,0x2D,0x30,0xCA,0x30,0xCA,0x28,0xA9,0x28,0xA9,0x20,0xA8,
0x20,0xA8,0x20,0xA8,0x20,0xA7,0x20,0xA7,0x20,0x87,0x20,0x87,0x20,0xA7,0x20,0x87,0x20,0xA7,0x20,0x87,0x20,0x87,0x20,0xA7,0x20,0x87,0x20,0xA7,0x20,0xA7,0x20,0xA7,
0x20,0xA7,0x20,0xA7,0x20,0xA7,0x20,0xA7,0x20,0xA7,0x20,0xA7,0x20,0xA7,0x20,0xA7,0x20,0x87,0x20,0xC8,0x20,0xA8,0x20,0x87,0x20,0xA8,0x20,0xA7,0x20,0xA7,0x20,0x87,
0x20,0xA8,0x20,0xA8,0x20,0xA7,0x20,0xA7,0x20,0xA8,0x20,0xA8,0x20,0xA7,0x20,0xA8,0x20,0x88,0x20,0xA8,0x20,0xA8,0x20,0xA8,0x20,0xA8,0x20,0xA8,0x20,0xA8,0x20,0xA8,
0x20,0xA8,0x20,0xA8,0x20,0x87,0x20,0xA8,0x20,0xA8,0x20,0xA8,0x20,0xA8,0x20,0xA8,0x18,0x87,0x29,0x28,0x29,0x49,0x18,0xA8,0x20,0xC8,0x20,0xC8,0x20,0xC8,0x20,0xE9,
0x29,0x4A,0x21,0x09,0x6D,0x59,0x65,0x7A,0x1A,0x2D,0x86,0xDF,0x3B,0x11,0x20,0xC9,0x29,0x0A,0x20,0xE9,0x20,0xE9,0x20,0xEA,0x21,0x0A,0x29,0x6B,0x19,0x4B,0x4C,0x14,
0xA7,0xDF,0x54,0x14,0x19,0xAC,0x75,0xDB,0x8F,0x3F,0x7E,0xDF,0x7E,0xDF,0x7E,0xFF,0x7E,0xFF,0x7E,0xFF,0x87,0x1F,0x8F,0x1F,0x8F,0x1F,0x8F,0x1F,0x8F,0x1F,0x87,0x1F,
0x8F,0x5F,0x65,0x59,0x19,0x2A,0x29,0x4B,0x29,0x6B,0x21,0x2B,0x32,0xD0,0x86,0xDE,0x86,0xFF,0x86,0xDF,0x86,0xFF,0x86,0xFF,0x7F,0x1F,0x87,0x1F,0x8F,0x5F,0x4C,0x55,
0x19,0x6B,0x29,0x6B,0x29,0x6B,0x21,0x2A,0x2A,0x6F,0x8F,0x1F,0x33,0x52,0x5C,0xF8,0x75,0xDB,0x11,0x0A,0x21,0x2A,0x21,0x0A,0x20,0xEA,0x20,0xEA,0x21,0x0A,0x29,0x2B,
0x21,0x2A,0x19,0xAC,0x75,0xFB,0x7D,0xFC,0x21,0x6B,0x21,0x09,0x20,0xC9,0x20,0xA8,0x20,0xA8,0x20,0xA8,0x20,0xA8,0x20,0xA8,0x20,0xC9,0x21,0x09,0x21,0x8C,0x86,0x7E,
0x43,0xB3,0x44,0x35,0x8E,0xDF,0x21,0x8C,0x29,0x2A,0x29,0x2B,0x21,0x0A,0x29,0x4B,0x21,0x2A,0x32,0xF0,0x8F,0x5F,0x3B,0x52,0x3B,0x93,0x8F,0x5F,0x43,0x32,0x21,0x8C,
0x8E,0xBE,0x5C,0xB7,0x33,0x52,0x8F,0x1F,0x1A,0x0D,0x3B,0xB4,0x8F,0x1F,0x1A,0x6E,0x76,0x5D,0x65,0x18,0x18,0xE9,0x29,0x2A,0x20,0xE9,0x20,0xC9,0x20,0xC9,0x20,0xC8,
0x20,0xC9,0x20,0xC9,0x20,0xE9,0x29,0x09,0x19,0x09,0x65,0x19,0x76,0x3D,0x22,0x8F,0x8F,0x3F,0x3B,0x72,0x18,0xC8,0x21,0x09,0x20,0xC8,0x20,0xC8,0x20,0xC8,0x20,0xA8,
0x31,0x29,0x20,0xA7,0x20,0xA7,0x20,0xA7,0x20,0xA7,0x20,0xA7,0x20,0xA7,0x18,0x87,0x20,0x87,0x18,0x87,0x20,0x87,0x20,0x87,0x18,0xA7,0x20,0xA8,0x20,0x87,0x18,0x87,
0x20,0xA7,0x3A,0x4A,0x18,0xA7,0x20,0x88,0x20,0x87,0x20,0x87,0x20,0x87,0x20,0x87,0x20,0x87,0x20,0xA7,0x20,0x87,0x20,0x87,0x20,0xA7,0x18,0x87,0x18,0x87,0x20,0x87,
0x20,0x87,0x18,0x87,0x18,0x87,0x20,0x87,0x20,0x87,0x20,0x87,0x20,0x87,0x20,0x87,0x20,0x88,0x20,0x87,0x18,0x87,0x20,0xC8,0x20,0xA8,0x20,0x87,0x20,0x87,0x20,0x87,
0x20,0x87,0x20,0x87,0x20,0x87,0x20,0x87,0x20,0x87,0x20,0xA8,0x20,0xA7,0x20,0x87,0x20,0x87,0x18,0x87,0x20,0x87,0x20,0xA7,0x20,0x87,0x20,0x87,0x20,0xA8,0x20,0xC8,
0x20,0xA8,0x28,0xA8,0x28,0xA9,0x30,0xCA,0x30,0xA9,0x41,0x0D,0x82,0x96,0xE6,0x5E,0xFF,0xFF,0xDD,0x9D,0x59,0xCE,0x29,0x86,0x29,0x85,0x29,0x65,0x29,0x65,0x21,0x03,
0x00,0x00,0x00,0x00,0x00,0x00,0x00,0x00,0x00,0x00,0x00,0x00,0x00,0x00,0x00,0x00,0x00,0x00,0x00,0x00,0x00,0x00,0x00,0x00,0x00,0x00,0x00,0x00,0x00,0x00,0x00,0x00,
0x00,0x00,0x00,0x00,0x00,0x00,0x00,0x00,0x00,0x00,0x00,0x00,0x00,0x00,0x00,0x00,0x00,0x00,0x00,0x00,0x00,0x00,0x00,0x00,0x00,0x00,0x00,0x00,0x00,0x00,0x00,0x00,
0x29,0x65,0x31,0x86,0x31,0x86,0x31,0xA6,0x31,0xA7,0x51,0x6D,0xD5,0x3C,0xFF,0xDF,0xEE,0x5E,0x8A,0xB6,0x49,0x2D,0x30,0xCA,0x30,0xCA,0x28,0xA9,0x28,0xA9,0x20,0xA8,
0x20,0xA8,0x20,0xA8,0x20,0xA8,0x20,0xA8,0x20,0x88,0x20,0xA7,0x20,0xA8,0x20,0x87,0x20,0xA8,0x20,0x87,0x20,0x87,0x20,0xA7,0x20,0x87,0x20,0xA7,0x20,0xA8,0x20,0xA7,
0x20,0xA7,0x20,0xA7,0x20,0xA7,0x20,0xA7,0x20,0x87,0x20,0xA7,0x20,0x87,0x20,0xA7,0x20,0x87,0x28,0xE8,0x20,0xC8,0x20,0xA7,0x20,0xA8,0x20,0xA8,0x20,0xA8,0x20,0xA7,
0x20,0xA7,0x20,0xA7,0x20,0xA8,0x20,0xA8,0x20,0xA7,0x29,0x09,0x20,0xC8,0x20,0xA8,0x20,0xA8,0x20,0xA8,0x20,0xA8,0x20,0xA8,0x20,0x88,0x20,0xA8,0x20,0xA7,0x20,0xA8,
0x20,0xA8,0x20,0xA8,0x20,0xA8,0x20,0xA8,0x20,0xA8,0x20,0xA8,0x20,0xA8,0x20,0xA8,0x18,0x87,0x29,0x48,0x29,0x69,0x20,0xA8,0x20,0xC8,0x20,0xC8,0x20,0xC8,0x20,0xC8,
0x29,0x09,0x21,0x09,0x32,0x0D,0x2A,0x0D,0x21,0x6B,0x32,0x6F,0x29,0x8B,0x21,0x09,0x20,0xE9,0x20,0xC9,0x20,0xC9,0x20,0xC9,0x21,0x0A,0x21,0x2A,0x29,0x4B,0x19,0x0A,
0x54,0x14,0x64,0x96,0x19,0x6B,0x3A,0xD0,0x33,0x11,0x32,0xF1,0x33,0x11,0x33,0x11,0x33,0x11,0x3B,0x32,0x3B,0x52,0x3B,0x73,0x3B,0x32,0x3B,0x32,0x3B,0x11,0x3B,0x11,
0x3B,0x31,0x32,0x6F,0x21,0x2A,0x21,0x0A,0x21,0x2A,0x29,0x4B,0x21,0x2A,0x2A,0x2E,0x3B,0x31,0x3B,0x11,0x3B,0x11,0x3B,0x31,0x33,0x52,0x3B,0x72,0x32,0xF0,0x19,0x4B,
0x29,0x4B,0x21,0x2A,0x21,0x0A,0x21,0x0A,0x21,0x8C,0x3A,0xB0,0x21,0xCC,0x2A,0x0E,0x32,0x2E,0x21,0x0A,0x20,0xEA,0x20,0xE9,0x20,0xC9,0x20,0xC9,0x20,0xE9,0x20,0xEA,
0x29,0x2A,0x21,0x0A,0x21,0xAD,0x64,0xB7,0x29,0xAC,0x20,0xC8,0x20,0xC8,0x20,0xA8,0x20,0x88,0x20,0x88,0x20,0xA8,0x20,0xA8,0x20,0xC9,0x20,0xE9,0x21,0x2A,0x32,0x8F,
0x29,0xED,0x29,0xED,0x3A,0xB0,0x21,0x2B,0x21,0x0A,0x21,0x0A,0x20,0xE9,0x21,0x0A,0x29,0x2A,0x21,0x4A,0x32,0x6F,0x32,0x2E,0x21,0x8C,0x3B,0x11,0x3A,0x6F,0x21,0x4B,
0x3A,0xD0,0x32,0x6F,0x21,0xAD,0x3A,0xAF,0x21,0x6B,0x2A,0x0D,0x3B,0x11,0x19,0x6B,0x32,0xB0,0x32,0x4E,0x21,0x0A,0x20,0xE9,0x20,0xC9,0x20,0xC8,0x20,0xA8,0x20,0xA8,
0x20,0xA8,0x20,0xA9,0x20,0xC9,0x20,0xE9,0x21,0x0A,0x3A,0xB0,0x3B,0x11,0x21,0xAC,0x43,0x32,0x29,0xCD,0x20,0xE9,0x20,0xE9,0x20,0xC8,0x20,0xA8,0x20,0xA8,0x20,0x88,
0x31,0x29,0x20,0xA8,0x20,0x88,0x20,0xA8,0x20,0xA8,0x20,0xA7,0x20,0xA7,0x20,0xA7,0x20,0xA7,0x20,0xA8,0x20,0xA8,0x20,0x88,0x20,0x88,0x20,0xA8,0x20,0xA8,0x20,0x88,
0x20,0xA7,0x3A,0x2A,0x18,0xA7,0x20,0x88,0x20,0x88,0x20,0x87,0x20,0x87,0x20,0xA7,0x20,0x88,0x20,0xA7,0x20,0x87,0x20,0x87,0x20,0x87,0x20,0x87,0x18,0x87,0x18,0x87,
0x18,0x87,0x20,0x87,0x20,0x87,0x18,0x87,0x20,0x87,0x20,0x87,0x20,0x87,0x20,0x87,0x18,0x87,0x20,0xA7,0x20,0x87,0x20,0xA8,0x20,0xA8,0x20,0x87,0x20,0x87,0x20,0x87,
0x20,0x87,0x20,0x87,0x20,0x87,0x20,0x87,0x20,0x87,0x20,0x87,0x20,0x87,0x20,0x87,0x20,0x87,0x18,0x87,0x20,0x87,0x20,0x87,0x20,0x87,0x20,0xA7,0x20,0xA8,0x20,0xA8,
0x20,0xA8,0x28,0xA9,0x28,0xC9,0x30,0xCA,0x30,0xCA,0x41,0x0D,0x8A,0x96,0xEE,0x5E,0xFF,0xFF,0xDD,0x9D,0x59,0xCE,0x29,0x86,0x29,0x85,0x29,0x65,0x29,0x65,0x21,0x03,
0x00,0x00,0x00,0x00,0x00,0x00,0x00,0x00,0x00,0x00,0x00,0x00,0x00,0x00,0x00,0x00,0x00,0x00,0x00,0x00,0x00,0x00,0x00,0x00,0x00,0x00,0x00,0x00,0x00,0x00,0x00,0x00,
0x00,0x00,0x00,0x00,0x00,0x00,0x00,0x00,0x00,0x00,0x00,0x00,0x00,0x00,0x00,0x00,0x00,0x00,0x00,0x00,0x00,0x00,0x00,0x00,0x00,0x00,0x00,0x00,0x00,0x00,0x00,0x00,
0x29,0x65,0x31,0x86,0x31,0x86,0x31,0xA6,0x31,0xA7,0x51,0x6D,0xD5,0x3C,0xFF,0xDF,0xEE,0x5E,0x8A,0xB6,0x49,0x4D,0x30,0xCA,0x30,0xCA,0x28,0xC9,0x28,0xA9,0x28,0xA8,
0x20,0xA8,0x20,0xA8,0x20,0xA8,0x20,0xA8,0x20,0xA8,0x20,0xA8,0x20,0xA8,0x20,0xA8,0x20,0xA8,0x20,0xA7,0x20,0xA7,0x20,0xA8,0x20,0xA8,0x20,0xA7,0x20,0xA7,0x20,0xA7,
0x20,0xA8,0x20,0xA8,0x20,0xA8,0x20,0xA8,0x20,0xA8,0x20,0xA8,0x20,0xA8,0x20,0xA8,0x20,0xA8,0x20,0x87,0x20,0xA8,0x20,0xA8,0x20,0xA8,0x20,0xA8,0x20,0xA8,0x20,0xA8,
0x20,0xA8,0x20,0xA8,0x28,0xE8,0x20,0xA8,0x20,0xA7,0x20,0xC8,0x20,0xA8,0x20,0xA8,0x20,0xA8,0x20,0xA8,0x20,0xA8,0x20,0xA8,0x20,0xA8,0x20,0xA8,0x20,0xA8,0x20,0xA8,
0x20,0xA8,0x20,0xA8,0x20,0xA8,0x20,0xA8,0x20,0xA8,0x20,0xA8,0x20,0xA8,0x20,0xA8,0x20,0x87,0x29,0x48,0x29,0x69,0x20,0x88,0x20,0xC8,0x20,0xC8,0x20,0xC8,0x20,0xC8,
0x20,0xC8,0x20,0xE9,0x20,0xC8,0x20,0xC9,0x21,0x09,0x20,0xC9,0x20,0xE9,0x20,0xE9,0x20,0xC9,0x20,0xC8,0x20,0xC9,0x20,0xC9,0x20,0xEA,0x20,0xEA,0x21,0x0A,0x29,0x4B,
0x21,0x2A,0x21,0x6B,0x29,0x6B,0x21,0x2A,0x21,0x2A,0x21,0x2A,0x21,0x2B,0x21,0x2B,0x21,0x4B,0x21,0x4B,0x29,0x8C,0x29,0xAC,0x21,0x2B,0x21,0x2B,0x21,0x2B,0x21,0x0A,
0x20,0xEA,0x20,0xEA,0x21,0x0A,0x20,0xEA,0x20,0xE9,0x20,0xEA,0x21,0x0A,0x21,0x0A,0x18,0xE9,0x18,0xEA,0x18,0xEA,0x19,0x0A,0x19,0x0A,0x18,0xE9,0x20,0xEA,0x21,0x2A,
0x21,0x0A,0x20,0xEA,0x20,0xEA,0x20,0xEA,0x20,0xEA,0x20,0xC9,0x21,0x0A,0x21,0x0A,0x20,0xE9,0x20,0xE9,0x20,0xC9,0x20,0xA9,0x20,0xC9,0x20,0xC9,0x20,0xC9,0x20,0xC9,
0x21,0x0A,0x29,0x0A,0x21,0x0A,0x18,0xEA,0x20,0xEA,0x20,0xC9,0x20,0xA8,0x20,0xA8,0x20,0xA8,0x20,0xA8,0x20,0xA8,0x20,0xA8,0x20,0xC8,0x20,0xC9,0x20,0xE9,0x20,0xC9,
0x21,0x0A,0x21,0x0A,0x20,0xC9,0x21,0x0A,0x20,0xE9,0x20,0xC9,0x20,0xE9,0x20,0xE9,0x20,0xE9,0x21,0x0A,0x20,0xE9,0x21,0x2B,0x31,0x8C,0x21,0x0A,0x21,0x0A,0x29,0x4B,
0x21,0x0A,0x21,0x2A,0x21,0x2B,0x20,0xEA,0x29,0x2B,0x21,0x2A,0x20,0xE9,0x29,0x2A,0x20,0xE9,0x20,0xE9,0x29,0x0A,0x20,0xC9,0x20,0xC9,0x20,0xC9,0x20,0xA9,0x20,0xA8,
0x20,0xA8,0x20,0xA8,0x20,0xC9,0x20,0xC9,0x21,0x09,0x20,0xE9,0x20,0xE9,0x29,0x0A,0x18,0xC9,0x21,0x09,0x20,0xE9,0x20,0xC8,0x20,0xA8,0x20,0xA8,0x20,0xA8,0x20,0x88,
0x31,0x29,0x20,0xA8,0x20,0x88,0x20,0xA8,0x20,0xA8,0x20,0xA8,0x20,0x87,0x20,0xA7,0x20,0xA7,0x20,0x87,0x20,0xA7,0x20,0xA7,0x20,0xA8,0x20,0xA8,0x20,0x88,0x20,0x88,
0x20,0xA8,0x3A,0x2A,0x18,0xA7,0x20,0x88,0x20,0xA8,0x20,0xA8,0x20,0xA8,0x20,0x88,0x20,0xA8,0x20,0xA8,0x20,0x88,0x20,0xA8,0x20,0x88,0x20,0x88,0x20,0xA8,0x20,0xA8,
0x20,0xA8,0x20,0x88,0x20,0x88,0x20,0xA8,0x20,0xA7,0x20,0xA7,0x20,0xA8,0x20,0xA8,0x20,0xA8,0x20,0xA8,0x20,0xA7,0x20,0xA7,0x20,0x88,0x20,0xA8,0x20,0xA8,0x20,0xA8,
0x20,0xA8,0x20,0x87,0x20,0x87,0x20,0xA7,0x20,0xA7,0x20,0x87,0x20,0xA7,0x20,0xA7,0x20,0xA7,0x20,0x88,0x20,0x88,0x20,0xA8,0x20,0xA7,0x20,0xA8,0x20,0xA8,0x20,0xA8,
0x28,0xA8,0x28,0xA9,0x28,0xC9,0x30,0xCA,0x30,0xCA,0x41,0x0D,0x8A,0x96,0xE6,0x5E,0xFF,0xFF,0xDD,0x9D,0x59,0xCE,0x31,0x86,0x31,0x86,0x29,0x65,0x29,0x65,0x21,0x04,
0x00,0x00,0x00,0x00,0x00,0x00,0x00,0x00,0x00,0x00,0x00,0x00,0x00,0x00,0x00,0x00,0x00,0x00,0x00,0x00,0x00,0x00,0x00,0x00,0x00,0x00,0x00,0x00,0x00,0x00,0x00,0x00,
0x00,0x00,0x00,0x00,0x00,0x00,0x00,0x00,0x00,0x00,0x00,0x00,0x00,0x00,0x00,0x00,0x00,0x00,0x00,0x00,0x00,0x00,0x00,0x00,0x00,0x00,0x00,0x00,0x00,0x00,0x00,0x00,
0x29,0x65,0x31,0xA6,0x31,0x86,0x31,0xA6,0x39,0xA7,0x51,0x6D,0xD5,0x3C,0xFF,0xDF,0xEE,0x5E,0x8A,0xB6,0x49,0x4D,0x30,0xCA,0x30,0xCA,0x28,0xC9,0x28,0xA9,0x28,0xA8,
0x20,0xA8,0x20,0xA8,0x20,0xA8,0x20,0xA8,0x20,0xA8,0x20,0xA8,0x20,0xA8,0x20,0xA8,0x20,0xA8,0x20,0xA8,0x20,0xA7,0x20,0xA8,0x20,0xA8,0x20,0xA8,0x20,0xA8,0x20,0xA8,
0x20,0xA8,0x20,0xA8,0x20,0xA8,0x20,0xA8,0x20,0xA8,0x20,0xA8,0x20,0xA8,0x20,0xA8,0x20,0xA8,0x20,0xA8,0x20,0xA8,0x20,0xA8,0x20,0xA8,0x20,0xA8,0x20,0xA8,0x20,0xA8,
0x20,0xA8,0x20,0xA8,0x20,0xC8,0x28,0xE9,0x28,0xC8,0x20,0xA8,0x20,0xA8,0x20,0xA8,0x20,0xA8,0x20,0xA8,0x20,0xA8,0x20,0xA8,0x20,0xA8,0x20,0xA8,0x20,0xA8,0x20,0xA8,
0x20,0xA8,0x20,0xA8,0x20,0xA8,0x20,0xA8,0x20,0xA8,0x20,0xA8,0x20,0xA8,0x20,0xA8,0x18,0x88,0x29,0x48,0x31,0xC9,0x20,0xC8,0x20,0xC8,0x20,0xC8,0x20,0xC8,0x20,0xC8,
0x20,0xC8,0x20,0xC8,0x20,0xC9,0x20,0xC9,0x20,0xC9,0x20,0xE9,0x20,0xC9,0x20,0xC9,0x20,0xC8,0x20,0xA8,0x20,0xA8,0x20,0xC8,0x20,0xA9,0x20,0xC9,0x20,0xE9,0x21,0x0A,
0x29,0x2A,0x29,0x0A,0x21,0x0A,0x29,0x0A,0x29,0x2A,0x29,0x2A,0x29,0x2A,0x29,0x2B,0x29,0x2B,0x29,0x4B,0x29,0x6B,0x31,0xAC,0x29,0x2A,0x29,0x2B,0x29,0x2A,0x29,0x0A,
0x29,0x0A,0x21,0x0A,0x20,0xE9,0x20,0xC9,0x20,0xC9,0x20,0xC9,0x20,0xC9,0x20,0xE9,0x21,0x0A,0x21,0x0A,0x21,0x0A,0x21,0x0A,0x21,0x0A,0x21,0x0A,0x21,0x0A,0x20,0xEA,
0x20,0xEA,0x20,0xC9,0x20,0xC9,0x20,0xC9,0x20,0xC9,0x20,0xE9,0x20,0xC9,0x20,0xE9,0x20,0xE9,0x20,0xC9,0x20,0xA9,0x20,0xA8,0x20,0xC9,0x20,0xC9,0x20,0xA8,0x20,0xC9,
0x20,0xC9,0x20,0xC9,0x20,0xE9,0x20,0xE9,0x20,0xC9,0x20,0xA8,0x20,0xA8,0x20,0xA8,0x20,0xA8,0x20,0xA8,0x20,0xA8,0x20,0xA8,0x20,0xA8,0x20,0xA8,0x20,0xC9,0x20,0xC9,
0x20,0xE9,0x20,0xE9,0x20,0xE9,0x20,0xE9,0x20,0xC9,0x20,0xC8,0x20,0xC8,0x20,0xE9,0x20,0xE9,0x20,0xE9,0x20,0xE9,0x29,0x4B,0x31,0x8B,0x29,0x0A,0x29,0x2A,0x29,0x0A,
0x29,0x0A,0x29,0x0A,0x29,0x0A,0x29,0x0A,0x28,0xEA,0x21,0x0A,0x29,0x0A,0x29,0x0A,0x29,0x0A,0x20,0xE9,0x29,0x09,0x28,0xE9,0x20,0xA9,0x20,0xA9,0x20,0xA8,0x20,0xA8,
0x20,0xA8,0x20,0xA8,0x20,0xA8,0x20,0xC9,0x20,0xC9,0x20,0xE9,0x20,0xEA,0x20,0xE9,0x28,0xE9,0x20,0xE9,0x20,0xC9,0x20,0xC8,0x20,0xA8,0x20,0xA8,0x20,0xA8,0x20,0x88,
0x31,0x29,0x20,0xA8,0x20,0x88,0x20,0xA8,0x20,0xA8,0x20,0xA8,0x20,0xA8,0x20,0xA8,0x20,0xA8,0x20,0xA8,0x20,0xA8,0x20,0xA8,0x20,0xA8,0x20,0xA8,0x20,0x88,0x20,0x88,
0x20,0xA8,0x3A,0x4A,0x20,0xC8,0x20,0xA8,0x20,0xA8,0x20,0xA8,0x20,0xA8,0x20,0xA8,0x20,0xA8,0x20,0xA8,0x20,0xA8,0x20,0xA8,0x20,0xA8,0x20,0xA8,0x20,0xA8,0x20,0xA8,
0x20,0xA8,0x20,0xA8,0x20,0xA8,0x20,0x87,0x20,0x88,0x20,0x87,0x20,0xC8,0x28,0xC8,0x20,0x88,0x20,0xA8,0x20,0xA8,0x20,0xA8,0x20,0xA8,0x20,0xA8,0x20,0xA8,0x20,0xA8,
0x20,0xA8,0x20,0xA8,0x20,0xA8,0x20,0xA8,0x20,0xA8,0x20,0xA8,0x20,0xA7,0x20,0xA8,0x20,0xA8,0x20,0xA8,0x20,0x88,0x20,0xA8,0x20,0xA8,0x20,0xA8,0x20,0xA8,0x20,0xA8,
0x28,0xA9,0x28,0xC9,0x28,0xA9,0x30,0xCA,0x30,0xCA,0x41,0x0D,0x8A,0x96,0xE6,0x5E,0xFF,0xFF,0xDD,0x9D,0x59,0xCE,0x31,0x86,0x31,0x86,0x29,0x65,0x29,0x65,0x21,0x04,
0x00,0x00,0x00,0x00,0x00,0x00,0x00,0x00,0x00,0x00,0x00,0x00,0x00,0x00,0x00,0x00,0x00,0x00,0x00,0x00,0x00,0x00,0x00,0x00,0x00,0x00,0x00,0x00,0x00,0x00,0x00,0x00,
0x00,0x00,0x00,0x00,0x00,0x00,0x00,0x00,0x00,0x00,0x00,0x00,0x00,0x00,0x00,0x00,0x00,0x00,0x00,0x00,0x00,0x00,0x00,0x00,0x00,0x00,0x00,0x00,0x00,0x00,0x00,0x00,
0x29,0x65,0x31,0xA6,0x31,0x86,0x31,0xC6,0x39,0xC7,0x51,0x6D,0xD5,0x3C,0xFF,0xDF,0xEE,0x5E,0x8A,0xB6,0x49,0x4D,0x30,0xCA,0x30,0xCA,0x28,0xC9,0x28,0xC9,0x28,0xA9,
0x28,0xA8,0x20,0xA8,0x20,0xA8,0x20,0xA8,0x20,0xA8,0x20,0xA8,0x20,0xA8,0x20,0xA8,0x20,0xA8,0x20,0xA8,0x20,0xA8,0x20,0xA8,0x20,0xA8,0x20,0xA8,0x20,0xC8,0x20,0xA8,
0x20,0xA8,0x20,0xA8,0x20,0xA8,0x20,0xA8,0x20,0xA8,0x20,0xA8,0x20,0xA8,0x20,0xA8,0x28,0xC8,0x20,0xA8,0x20,0xA8,0x20,0xA8,0x20,0xA8,0x20,0xA8,0x20,0xA8,0x20,0xA8,
0x20,0xA8,0x20,0xA8,0x20,0xA8,0x28,0xC8,0x28,0xC8,0x20,0xA8,0x20,0xA8,0x20,0xA8,0x20,0xA8,0x20,0xA8,0x20,0xA8,0x20,0xA8,0x20,0xA8,0x20,0xA8,0x20,0xA8,0x20,0xA8,
0x20,0xA8,0x20,0xA8,0x20,0xA8,0x20,0xA8,0x20,0xA8,0x20,0xA8,0x20,0xA8,0x20,0xA8,0x18,0x88,0x29,0x69,0x39,0xEA,0x20,0xC8,0x20,0xC8,0x20,0xC8,0x20,0xA8,0x20,0xC8,
0x28,0xE9,0x20,0xA8,0x20,0xA8,0x20,0xC8,0x20,0xC8,0x20,0xC8,0x20,0xC8,0x20,0xC8,0x20,0xC8,0x20,0xA8,0x20,0xA8,0x20,0xA8,0x20,0xA8,0x20,0xC9,0x20,0xC9,0x20,0xC9,
0x20,0xE9,0x20,0xE9,0x20,0xE9,0x20,0xE9,0x20,0xE9,0x20,0xE9,0x20,0xEA,0x20,0xEA,0x20,0xEA,0x29,0x0A,0x29,0x2A,0x31,0x8B,0x20,0xEA,0x20,0xEA,0x20,0xE9,0x20,0xE9,
0x20,0xC9,0x20,0xC9,0x20,0xC9,0x20,0xC9,0x20,0xC8,0x20,0xA8,0x20,0xC9,0x20,0xC9,0x20,0xC9,0x20,0xC9,0x20,0xC9,0x20,0xC9,0x20,0xE9,0x20,0xC9,0x20,0xC9,0x20,0xC9,
0x20,0xC9,0x20,0xC9,0x20,0xC9,0x20,0xA9,0x20,0xA9,0x20,0xA9,0x20,0xC8,0x20,0xA9,0x20,0xC9,0x20,0xC9,0x20,0xC9,0x20,0xA9,0x20,0xA9,0x20,0xA8,0x20,0xA8,0x20,0xA8,
0x20,0xA8,0x20,0xA8,0x20,0xA9,0x20,0xA9,0x20,0xA8,0x20,0xA8,0x20,0xA8,0x20,0x88,0x20,0x88,0x20,0x88,0x20,0x88,0x20,0xA8,0x20,0xA8,0x20,0xA8,0x20,0xA8,0x20,0xC8,
0x20,0xC9,0x20,0xC8,0x20,0xC9,0x20,0xA8,0x20,0xA8,0x20,0xC8,0x20,0xC9,0x20,0xC8,0x20,0xC8,0x20,0xC9,0x20,0xC9,0x20,0xC9,0x20,0xC9,0x20,0xE9,0x20,0xE9,0x20,0xE9,
0x20,0xE9,0x20,0xE9,0x20,0xE9,0x20,0xE9,0x20,0xE9,0x20,0xE9,0x20,0xE9,0x20,0xE9,0x20,0xE9,0x20,0xC8,0x29,0x09,0x28,0xE9,0x20,0xA8,0x20,0xA8,0x20,0xA8,0x20,0xA8,
0x20,0xA8,0x20,0xA8,0x20,0xA8,0x20,0xA8,0x20,0xA8,0x20,0xC9,0x20,0xC9,0x20,0xC9,0x20,0xC9,0x20,0xA9,0x20,0xA8,0x20,0xA8,0x20,0xA8,0x20,0xA8,0x20,0xA8,0x20,0x88,
0x31,0x6A,0x20,0xA8,0x20,0x88,0x20,0xA8,0x20,0xA8,0x20,0xA8,0x20,0xA8,0x20,0xA8,0x20,0xA8,0x20,0xA8,0x20,0xA8,0x20,0xA8,0x20,0xA8,0x20,0xA8,0x20,0xA8,0x20,0x88,
0x20,0xA8,0x3A,0x4A,0x20,0xA7,0x20,0xA8,0x20,0xA8,0x20,0xA8,0x20,0xA8,0x20,0xA8,0x20,0xA8,0x20,0xA8,0x20,0xA8,0x20,0xA8,0x20,0xA8,0x20,0xA8,0x20,0xA8,0x20,0xA8,
0x20,0xA8,0x20,0xA8,0x20,0xA8,0x20,0x88,0x20,0x88,0x20,0xA8,0x20,0xA8,0x20,0x88,0x20,0xA8,0x20,0x88,0x20,0xA8,0x20,0xA8,0x20,0xA8,0x20,0xA8,0x20,0xA8,0x20,0xA8,
0x20,0xA8,0x20,0xA8,0x28,0xC8,0x20,0xA8,0x20,0xA8,0x20,0xA8,0x20,0x87,0x20,0xA8,0x20,0xA8,0x20,0xA8,0x20,0xA8,0x20,0xA8,0x20,0xA8,0x20,0xA8,0x20,0xA8,0x20,0xA8,
0x28,0xC9,0x28,0xC9,0x30,0xC9,0x30,0xCA,0x30,0xCA,0x41,0x0D,0x8A,0xB6,0xEE,0x5E,0xFF,0xFF,0xDD,0x9D,0x59,0xCE,0x31,0x86,0x31,0x86,0x29,0x65,0x29,0x85,0x21,0x04,
0x00,0x00,0x00,0x00,0x00,0x00,0x00,0x00,0x00,0x00,0x00,0x00,0x00,0x00,0x00,0x00,0x00,0x00,0x00,0x00,0x00,0x00,0x00,0x00,0x00,0x00,0x00,0x00,0x00,0x00,0x00,0x00,
0x00,0x00,0x00,0x00,0x00,0x00,0x00,0x00,0x00,0x00,0x00,0x00,0x00,0x00,0x00,0x00,0x00,0x00,0x00,0x00,0x00,0x00,0x00,0x00,0x00,0x00,0x00,0x00,0x00,0x00,0x00,0x00,
0x29,0x65,0x31,0xA6,0x31,0xA6,0x31,0xC6,0x39,0xC7,0x51,0x6D,0xD5,0x3C,0xFF,0xDF,0xEE,0x5E,0x8A,0xB6,0x49,0x4D,0x30,0xCA,0x30,0xCA,0x28,0xCA,0x28,0xC9,0x28,0xA9,
0x20,0xA8,0x28,0xE9,0x20,0xA8,0x20,0xA8,0x20,0xA8,0x20,0xA8,0x20,0xA8,0x20,0xA8,0x20,0xA8,0x20,0xA8,0x20,0xA8,0x20,0xA8,0x20,0xA8,0x20,0xA8,0x20,0xA8,0x20,0xA8,
0x28,0xC9,0x28,0xC9,0x20,0xA8,0x20,0xA8,0x20,0xA8,0x20,0xA8,0x20,0xA8,0x20,0xA8,0x20,0xA8,0x20,0xA8,0x20,0xA8,0x20,0xA8,0x20,0xA8,0x20,0xA8,0x20,0xA8,0x20,0xA8,
0x20,0xA8,0x20,0xA8,0x20,0xA8,0x20,0xC8,0x20,0xC8,0x20,0xC8,0x20,0xC8,0x20,0xA8,0x20,0xA8,0x20,0xA8,0x20,0xA8,0x20,0xA8,0x20,0xA8,0x20,0xA8,0x20,0xA8,0x20,0xA8,
0x20,0xA8,0x20,0xA8,0x20,0xA8,0x20,0xA8,0x20,0xA8,0x20,0xA8,0x20,0xA8,0x20,0xC8,0x20,0x88,0x31,0x69,0x31,0x89,0x18,0x88,0x20,0xC8,0x20,0xC8,0x20,0xA8,0x20,0xC8,
0x20,0xC8,0x20,0xA8,0x20,0xA8,0x20,0xA8,0x20,0xA8,0x20,0xA8,0x20,0xA8,0x20,0xC8,0x20,0xA8,0x20,0xA8,0x20,0xC8,0x20,0xA8,0x20,0xA8,0x20,0xA8,0x20,0xC8,0x20,0xC9,
0x20,0xC9,0x20,0xC9,0x20,0xC9,0x20,0xC9,0x20,0xC9,0x20,0xC9,0x20,0xC9,0x28,0xE9,0x28,0xE9,0x28,0xE9,0x28,0xE9,0x31,0x8A,0x20,0xC9,0x20,0xC9,0x20,0xC9,0x20,0xC9,
0x20,0xC9,0x20,0xC9,0x20,0xA9,0x20,0xA8,0x20,0xA8,0x20,0xA8,0x20,0xA8,0x20,0xA9,0x20,0xA8,0x20,0xA9,0x20,0xC8,0x20,0xC9,0x20,0xC9,0x20,0xC9,0x20,0xA9,0x20,0xA9,
0x20,0xA9,0x20,0xA8,0x20,0xA9,0x20,0xA8,0x20,0xA8,0x20,0xA8,0x20,0xA8,0x20,0xA8,0x20,0xA8,0x20,0xA8,0x20,0xA8,0x20,0xA8,0x20,0xA8,0x20,0xA8,0x20,0xA8,0x20,0xA8,
0x20,0xA8,0x20,0xA8,0x20,0xA8,0x20,0xA8,0x20,0xA8,0x20,0xA8,0x20,0xA8,0x20,0xA8,0x20,0x88,0x20,0xA8,0x20,0xA8,0x20,0xA8,0x20,0xA8,0x20,0xA8,0x20,0xA8,0x20,0xA8,
0x20,0xA8,0x20,0xA8,0x20,0xA8,0x20,0xA8,0x20,0xA8,0x20,0xC8,0x20,0xC8,0x20,0xA8,0x20,0xA8,0x20,0xC8,0x20,0xC9,0x20,0xC9,0x20,0xC9,0x20,0xC9,0x20,0xC9,0x20,0xC9,
0x20,0xC8,0x20,0xC9,0x20,0xC9,0x20,0xC9,0x20,0xC9,0x20,0xC9,0x20,0xC8,0x20,0xC8,0x20,0xC8,0x20,0xA8,0x29,0x09,0x28,0xC9,0x20,0xA8,0x20,0xA8,0x20,0xA8,0x20,0xA8,
0x20,0xA8,0x20,0xA8,0x20,0xA8,0x20,0xA8,0x20,0xA8,0x20,0xA8,0x20,0xA8,0x20,0xA8,0x20,0xA8,0x20,0xA8,0x20,0xA8,0x20,0xA8,0x20,0xA8,0x20,0xA8,0x20,0xA8,0x20,0xA8,
0x39,0x8A,0x20,0xC8,0x20,0xA8,0x20,0xA8,0x20,0xA8,0x20,0xA8,0x20,0xA8,0x20,0xA8,0x20,0xA8,0x28,0xC8,0x20,0x88,0x20,0xA8,0x20,0xA8,0x20,0xA8,0x28,0xE9,0x20,0x88,
0x20,0xC8,0x3A,0x4B,0x20,0xA8,0x20,0xA8,0x20,0xA8,0x20,0xA8,0x20,0xA8,0x20,0xA8,0x20,0xA8,0x20,0xA8,0x20,0xA8,0x20,0xA8,0x20,0xA8,0x20,0xA8,0x20,0xA8,0x20,0xA8,
0x20,0xA8,0x20,0xA8,0x20,0xA8,0x20,0xA8,0x20,0xA8,0x20,0x88,0x20,0xA8,0x20,0x88,0x20,0xA8,0x20,0xA8,0x20,0xA8,0x20,0xA8,0x20,0xA8,0x20,0xA8,0x20,0xA8,0x20,0xA8,
0x20,0xA8,0x20,0xA8,0x20,0xA8,0x20,0xA8,0x20,0xA7,0x20,0xA7,0x20,0xA8,0x20,0xA8,0x20,0xA8,0x20,0xA8,0x20,0xA8,0x20,0xA8,0x20,0xA8,0x20,0xA8,0x20,0xA8,0x20,0xA8,
0x28,0xC9,0x28,0xC9,0x28,0xC9,0x30,0xEA,0x30,0xCA,0x49,0x2D,0x8A,0x96,0xE6,0x5E,0xFF,0xFF,0xDD,0x7D,0x59,0xCE,0x31,0x86,0x31,0x86,0x29,0x65,0x29,0x65,0x21,0x04,
0x00,0x00,0x00,0x00,0x00,0x00,0x00,0x00,0x00,0x00,0x00,0x00,0x00,0x00,0x00,0x00,0x00,0x00,0x00,0x00,0x00,0x00,0x00,0x00,0x00,0x00,0x00,0x00,0x00,0x00,0x00,0x00,
0x00,0x00,0x00,0x00,0x00,0x00,0x00,0x00,0x00,0x00,0x00,0x00,0x00,0x00,0x00,0x00,0x00,0x00,0x00,0x00,0x00,0x00,0x00,0x00,0x00,0x00,0x00,0x00,0x00,0x00,0x00,0x00,
0x29,0x65,0x31,0xA6,0x31,0xA6,0x39,0xC7,0x39,0xC7,0x51,0x6D,0xD5,0x3C,0xFF,0xDF,0xEE,0x5E,0x8A,0xB6,0x49,0x4D,0x30,0xCA,0x30,0xEA,0x28,0xCA,0x28,0xC9,0x28,0xA9,
0x28,0xA9,0x28,0xA8,0x20,0xA8,0x20,0xA8,0x20,0xA8,0x20,0xA8,0x20,0xA8,0x20,0xA8,0x20,0xA8,0x20,0xA8,0x20,0xA8,0x20,0xA8,0x20,0xA8,0x20,0xA8,0x20,0xA8,0x20,0xA8,
0x20,0xA8,0x20,0xA8,0x20,0xA8,0x20,0xA8,0x20,0xA8,0x20,0xA8,0x20,0xA8,0x20,0xA8,0x20,0xA8,0x20,0xA8,0x20,0xA8,0x20,0xA8,0x20,0xA8,0x20,0xA8,0x20,0xA8,0x20,0xA8,
0x20,0xA8,0x20,0xA8,0x20,0xC8,0x20,0xC8,0x20,0xA8,0x20,0xC8,0x28,0xA8,0x20,0xA8,0x20,0xC8,0x20,0xC8,0x28,0xA8,0x20,0xA8,0x20,0xA8,0x20,0xA8,0x20,0xA8,0x20,0xA8,
0x20,0xA8,0x20,0xA8,0x20,0xA8,0x20,0xA8,0x20,0xA8,0x20,0xA8,0x20,0xA8,0x20,0xC8,0x20,0x88,0x31,0x69,0x31,0xAA,0x20,0xA8,0x20,0xC8,0x20,0xC8,0x20,0xA8,0x20,0xA8,
0x20,0xA8,0x20,0xA8,0x20,0xA8,0x20,0xA8,0x20,0xA8,0x20,0xA8,0x20,0xA8,0x20,0xA8,0x20,0xA8,0x20,0xA8,0x20,0xA8,0x20,0xA8,0x20,0xA8,0x20,0xA8,0x20,0xA8,0x20,0xA8,
0x20,0xA8,0x20,0xC8,0x20,0xC8,0x20,0xC9,0x20,0xC9,0x20,0xC9,0x20,0xC9,0x20,0xC9,0x20,0xC9,0x28,0xE9,0x29,0x09,0x31,0x6A,0x20,0xC9,0x20,0xA9,0x20,0xA9,0x20,0xA9,
0x20,0xA9,0x20,0xA9,0x20,0xA8,0x20,0xA8,0x20,0xA8,0x20,0xA8,0x20,0xA8,0x20,0xA8,0x20,0xA8,0x20,0xA8,0x20,0xA8,0x20,0xA8,0x20,0xA8,0x20,0xA8,0x20,0xA9,0x20,0xA9,
0x20,0xA8,0x20,0xA8,0x20,0xA8,0x20,0xA8,0x20,0xA8,0x20,0xA8,0x20,0xA8,0x20,0xA8,0x20,0xA8,0x20,0xA8,0x20,0xA8,0x20,0xA8,0x20,0xA8,0x20,0xA8,0x20,0xA8,0x20,0xA8,
0x20,0xA8,0x20,0xA8,0x20,0xA8,0x20,0xA8,0x20,0xA8,0x20,0xA8,0x20,0xA8,0x20,0x88,0x20,0xA8,0x20,0x88,0x20,0x88,0x20,0xA8,0x20,0xA8,0x20,0xA8,0x20,0xA8,0x20,0xA8,
0x20,0xA8,0x20,0xA8,0x20,0xA8,0x20,0xA8,0x20,0xA8,0x20,0xC8,0x20,0xA8,0x20,0xA8,0x20,0xA8,0x20,0xA8,0x20,0xA8,0x20,0xA8,0x20,0xA8,0x20,0xA8,0x20,0xA8,0x20,0xA9,
0x20,0xA8,0x20,0xA8,0x20,0xA9,0x20,0xA9,0x20,0xA8,0x20,0xA8,0x20,0xC8,0x20,0xC8,0x20,0xC8,0x20,0xA8,0x29,0x09,0x28,0xE9,0x20,0xA8,0x20,0xA8,0x20,0xA8,0x20,0xA8,
0x20,0xA8,0x20,0xA8,0x20,0xA8,0x20,0xA8,0x20,0xA8,0x20,0xA8,0x20,0xA8,0x20,0xA8,0x20,0xA8,0x20,0xA8,0x20,0xA8,0x20,0xA8,0x20,0xA8,0x20,0xA8,0x20,0xA8,0x20,0x88,
0x39,0x8A,0x20,0xC8,0x20,0xA8,0x20,0xA8,0x20,0xA8,0x20,0xA8,0x20,0xA8,0x20,0xA8,0x20,0xA8,0x20,0xA8,0x20,0xA8,0x20,0xA8,0x20,0xA8,0x20,0xA8,0x20,0xA8,0x20,0xA8,
0x20,0xA8,0x3A,0x4B,0x20,0xC8,0x20,0xA8,0x20,0xA8,0x20,0xA8,0x20,0xA8,0x20,0xA8,0x20,0xA8,0x20,0xA8,0x20,0xA8,0x20,0xA8,0x20,0xA8,0x20,0xA8,0x20,0xA8,0x20,0xA8,
0x20,0xA8,0x20,0xA8,0x20,0xA8,0x20,0xA8,0x20,0xA8,0x20,0xA8,0x20,0xA8,0x20,0xA8,0x20,0xA8,0x20,0xA8,0x20,0xA8,0x20,0xA8,0x20,0xA8,0x20,0xA8,0x20,0xA8,0x20,0xA8,
0x20,0xA8,0x20,0xA8,0x20,0xA8,0x20,0xA8,0x20,0xA8,0x20,0xA8,0x20,0xA8,0x20,0xA8,0x20,0xA8,0x20,0xA8,0x20,0xA8,0x20,0xA8,0x20,0xA8,0x20,0xA8,0x20,0xA8,0x28,0xA8,
0x28,0xA9,0x28,0xC9,0x30,0xC9,0x30,0xEA,0x30,0xCA,0x49,0x2D,0x8A,0x96,0xE6,0x5E,0xFF,0xFF,0xDD,0x9D,0x59,0xCE,0x31,0x86,0x31,0x86,0x29,0x65,0x31,0x85,0x21,0x04,
0x00,0x00,0x00,0x00,0x00,0x00,0x00,0x00,0x00,0x00,0x00,0x00,0x00,0x00,0x00,0x00,0x00,0x00,0x00,0x00,0x00,0x00,0x00,0x00,0x00,0x00,0x00,0x00,0x00,0x00,0x00,0x00,
0x00,0x00,0x00,0x00,0x00,0x00,0x00,0x00,0x00,0x00,0x00,0x00,0x00,0x00,0x00,0x00,0x00,0x00,0x00,0x00,0x00,0x00,0x00,0x00,0x00,0x00,0x00,0x00,0x00,0x00,0x00,0x00,
0x29,0x65,0x31,0xA6,0x31,0xA6,0x39,0xC7,0x39,0xC7,0x51,0x6D,0xCD,0x3C,0xFF,0xDF,0xEE,0x5E,0x92,0xB7,0x49,0x4E,0x30,0xCA,0x30,0xEA,0x30,0xCA,0x28,0xC9,0x28,0xA9,
0x28,0xC9,0x20,0xA8,0x20,0xA8,0x20,0xA8,0x20,0xA8,0x20,0xA8,0x20,0xA8,0x20,0xA8,0x20,0xA8,0x20,0xA8,0x20,0xA8,0x20,0xA8,0x20,0xA8,0x20,0xA8,0x20,0xA8,0x20,0xA8,
0x20,0xA8,0x20,0xA8,0x20,0xA8,0x20,0xA8,0x20,0xA8,0x20,0xA8,0x20,0xA8,0x20,0xA8,0x20,0xA8,0x20,0xA8,0x28,0xA8,0x20,0xA8,0x20,0xA8,0x28,0xC9,0x20,0xA8,0x20,0xA8,
0x20,0xC8,0x20,0xA8,0x20,0xA8,0x28,0xA8,0x20,0xA8,0x20,0xA8,0x20,0xA8,0x20,0xA8,0x20,0xC8,0x20,0xA8,0x20,0xA8,0x28,0xA8,0x20,0xA8,0x20,0xA8,0x20,0xA8,0x20,0xA8,
0x20,0xA8,0x20,0xA8,0x20,0xA8,0x20,0xA8,0x20,0xA8,0x20,0xA8,0x20,0xA8,0x28,0xC8,0x20,0x88,0x31,0x69,0x31,0xA9,0x20,0xA8,0x20,0xC8,0x20,0xA8,0x20,0xA8,0x20,0xA8,
0x20,0xA8,0x20,0xA8,0x20,0xA8,0x20,0xA8,0x20,0xA8,0x20,0xA8,0x20,0xA8,0x20,0xA8,0x20,0xA8,0x20,0xA8,0x20,0xA8,0x20,0xA8,0x20,0xA8,0x20,0xA8,0x20,0xA8,0x20,0xA8,
0x20,0xA8,0x20,0xA9,0x20,0xA8,0x20,0xA9,0x20,0xC9,0x20,0xC9,0x20,0xC9,0x20,0xC9,0x28,0xC9,0x28,0xC9,0x29,0x09,0x31,0x8A,0x20,0xA8,0x20,0xA8,0x20,0xA8,0x20,0xA8,
0x20,0xA8,0x20,0xA8,0x20,0xA8,0x20,0xA8,0x20,0xA8,0x20,0xA8,0x20,0xA8,0x20,0xA8,0x20,0xA8,0x20,0xA8,0x20,0xA8,0x20,0xA8,0x20,0xA8,0x20,0xA8,0x20,0xA8,0x20,0xA8,
0x20,0xA8,0x20,0xA8,0x20,0xA8,0x20,0xA8,0x20,0xA8,0x20,0xA8,0x20,0xA8,0x20,0xC8,0x20,0xA8,0x20,0xA8,0x20,0xA8,0x20,0xA8,0x20,0xA8,0x20,0xA8,0x20,0xA8,0x20,0xA8,
0x20,0xA8,0x20,0xA8,0x20,0xA8,0x20,0xA8,0x20,0xA8,0x20,0xA8,0x20,0xA8,0x20,0xA8,0x20,0xA8,0x20,0xA8,0x20,0xA8,0x20,0xA8,0x20,0xA8,0x20,0xA8,0x20,0xA8,0x20,0xA8,
0x20,0xA8,0x20,0xA8,0x20,0xA8,0x20,0xA8,0x20,0xA8,0x20,0xA8,0x20,0xA8,0x20,0xA8,0x20,0xA8,0x20,0xA8,0x20,0xA8,0x20,0xA8,0x20,0xA8,0x20,0xA8,0x20,0xA8,0x20,0xA8,
0x20,0xA8,0x20,0xA8,0x20,0xA8,0x20,0xA8,0x20,0xA8,0x20,0xC8,0x20,0xA8,0x20,0xA8,0x20,0xC8,0x20,0xA8,0x29,0x29,0x28,0xE9,0x20,0xA8,0x20,0xA8,0x20,0xA8,0x20,0xA8,
0x20,0xA8,0x20,0xA8,0x20,0xA8,0x20,0xA8,0x20,0xA8,0x20,0xA8,0x20,0xA8,0x20,0xA8,0x20,0xA8,0x20,0xA8,0x20,0xA8,0x20,0xA8,0x20,0xA8,0x20,0xA8,0x20,0xA8,0x20,0x88,
0x39,0xAB,0x28,0xC8,0x20,0xA9,0x20,0xA8,0x20,0xA8,0x20,0xA8,0x20,0xA8,0x20,0xA8,0x20,0xA8,0x20,0xA8,0x20,0xA8,0x20,0xA8,0x20,0xA8,0x20,0xA8,0x20,0xA8,0x20,0xA8,
0x20,0xC8,0x3A,0x4B,0x20,0xC8,0x20,0xA9,0x20,0xA9,0x20,0xA8,0x20,0xA8,0x20,0xA8,0x20,0xA8,0x20,0xA8,0x20,0xA8,0x20,0xA8,0x20,0xA8,0x20,0xA8,0x20,0xA8,0x20,0xA8,
0x20,0xA8,0x20,0xA8,0x20,0xA8,0x20,0xA8,0x20,0xA8,0x20,0xA8,0x20,0xA8,0x20,0xA8,0x20,0xA8,0x20,0xA8,0x20,0xA8,0x28,0xC9,0x28,0xE9,0x20,0xA8,0x20,0xA8,0x20,0xA8,
0x20,0xA8,0x20,0xA8,0x20,0xA8,0x20,0xA8,0x20,0xA8,0x20,0xA8,0x20,0xA8,0x20,0xA8,0x20,0xA8,0x20,0xA8,0x20,0xA8,0x20,0xA8,0x20,0xA8,0x20,0xA8,0x20,0xA8,0x28,0xA8,
0x28,0xC9,0x28,0xC9,0x30,0xCA,0x30,0xCA,0x30,0xCA,0x49,0x2E,0x8A,0x96,0xEE,0x3E,0xFF,0xFF,0xDD,0x9D,0x59,0xCF,0x31,0x86,0x31,0x86,0x29,0x65,0x31,0x86,0x21,0x04,
0x00,0x00,0x00,0x00,0x00,0x00,0x00,0x00,0x00,0x00,0x00,0x00,0x00,0x00,0x00,0x00,0x00,0x00,0x00,0x00,0x00,0x00,0x00,0x00,0x00,0x00,0x00,0x00,0x00,0x00,0x00,0x00,
0x00,0x00,0x00,0x00,0x00,0x00,0x00,0x00,0x00,0x00,0x00,0x00,0x00,0x00,0x00,0x00,0x00,0x00,0x00,0x00,0x00,0x00,0x00,0x00,0x00,0x00,0x00,0x00,0x00,0x00,0x00,0x00,
0x31,0x65,0x31,0xA6,0x31,0xA6,0x39,0xC7,0x39,0xC7,0x51,0x6D,0xD5,0x3C,0xFF,0xDF,0xEE,0x5E,0x8A,0xB6,0x49,0x4E,0x30,0xEA,0x30,0xEA,0x30,0xCA,0x28,0xC9,0x28,0xC9,
0x28,0xA9,0x28,0xA9,0x20,0xA8,0x20,0xA8,0x20,0xA8,0x20,0xA8,0x20,0xA8,0x20,0xA8,0x20,0xA8,0x20,0xA8,0x28,0xA8,0x20,0xA8,0x20,0xC8,0x20,0xA8,0x20,0xA8,0x20,0xA8,
0x28,0xC9,0x20,0xA8,0x20,0xA8,0x20,0xA8,0x20,0xA8,0x28,0xA9,0x20,0xA8,0x20,0xA8,0x20,0xC8,0x20,0xC8,0x20,0xC8,0x20,0xA8,0x20,0xC8,0x28,0xC9,0x20,0xA8,0x20,0xA8,
0x20,0xC8,0x20,0xC8,0x28,0xC8,0x28,0xC8,0x20,0xC9,0x20,0xC9,0x20,0xC9,0x20,0xC9,0x20,0xC8,0x28,0xC9,0x28,0xE9,0x20,0xA8,0x28,0xC8,0x28,0xA8,0x20,0xC9,0x28,0xA9,
0x28,0xC8,0x20,0xA8,0x20,0xC8,0x20,0xC8,0x28,0xA8,0x28,0xA8,0x20,0xA8,0x28,0xA8,0x20,0x88,0x31,0x89,0x31,0xAA,0x20,0x88,0x20,0xC9,0x20,0xC8,0x20,0xA8,0x20,0xA8,
0x20,0xA8,0x20,0xA8,0x20,0xA8,0x20,0xA8,0x20,0xA8,0x20,0xA8,0x20,0xA8,0x20,0xA8,0x20,0xA8,0x20,0xA8,0x20,0xA8,0x20,0xA9,0x20,0xA9,0x20,0xA8,0x28,0xA9,0x20,0xC8,
0x20,0xC8,0x20,0xA9,0x20,0xC8,0x20,0xA8,0x20,0xA9,0x20,0xA9,0x20,0xC9,0x20,0xC9,0x28,0xC9,0x20,0xA9,0x20,0xC8,0x31,0xAA,0x20,0xA8,0x20,0xA8,0x20,0xA8,0x20,0xA9,
0x20,0xA9,0x20,0xA9,0x20,0xA9,0x20,0xA8,0x20,0xA8,0x20,0xA9,0x20,0xA8,0x20,0xA8,0x20,0xA8,0x20,0xA8,0x20,0xA8,0x20,0xA8,0x20,0xA8,0x20,0xA8,0x20,0xA8,0x20,0xA8,
0x20,0xA8,0x20,0xA8,0x20,0xA8,0x20,0xA8,0x20,0xA8,0x20,0xA8,0x20,0xA8,0x20,0xA8,0x20,0xA8,0x20,0xA8,0x20,0xA8,0x20,0xA8,0x20,0xA8,0x20,0xA8,0x20,0xA8,0x20,0xA8,
0x20,0xA8,0x20,0xA8,0x20,0xA8,0x20,0xA8,0x20,0xA8,0x20,0xA8,0x20,0xA9,0x20,0x88,0x20,0x88,0x20,0xA8,0x20,0xA8,0x20,0xA8,0x20,0xA8,0x20,0xA8,0x20,0xA8,0x20,0xA8,
0x20,0xA8,0x20,0xA8,0x20,0xA8,0x20,0xA8,0x20,0xA8,0x20,0xA8,0x20,0xA8,0x20,0xA8,0x20,0xA8,0x20,0xA8,0x20,0xA8,0x20,0xA8,0x20,0xA8,0x20,0xA8,0x20,0xA8,0x20,0xA8,
0x20,0xA8,0x20,0xA8,0x20,0xA8,0x20,0xA8,0x20,0xA8,0x20,0xA8,0x20,0xC9,0x20,0xC9,0x20,0xA9,0x20,0xA8,0x31,0x29,0x28,0xE9,0x20,0xA8,0x20,0xA9,0x20,0xA8,0x20,0xA8,
0x20,0xA8,0x20,0xA8,0x20,0xA8,0x20,0xA8,0x20,0xA8,0x20,0xA8,0x20,0xA8,0x20,0xA8,0x20,0xA8,0x20,0xA8,0x20,0xA8,0x20,0xA8,0x20,0xA8,0x20,0xA8,0x20,0xA9,0x20,0xA8,
0x41,0xAB,0x28,0xC9,0x20,0xA8,0x20,0xA9,0x20,0xA9,0x20,0xA9,0x20,0xA9,0x20,0xA8,0x20,0xA8,0x20,0xA8,0x20,0xA8,0x20,0xA8,0x20,0xA9,0x20,0xA9,0x20,0xA8,0x20,0xA8,
0x20,0xC8,0x3A,0x6B,0x20,0xC8,0x20,0xA9,0x20,0xA9,0x28,0xC9,0x20,0xA8,0x20,0xA8,0x20,0xA8,0x20,0xA8,0x20,0xA8,0x20,0xA8,0x20,0xA8,0x20,0xA9,0x20,0xA8,0x20,0xA8,
0x20,0xA8,0x20,0xA8,0x20,0xA8,0x20,0xA8,0x20,0xA8,0x20,0xA8,0x20,0xA8,0x20,0xA8,0x20,0xA8,0x20,0xA8,0x20,0xA8,0x20,0xA8,0x20,0xA8,0x20,0xA8,0x20,0xA8,0x20,0xA8,
0x20,0xA8,0x20,0xA8,0x20,0xA8,0x20,0xA8,0x20,0xA8,0x20,0xA8,0x20,0xA8,0x20,0xA8,0x20,0xA8,0x20,0xA8,0x20,0x88,0x20,0xA8,0x20,0xA8,0x20,0xA8,0x20,0xA9,0x28,0xA9,
0x28,0xC9,0x28,0xC9,0x30,0xCA,0x30,0xCA,0x30,0xCA,0x49,0x2E,0x8A,0x96,0xE6,0x5E,0xFF,0xFF,0xDD,0x9D,0x59,0xCF,0x31,0x86,0x31,0x86,0x31,0x66,0x31,0x86,0x21,0x04,
0x00,0x00,0x00,0x00,0x00,0x00,0x00,0x00,0x00,0x00,0x00,0x00,0x00,0x00,0x00,0x00,0x00,0x00,0x00,0x00,0x00,0x00,0x00,0x00,0x00,0x00,0x00,0x00,0x00,0x00,0x00,0x00,
0x00,0x00,0x00,0x00,0x00,0x00,0x00,0x00,0x00,0x00,0x00,0x00,0x00,0x00,0x00,0x00,0x00,0x00,0x00,0x00,0x00,0x00,0x00,0x00,0x00,0x00,0x00,0x00,0x00,0x00,0x00,0x00,
0x31,0x86,0x31,0xA6,0x31,0xA6,0x39,0xC7,0x39,0xC7,0x51,0x6D,0xD5,0x1C,0xFF,0xDF,0xEE,0x5E,0x8A,0xB6,0x49,0x4E,0x30,0xEA,0x38,0xEA,0x30,0xCA,0x28,0xC9,0x28,0xC9,
0x28,0xC9,0x28,0xC8,0x20,0xA8,0x20,0xA8,0x20,0xC8,0x20,0xA8,0x20,0xA8,0x20,0xA9,0x20,0xA9,0x28,0xC8,0x28,0xA8,0x28,0xC9,0x20,0xC9,0x28,0xC9,0x28,0xA9,0x28,0xA9,
0x28,0xC9,0x28,0xA9,0x20,0xA9,0x20,0xC9,0x28,0xC9,0x28,0xC8,0x28,0xC8,0x28,0xA9,0x28,0xC9,0x20,0xC8,0x20,0xC9,0x20,0xC8,0x28,0xC8,0x28,0xA8,0x28,0xA8,0x28,0xA8,
0x28,0xA8,0x20,0xC9,0x28,0xC9,0x28,0xC9,0x28,0xC9,0x28,0xC9,0x28,0xC8,0x28,0xA9,0x20,0xA8,0x30,0xE9,0x39,0x2A,0x20,0xA8,0x28,0xC9,0x28,0xC8,0x28,0xC9,0x28,0xC9,
0x28,0xC8,0x28,0xC8,0x20,0xA8,0x28,0xC9,0x28,0xC8,0x28,0xC8,0x28,0xC9,0x28,0xC9,0x20,0x88,0x31,0x8A,0x31,0xA9,0x20,0x88,0x28,0xC9,0x20,0xA9,0x20,0xA8,0x20,0xA8,
0x20,0xA8,0x20,0xA8,0x20,0xA9,0x20,0xA9,0x20,0xA9,0x20,0xA9,0x20,0xA8,0x20,0xA8,0x20,0xA8,0x20,0xA9,0x20,0xA8,0x20,0xA8,0x28,0xA9,0x20,0xA9,0x28,0xA9,0x20,0xC9,
0x20,0xC8,0x28,0xC9,0x20,0xC9,0x20,0xA8,0x20,0xA8,0x20,0xA9,0x20,0xC9,0x28,0xC9,0x28,0xC9,0x20,0xA9,0x28,0xC9,0x39,0xAA,0x20,0xA8,0x20,0xA8,0x20,0xA8,0x20,0xA9,
0x20,0xA9,0x20,0xA8,0x20,0xA8,0x20,0xA8,0x20,0xA8,0x20,0xA8,0x20,0xA8,0x20,0xA8,0x20,0xA8,0x20,0xA8,0x20,0xA8,0x20,0xA8,0x20,0xA8,0x20,0xA8,0x20,0xA8,0x20,0xA8,
0x20,0xA8,0x20,0xA8,0x20,0xA8,0x20,0xA8,0x20,0xA8,0x20,0xA8,0x20,0xA8,0x20,0xA8,0x20,0xA8,0x20,0xA8,0x20,0xA8,0x28,0xC8,0x20,0xA8,0x20,0xA8,0x20,0xA8,0x20,0xA8,
0x20,0xA8,0x20,0xA8,0x20,0xA8,0x20,0xA8,0x20,0xA8,0x20,0xA8,0x20,0xA8,0x20,0xA8,0x20,0xA8,0x20,0xA8,0x20,0x88,0x20,0xA8,0x20,0xA8,0x20,0xA8,0x20,0xA8,0x20,0xA8,
0x20,0xA8,0x20,0xA8,0x20,0xA8,0x20,0xA8,0x20,0xA8,0x20,0xC9,0x20,0xA8,0x20,0xA8,0x20,0xA8,0x20,0xA9,0x20,0xC8,0x20,0xA8,0x20,0xA8,0x20,0xA8,0x20,0xA8,0x20,0xA8,
0x20,0xA9,0x28,0xA8,0x20,0xA8,0x28,0xA8,0x20,0xA9,0x20,0xA9,0x20,0xA9,0x28,0xC9,0x20,0xC9,0x20,0x88,0x31,0x2A,0x28,0xE9,0x20,0xA8,0x20,0xA9,0x20,0xA9,0x20,0xA8,
0x20,0xA8,0x20,0xA9,0x20,0xA9,0x20,0xA9,0x20,0xA9,0x28,0xA9,0x20,0xA9,0x20,0xA8,0x20,0xA8,0x20,0xA9,0x20,0xA8,0x20,0xA8,0x20,0xA8,0x20,0xA8,0x20,0xA9,0x20,0x88,
0x41,0xCB,0x28,0xC9,0x20,0xA8,0x20,0xA9,0x20,0xA9,0x20,0xA8,0x20,0xA8,0x20,0xA8,0x20,0xA8,0x20,0xA9,0x20,0xA9,0x20,0xA9,0x20,0xA9,0x20,0xA9,0x20,0xA8,0x20,0xA8,
0x20,0xC8,0x3A,0x4B,0x20,0xC8,0x20,0xA9,0x28,0xC9,0x20,0xA9,0x20,0xA8,0x20,0xC8,0x28,0xC9,0x20,0xA8,0x20,0xA8,0x20,0xA8,0x20,0xA8,0x20,0xA8,0x20,0xA8,0x20,0xA8,
0x20,0xA8,0x20,0xA8,0x20,0xA8,0x20,0xA8,0x20,0xA8,0x20,0xA8,0x20,0xA8,0x20,0xA8,0x20,0xA8,0x20,0xA8,0x20,0xA8,0x20,0xA8,0x20,0xA8,0x20,0xA8,0x20,0xA8,0x20,0xA8,
0x20,0xA8,0x20,0xA8,0x20,0xA8,0x20,0xA8,0x20,0xA8,0x20,0xA9,0x20,0xA8,0x20,0xA8,0x20,0xA8,0x20,0xA8,0x20,0x88,0x20,0xA8,0x20,0xA8,0x20,0xA8,0x20,0xC9,0x28,0xC9,
0x28,0xC9,0x28,0xC9,0x30,0xCA,0x30,0xEA,0x30,0xCA,0x49,0x2E,0x8A,0xB6,0xEE,0x5E,0xFF,0xFF,0xDD,0x9D,0x59,0xCF,0x31,0x86,0x31,0x86,0x29,0x66,0x31,0x86,0x21,0x24,
0x00,0x00,0x00,0x00,0x00,0x00,0x00,0x00,0x00,0x00,0x00,0x00,0x00,0x00,0x00,0x00,0x00,0x00,0x00,0x00,0x00,0x00,0x00,0x00,0x00,0x00,0x00,0x00,0x00,0x00,0x00,0x00,
0x00,0x00,0x00,0x00,0x00,0x00,0x00,0x00,0x00,0x00,0x00,0x00,0x00,0x00,0x00,0x00,0x00,0x00,0x00,0x00,0x00,0x00,0x00,0x00,0x00,0x00,0x00,0x00,0x00,0x00,0x00,0x00,
0x31,0x86,0x31,0xA7,0x31,0xA6,0x39,0xC6,0x39,0xC7,0x51,0x6D,0xD5,0x3C,0xFF,0xDF,0xEE,0x5E,0x8A,0xB6,0x49,0x4E,0x38,0xEB,0x38,0xEA,0x30,0xCA,0x28,0xCA,0x28,0xC9,
0x28,0xC9,0x28,0xC9,0x28,0xC9,0x28,0xA8,0x28,0xA8,0x28,0xA8,0x28,0xA8,0x28,0xC9,0x28,0xC9,0x28,0xC9,0x20,0xC8,0x28,0xC9,0x28,0xC9,0x28,0xC9,0x20,0xC9,0x20,0xC9,
0x28,0xA9,0x28,0xC9,0x28,0xC9,0x28,0xC9,0x28,0xC9,0x28,0xC9,0x28,0xC9,0x28,0xC9,0x28,0xC9,0x28,0xC9,0x28,0xC9,0x28,0xC9,0x28,0xC8,0x28,0xC8,0x28,0xC9,0x28,0xC8,
0x28,0xC9,0x28,0xC9,0x28,0xC9,0x28,0xC9,0x28,0xC9,0x28,0xC9,0x28,0xC9,0x28,0xC9,0x28,0xC9,0x20,0xA8,0x20,0xA8,0x28,0xC8,0x28,0xC8,0x28,0xC9,0x28,0xC9,0x28,0xC9,
0x28,0xC9,0x28,0xC9,0x29,0x09,0x28,0xC9,0x28,0xC9,0x28,0xC9,0x28,0xC9,0x28,0xC9,0x20,0x88,0x31,0x8A,0x31,0xAA,0x20,0x88,0x28,0xC9,0x28,0xC8,0x20,0xA8,0x28,0xA9,
0x20,0xA8,0x20,0xA9,0x28,0xA9,0x20,0xA8,0x20,0xA9,0x20,0xA9,0x20,0xC8,0x28,0xC9,0x20,0xA9,0x28,0xE9,0x28,0xC9,0x20,0xA9,0x28,0xA9,0x28,0xA9,0x28,0xA9,0x28,0xA9,
0x20,0xA9,0x28,0xE9,0x28,0xC9,0x20,0xC9,0x28,0xC9,0x28,0xC9,0x28,0xC9,0x28,0xA9,0x20,0xC9,0x28,0xA9,0x28,0xC9,0x39,0xCB,0x20,0xA8,0x20,0xA9,0x20,0xA9,0x20,0xA9,
0x20,0xA9,0x20,0xA9,0x20,0xA9,0x20,0xA9,0x20,0xA8,0x20,0xA8,0x20,0xA8,0x20,0xA8,0x20,0xA8,0x20,0xA8,0x20,0xA8,0x20,0xA8,0x20,0xA8,0x20,0xA8,0x20,0xA8,0x20,0xA8,
0x20,0xA9,0x20,0xA9,0x20,0xA9,0x20,0xA8,0x20,0xA8,0x20,0xA8,0x20,0xA8,0x20,0xA8,0x20,0xA8,0x20,0xA8,0x20,0xA8,0x28,0xC9,0x20,0xA8,0x20,0xA8,0x20,0xA8,0x20,0xA8,
0x20,0xA8,0x20,0xA8,0x20,0xA8,0x20,0xA8,0x20,0xA8,0x20,0xA8,0x20,0xA8,0x20,0xA8,0x20,0xA8,0x20,0xA8,0x20,0xA8,0x20,0xA8,0x20,0xA8,0x20,0xA8,0x20,0xA8,0x20,0xA8,
0x20,0xA8,0x20,0xA8,0x20,0xA8,0x20,0xA8,0x20,0xA8,0x28,0xC9,0x20,0xA8,0x20,0xA9,0x20,0xA9,0x20,0xC9,0x20,0xA9,0x20,0xA9,0x28,0xA9,0x20,0xA9,0x28,0xA9,0x20,0xC8,
0x20,0xA9,0x28,0xA9,0x28,0xC9,0x28,0xC9,0x28,0xA9,0x20,0xC9,0x20,0xA9,0x20,0xA9,0x20,0xC9,0x20,0x88,0x31,0x8A,0x31,0x2A,0x20,0xA8,0x20,0xA8,0x20,0xA9,0x28,0xA9,
0x28,0xA9,0x28,0xA9,0x28,0xA9,0x28,0xA9,0x28,0xC9,0x28,0xA9,0x28,0xA9,0x20,0xA9,0x20,0xA9,0x20,0xA9,0x20,0xA8,0x20,0xA8,0x20,0xA8,0x20,0xA8,0x28,0xA9,0x20,0xA8,
0x42,0x0B,0x28,0xE9,0x20,0xA9,0x20,0xA8,0x20,0xA8,0x20,0xA8,0x20,0xA8,0x20,0xA8,0x20,0xA9,0x20,0xA9,0x20,0xA9,0x20,0xA9,0x20,0xA8,0x20,0xA9,0x20,0xA9,0x20,0xA9,
0x20,0xC8,0x3A,0x4B,0x20,0xC8,0x28,0xA9,0x28,0xC9,0x20,0xA9,0x20,0xA9,0x20,0xA9,0x20,0xA9,0x20,0xA9,0x20,0xA8,0x20,0xA8,0x20,0xA9,0x20,0xA9,0x20,0xA9,0x20,0xA9,
0x20,0xA9,0x20,0xA9,0x20,0xA9,0x20,0xA9,0x20,0xA9,0x20,0xA8,0x20,0xA9,0x20,0xA9,0x20,0xA8,0x20,0xA8,0x20,0xA8,0x20,0xA8,0x20,0xA9,0x20,0xA9,0x20,0xA9,0x20,0xA8,
0x20,0xA8,0x20,0xA8,0x20,0xA8,0x20,0xA8,0x20,0xA8,0x20,0xA9,0x20,0xA9,0x20,0xA9,0x20,0xA8,0x20,0xA8,0x20,0xA8,0x20,0xA8,0x20,0xA8,0x20,0xA9,0x20,0xA9,0x28,0xC9,
0x28,0xC9,0x28,0xC9,0x30,0xCA,0x30,0xEA,0x30,0xCA,0x49,0x2E,0x8A,0x96,0xEE,0x5E,0xFF,0xFF,0xDD,0x7D,0x59,0xCE,0x31,0x86,0x31,0x86,0x31,0x85,0x31,0x86,0x21,0x24,
0x00,0x00,0x00,0x00,0x00,0x00,0x00,0x00,0x00,0x00,0x00,0x00,0x00,0x00,0x00,0x00,0x00,0x00,0x00,0x00,0x00,0x00,0x00,0x00,0x00,0x00,0x00,0x00,0x00,0x00,0x00,0x00,
0x00,0x00,0x00,0x00,0x00,0x00,0x00,0x00,0x00,0x00,0x00,0x00,0x00,0x00,0x00,0x00,0x00,0x00,0x00,0x00,0x00,0x00,0x00,0x00,0x00,0x00,0x00,0x00,0x00,0x00,0x00,0x00,
0x31,0x86,0x39,0xC6,0x31,0xA6,0x39,0xC7,0x39,0xC7,0x51,0x6D,0xD5,0x3C,0xFF,0xDF,0xEE,0x5E,0x8A,0xB6,0x49,0x4E,0x38,0xEB,0x30,0xEB,0x30,0xCA,0x30,0xCA,0x28,0xC9,
0x28,0xC9,0x28,0xC9,0x28,0xC9,0x28,0xC9,0x28,0xC9,0x28,0xC9,0x28,0xC9,0x28,0xC9,0x28,0xC9,0x28,0xC9,0x28,0xC9,0x28,0xC9,0x28,0xC9,0x28,0xC9,0x28,0xC9,0x28,0xC9,
0x28,0xC9,0x28,0xC9,0x28,0xC9,0x28,0xC9,0x28,0xC9,0x28,0xC9,0x28,0xC9,0x28,0xC9,0x28,0xC9,0x28,0xC9,0x28,0xC9,0x28,0xC9,0x28,0xC9,0x28,0xC9,0x28,0xC9,0x28,0xC9,
0x28,0xC9,0x28,0xC9,0x28,0xC9,0x28,0xC9,0x28,0xC9,0x28,0xC9,0x28,0xC9,0x28,0xC9,0x28,0xC9,0x28,0xC9,0x28,0xC9,0x28,0xC9,0x28,0xC9,0x28,0xC9,0x28,0xC9,0x28,0xC9,
0x28,0xC9,0x28,0xC9,0x28,0xC9,0x28,0xC9,0x28,0xC9,0x28,0xC9,0x28,0xC9,0x28,0xC9,0x20,0x88,0x31,0x8A,0x39,0xAA,0x20,0x88,0x28,0xC9,0x28,0xA9,0x28,0xA9,0x28,0xA9,
0x20,0xC9,0x20,0xA9,0x20,0xA9,0x20,0xA9,0x20,0xA9,0x20,0xA9,0x28,0xC9,0x28,0xC9,0x28,0xC9,0x20,0xA9,0x28,0xA9,0x28,0xA9,0x28,0xC9,0x28,0xA9,0x28,0xA9,0x28,0xC9,
0x20,0xA9,0x31,0x09,0x28,0xE9,0x28,0xA9,0x28,0xC9,0x28,0xC9,0x28,0xC9,0x28,0xC9,0x28,0xC9,0x28,0xA9,0x28,0xC9,0x39,0xEB,0x20,0xA8,0x28,0xA9,0x28,0xA9,0x28,0xA9,
0x20,0xA9,0x28,0xA9,0x20,0xA9,0x28,0xC9,0x28,0xA9,0x20,0xA9,0x20,0xA9,0x20,0xA9,0x20,0xA9,0x20,0xA9,0x20,0xA9,0x20,0xA9,0x20,0xA9,0x20,0xA9,0x20,0xA9,0x20,0xA9,
0x20,0xA9,0x20,0xA9,0x20,0xA9,0x20,0xA9,0x20,0xA9,0x28,0xC9,0x28,0xC9,0x20,0xA8,0x20,0xA8,0x20,0xA8,0x20,0xA8,0x20,0xA8,0x20,0xA8,0x20,0xA9,0x20,0xA8,0x20,0xA9,
0x20,0xA8,0x20,0xA8,0x20,0xA9,0x20,0xA8,0x20,0xA8,0x20,0xA9,0x20,0xA9,0x20,0xA8,0x20,0xA9,0x20,0xA8,0x20,0xA8,0x20,0xA9,0x20,0xA9,0x28,0xA9,0x28,0xC9,0x20,0xA9,
0x28,0xA9,0x20,0xA8,0x28,0xA9,0x28,0xA9,0x28,0xA9,0x20,0xA9,0x20,0xA9,0x28,0xA9,0x28,0xA9,0x28,0xA9,0x20,0xA9,0x28,0xA9,0x28,0xA9,0x28,0xA9,0x20,0xA9,0x28,0xA9,
0x28,0xA9,0x28,0xA9,0x28,0xC9,0x20,0xC9,0x28,0xC9,0x28,0xC9,0x28,0xC9,0x28,0xC9,0x28,0xC9,0x20,0xA8,0x31,0x8A,0x31,0x2A,0x20,0xA8,0x28,0xC9,0x28,0xA9,0x28,0xA9,
0x28,0xA9,0x28,0xC9,0x28,0xC9,0x28,0xC9,0x28,0xC9,0x28,0xA9,0x28,0xA9,0x28,0xA9,0x20,0xA9,0x20,0xA9,0x28,0xA9,0x20,0xA9,0x20,0xC9,0x28,0xA9,0x28,0xC9,0x20,0xA8,
0x41,0xEB,0x28,0xE9,0x20,0xA9,0x28,0xC9,0x20,0xA9,0x28,0xA9,0x28,0xA9,0x20,0xA9,0x28,0xA9,0x20,0xA9,0x20,0xA9,0x28,0xC9,0x28,0xA9,0x28,0xA9,0x28,0xA9,0x28,0xA9,
0x20,0xC8,0x3A,0x4B,0x20,0xC8,0x28,0xA9,0x28,0xA9,0x28,0xA9,0x28,0xA9,0x28,0xA9,0x20,0xA9,0x28,0xA9,0x20,0xA9,0x20,0xA9,0x20,0xA9,0x20,0xA9,0x20,0xA9,0x20,0xA9,
0x20,0xA9,0x20,0xA9,0x28,0xA9,0x20,0xA9,0x28,0xA9,0x20,0xA9,0x20,0xA9,0x20,0xA9,0x20,0xA9,0x28,0xA9,0x20,0xA9,0x20,0xA9,0x28,0xA9,0x20,0xA9,0x20,0xA9,0x20,0xA9,
0x20,0xA9,0x28,0xA9,0x20,0xA9,0x20,0xA9,0x20,0xA9,0x20,0xA9,0x28,0xA9,0x20,0xA9,0x20,0xA9,0x20,0xA8,0x20,0xA9,0x20,0xA8,0x20,0xA9,0x20,0xA9,0x28,0xC9,0x28,0xC9,
0x28,0xC9,0x28,0xC9,0x30,0xCA,0x30,0xEA,0x30,0xCB,0x49,0x2E,0x8A,0x96,0xEE,0x3E,0xFF,0xDF,0xDD,0x7D,0x59,0xCF,0x31,0x86,0x31,0x86,0x31,0x86,0x31,0x86,0x21,0x24,
0x00,0x00,0x00,0x00,0x00,0x00,0x00,0x00,0x00,0x00,0x00,0x00,0x00,0x00,0x00,0x00,0x00,0x00,0x00,0x00,0x00,0x00,0x00,0x00,0x00,0x00,0x00,0x00,0x00,0x00,0x00,0x00,
0x00,0x00,0x00,0x00,0x00,0x00,0x00,0x00,0x00,0x00,0x00,0x00,0x00,0x00,0x00,0x00,0x00,0x00,0x00,0x00,0x00,0x00,0x00,0x00,0x00,0x00,0x00,0x00,0x00,0x00,0x00,0x00,
0x31,0x86,0x39,0xC7,0x31,0xA6,0x39,0xC7,0x39,0xC7,0x51,0x6D,0xD5,0x1C,0xFF,0xDF,0xEE,0x5E,0x8A,0xB6,0x49,0x4E,0x38,0xEB,0x38,0xEB,0x30,0xCA,0x30,0xCA,0x28,0xCA,
0x28,0xC9,0x28,0xC9,0x28,0xC9,0x28,0xC9,0x28,0xC9,0x28,0xC9,0x28,0xC9,0x28,0xEA,0x28,0xC9,0x28,0xC9,0x28,0xC9,0x28,0xC9,0x28,0xC9,0x28,0xC9,0x28,0xC9,0x28,0xC9,
0x28,0xC9,0x28,0xC9,0x28,0xC9,0x28,0xC9,0x28,0xC9,0x28,0xC9,0x28,0xC9,0x28,0xC9,0x28,0xC9,0x28,0xC9,0x28,0xC9,0x28,0xC9,0x28,0xC9,0x28,0xC9,0x28,0xE9,0x28,0xC9,
0x28,0xC9,0x28,0xC9,0x28,0xC9,0x28,0xC9,0x28,0xC9,0x28,0xC9,0x28,0xC9,0x28,0xC9,0x28,0xC9,0x28,0xC9,0x28,0xC9,0x28,0xC9,0x28,0xC9,0x28,0xC9,0x28,0xC9,0x28,0xC9,
0x28,0xC9,0x28,0xC9,0x28,0xC9,0x28,0xC9,0x28,0xC9,0x28,0xC9,0x28,0xC9,0x28,0xC9,0x20,0xA9,0x31,0xAA,0x39,0xAA,0x20,0xA9,0x28,0xC9,0x28,0xC9,0x28,0xC9,0x28,0xC9,
0x28,0xC9,0x28,0xA9,0x28,0xA9,0x28,0xA9,0x28,0xA9,0x28,0xC9,0x28,0xC9,0x28,0xC9,0x28,0xC9,0x28,0xC9,0x28,0xC9,0x28,0xC9,0x28,0xC9,0x20,0xA9,0x31,0x2A,0x28,0xC9,
0x20,0xA9,0x31,0x2A,0x29,0x0A,0x28,0xC9,0x28,0xC9,0x28,0xC9,0x28,0xC9,0x28,0xA9,0x28,0xC9,0x28,0xA9,0x28,0xC9,0x41,0xEB,0x20,0xA8,0x28,0xA9,0x20,0xA9,0x20,0xA9,
0x28,0xA9,0x28,0xA9,0x28,0xC9,0x28,0xA9,0x28,0xA9,0x20,0xA9,0x28,0xA9,0x20,0xA9,0x20,0xA9,0x20,0xA9,0x20,0xA9,0x28,0xA9,0x20,0xA9,0x20,0xA9,0x28,0xA9,0x20,0xA9,
0x20,0xA9,0x20,0xA9,0x28,0xC9,0x28,0xA9,0x20,0xA9,0x28,0xC9,0x28,0xC9,0x20,0xA9,0x28,0xC9,0x28,0xA9,0x20,0xC9,0x28,0xC9,0x28,0xC9,0x20,0xC9,0x20,0xC9,0x20,0xC9,
0x20,0xA9,0x20,0xA9,0x20,0xC9,0x20,0xA9,0x20,0xA9,0x20,0xA9,0x20,0xA9,0x20,0xA9,0x20,0xA9,0x28,0xA9,0x20,0xA8,0x20,0xA8,0x20,0xA9,0x28,0xA9,0x28,0xC9,0x28,0xC9,
0x28,0xC9,0x28,0xC9,0x28,0xC9,0x28,0xC9,0x20,0xA9,0x20,0xA9,0x28,0xC9,0x20,0xA9,0x28,0xC9,0x28,0xA9,0x28,0xA9,0x20,0xA9,0x39,0x6B,0x28,0xE9,0x28,0xA9,0x28,0xC9,
0x28,0xC9,0x28,0xC9,0x28,0xC9,0x28,0xC9,0x28,0xC9,0x28,0xC9,0x28,0xC9,0x28,0xC9,0x28,0xC9,0x20,0xA9,0x31,0x6A,0x31,0x2A,0x20,0xA9,0x28,0xA9,0x28,0xA9,0x28,0xC9,
0x28,0xC9,0x28,0xA9,0x30,0xEA,0x49,0xCD,0x28,0xA9,0x28,0xC9,0x28,0xC9,0x28,0xA9,0x28,0xA9,0x28,0xA9,0x28,0xA9,0x28,0xA9,0x20,0xA9,0x28,0xA9,0x28,0xC9,0x20,0xA9,
0x41,0xEB,0x28,0xE9,0x28,0xA9,0x28,0xC9,0x28,0xA9,0x28,0xA9,0x28,0xA9,0x28,0xA9,0x28,0xC9,0x28,0xA9,0x28,0xC9,0x28,0xC9,0x28,0xA9,0x28,0xA9,0x28,0xC9,0x28,0xA9,
0x28,0xC9,0x3A,0x4B,0x20,0xC9,0x28,0xA9,0x28,0xC9,0x28,0xC9,0x28,0xC9,0x28,0xC9,0x28,0xA9,0x28,0xA9,0x28,0xA9,0x28,0xA9,0x28,0xA9,0x20,0xA9,0x20,0xA9,0x20,0xA9,
0x20,0xA9,0x28,0xA9,0x20,0xA9,0x20,0xA9,0x28,0xA9,0x28,0xA9,0x28,0xA9,0x28,0xA9,0x28,0xA9,0x28,0xA9,0x28,0xA9,0x20,0xA9,0x28,0xC9,0x20,0xA9,0x28,0xC9,0x28,0xA9,
0x28,0xA9,0x28,0xA9,0x20,0xA9,0x28,0xA9,0x20,0xA9,0x20,0xA8,0x20,0xA9,0x20,0xA8,0x20,0xA8,0x28,0xA9,0x28,0xA9,0x28,0xA9,0x28,0xA9,0x28,0xA9,0x28,0xC9,0x28,0xC9,
0x28,0xC9,0x28,0xC9,0x30,0xCA,0x30,0xEA,0x30,0xCB,0x49,0x2E,0x8A,0x96,0xEE,0x3E,0xFF,0xDF,0xDD,0x7D,0x59,0xCE,0x31,0x86,0x31,0x86,0x31,0x86,0x31,0x86,0x21,0x24,
0x00,0x00,0x00,0x00,0x00,0x00,0x00,0x00,0x00,0x00,0x00,0x00,0x00,0x00,0x00,0x00,0x00,0x00,0x00,0x00,0x00,0x00,0x00,0x00,0x00,0x00,0x00,0x00,0x00,0x00,0x00,0x00,
0x00,0x00,0x00,0x00,0x00,0x00,0x00,0x00,0x00,0x00,0x00,0x00,0x00,0x00,0x00,0x00,0x00,0x00,0x00,0x00,0x00,0x00,0x00,0x00,0x00,0x00,0x00,0x00,0x00,0x00,0x00,0x00,
0x31,0x86,0x39,0xC7,0x31,0xA6,0x39,0xC7,0x39,0xC7,0x51,0x6D,0xCD,0x1C,0xFF,0xDF,0xEE,0x5E,0x8A,0xB6,0x49,0x4E,0x38,0xEB,0x38,0xEB,0x30,0xEA,0x30,0xCA,0x28,0xCA,
0x28,0xC9,0x28,0xC9,0x28,0xC9,0x28,0xC9,0x28,0xC9,0x28,0xC9,0x28,0xC9,0x28,0xC9,0x28,0xC9,0x28,0xC9,0x28,0xC9,0x28,0xC9,0x28,0xC9,0x28,0xC9,0x28,0xC9,0x28,0xC9,
0x28,0xC9,0x28,0xC9,0x28,0xC9,0x28,0xC9,0x28,0xC9,0x28,0xC9,0x28,0xC9,0x28,0xC9,0x28,0xC9,0x28,0xC9,0x28,0xCA,0x28,0xC9,0x28,0xC9,0x28,0xC9,0x28,0xE9,0x28,0xC9,
0x28,0xC9,0x28,0xC9,0x28,0xC9,0x28,0xC9,0x28,0xC9,0x28,0xC9,0x28,0xC9,0x28,0xC9,0x28,0xC9,0x28,0xC9,0x28,0xC9,0x28,0xC9,0x28,0xC9,0x28,0xC9,0x28,0xC9,0x28,0xC9,
0x28,0xC9,0x28,0xC9,0x28,0xC9,0x28,0xC9,0x28,0xC9,0x28,0xC9,0x28,0xC9,0x28,0xC9,0x20,0xA9,0x39,0xAA,0x39,0xAA,0x20,0xA9,0x28,0xC9,0x28,0xC9,0x28,0xC9,0x28,0xC9,
0x28,0xC9,0x28,0xC9,0x28,0xC9,0x28,0xC9,0x28,0xC9,0x28,0xC9,0x28,0xC9,0x28,0xEA,0x28,0xCA,0x28,0xC9,0x28,0xC9,0x28,0xC9,0x28,0xC9,0x28,0xC9,0x28,0xC9,0x28,0xC9,
0x20,0xA9,0x31,0x4A,0x31,0x0A,0x28,0xC9,0x28,0xC9,0x28,0xC9,0x28,0xC9,0x28,0xC9,0x28,0xC9,0x28,0xA9,0x28,0xC9,0x42,0x0B,0x20,0xA9,0x28,0xA9,0x28,0xA9,0x20,0xA9,
0x28,0xA9,0x28,0xA9,0x28,0xA9,0x28,0xA9,0x20,0xA9,0x28,0xC9,0x28,0xC9,0x20,0xA9,0x20,0xA9,0x28,0xC9,0x28,0xC9,0x28,0xA9,0x28,0xA9,0x28,0xA9,0x28,0xA9,0x28,0xA9,
0x28,0xA9,0x28,0xA9,0x20,0xA9,0x20,0xA9,0x28,0xC9,0x20,0xA9,0x28,0xA9,0x28,0xC9,0x28,0xC9,0x28,0xC9,0x28,0xC9,0x28,0xC9,0x28,0xC9,0x28,0xC9,0x20,0xC9,0x20,0xC9,
0x20,0xC9,0x20,0xC9,0x20,0xC9,0x20,0xC9,0x20,0xC9,0x20,0xC9,0x20,0xC9,0x20,0xC9,0x20,0xC9,0x20,0xA9,0x28,0xC9,0x28,0xC9,0x28,0xC9,0x28,0xA9,0x28,0xA9,0x28,0xC9,
0x28,0xC9,0x28,0xC9,0x28,0xC9,0x28,0xC9,0x31,0x0A,0x28,0xC9,0x28,0xC9,0x28,0xC9,0x28,0xA9,0x28,0xC9,0x28,0xA9,0x28,0xA9,0x28,0xA9,0x28,0xC9,0x28,0xA9,0x28,0xC9,
0x28,0xC9,0x28,0xA9,0x28,0xC9,0x28,0xC9,0x28,0xC9,0x28,0xC9,0x28,0xC9,0x28,0xC9,0x28,0xC9,0x20,0xA9,0x31,0x8B,0x31,0x2A,0x20,0xA9,0x28,0xA9,0x28,0xA9,0x28,0xC9,
0x28,0xA9,0x52,0x0D,0x49,0xAC,0x39,0x0A,0x51,0xCD,0x41,0x6C,0x20,0xA9,0x28,0xC9,0x28,0xC9,0x28,0xC9,0x28,0xC9,0x28,0xA9,0x28,0xA9,0x28,0xC9,0x28,0xC9,0x28,0xA9,
0x41,0xEB,0x28,0xE9,0x28,0xA9,0x28,0xC9,0x28,0xA9,0x28,0xC9,0x28,0xC9,0x28,0xC9,0x28,0xC9,0x28,0xA9,0x28,0xA9,0x28,0xA9,0x28,0xCA,0x28,0xC9,0x28,0xC9,0x28,0xC9,
0x28,0xC9,0x42,0x4B,0x20,0xC9,0x28,0xA9,0x28,0xC9,0x28,0xC9,0x28,0xC9,0x28,0xC9,0x28,0xC9,0x28,0xC9,0x28,0xC9,0x28,0xC9,0x28,0xC9,0x28,0xC9,0x28,0xA9,0x28,0xC9,
0x28,0xA9,0x28,0xA9,0x28,0xA9,0x28,0xA9,0x28,0xC9,0x28,0xC9,0x28,0xC9,0x28,0xC9,0x28,0xC9,0x28,0xC9,0x28,0xC9,0x28,0xC9,0x28,0xC9,0x28,0xC9,0x28,0xC9,0x28,0xA9,
0x28,0xC9,0x28,0xC9,0x28,0xC9,0x28,0xC9,0x28,0xA9,0x28,0xC9,0x28,0xC9,0x28,0xC9,0x28,0xC9,0x20,0xC9,0x28,0xA9,0x28,0xA9,0x28,0xA9,0x28,0xA9,0x28,0xC9,0x28,0xC9,
0x28,0xC9,0x30,0xCA,0x30,0xCA,0x30,0xEB,0x38,0xCB,0x49,0x2E,0x8A,0x96,0xEE,0x5E,0xFF,0xFF,0xDD,0x7D,0x59,0xCE,0x31,0xA6,0x31,0xA6,0x31,0x86,0x31,0x86,0x21,0x24,
0x00,0x00,0x00,0x00,0x00,0x00,0x00,0x00,0x00,0x00,0x00,0x00,0x00,0x00,0x00,0x00,0x00,0x00,0x00,0x00,0x00,0x00,0x00,0x00,0x00,0x00,0x00,0x00,0x00,0x00,0x00,0x00,
0x00,0x00,0x00,0x00,0x00,0x00,0x00,0x00,0x00,0x00,0x00,0x00,0x00,0x00,0x00,0x00,0x00,0x00,0x00,0x00,0x00,0x00,0x00,0x00,0x00,0x00,0x00,0x00,0x00,0x00,0x00,0x00,
0x31,0x86,0x39,0xC7,0x31,0xA6,0x39,0xC7,0x39,0xC7,0x51,0x6D,0xD5,0x1C,0xFF,0xDF,0xEE,0x5E,0x8A,0x96,0x51,0x4E,0x38,0xEB,0x38,0xEB,0x30,0xEA,0x30,0xCA,0x30,0xCA,
0x28,0xCA,0x28,0xC9,0x28,0xC9,0x28,0xC9,0x28,0xC9,0x28,0xC9,0x28,0xC9,0x28,0xC9,0x28,0xC9,0x28,0xC9,0x28,0xC9,0x28,0xC9,0x28,0xC9,0x28,0xC9,0x28,0xC9,0x28,0xCA,
0x28,0xC9,0x28,0xC9,0x28,0xC9,0x28,0xC9,0x28,0xC9,0x28,0xCA,0x28,0xC9,0x28,0xCA,0x28,0xC9,0x28,0xCA,0x28,0xCA,0x28,0xC9,0x28,0xC9,0x28,0xCA,0x28,0xC9,0x28,0xC9,
0x28,0xE9,0x28,0xE9,0x28,0xEA,0x28,0xEA,0x28,0xC9,0x28,0xEA,0x28,0xC9,0x28,0xC9,0x28,0xC9,0x28,0xC9,0x28,0xC9,0x28,0xC9,0x28,0xC9,0x28,0xC9,0x28,0xC9,0x28,0xCA,
0x28,0xCA,0x28,0xCA,0x28,0xCA,0x28,0xCA,0x28,0xCA,0x28,0xCA,0x28,0xC9,0x28,0xCA,0x20,0xA9,0x39,0xAB,0x39,0xAA,0x20,0xA9,0x28,0xC9,0x28,0xC9,0x28,0xC9,0x28,0xC9,
0x28,0xC9,0x28,0xCA,0x28,0xE9,0x28,0xC9,0x28,0xEA,0x28,0xC9,0x28,0xC9,0x28,0xC9,0x28,0xC9,0x28,0xC9,0x28,0xC9,0x28,0xC9,0x28,0xC9,0x28,0xC9,0x28,0xC9,0x28,0xC9,
0x20,0xA9,0x39,0x8B,0x31,0x2A,0x28,0xA9,0x28,0xCA,0x28,0xC9,0x28,0xC9,0x28,0xA9,0x28,0xC9,0x28,0xC9,0x28,0xC9,0x42,0x0C,0x28,0xA9,0x28,0xA9,0x28,0xCA,0x28,0xEA,
0x28,0xA9,0x28,0xA9,0x28,0xC9,0x28,0xC9,0x28,0xC9,0x28,0xA9,0x28,0xA9,0x20,0xC9,0x28,0xA9,0x28,0xC9,0x28,0xC9,0x20,0xC9,0x28,0xC9,0x28,0xA9,0x28,0xA9,0x28,0xA9,
0x28,0xC9,0x28,0xC9,0x28,0xA9,0x28,0xA9,0x28,0xC9,0x28,0xC9,0x28,0xC9,0x28,0xC9,0x28,0xC9,0x28,0xC9,0x28,0xC9,0x28,0xC9,0x28,0xE9,0x28,0xE9,0x28,0xE9,0x20,0xE9,
0x20,0xE9,0x20,0xE9,0x20,0xE9,0x20,0xE9,0x20,0xE9,0x20,0xC9,0x28,0xC9,0x20,0xC9,0x28,0xC9,0x28,0xC9,0x28,0xA9,0x28,0xC9,0x28,0xA9,0x28,0xA9,0x28,0xA9,0x28,0xC9,
0x28,0xC9,0x28,0xC9,0x28,0xC9,0x28,0xC9,0x39,0x2B,0x28,0xC9,0x28,0xA9,0x28,0xA9,0x28,0xC9,0x28,0xC9,0x28,0xC9,0x28,0xC9,0x28,0xA9,0x28,0xC9,0x28,0xC9,0x28,0xC9,
0x28,0xA9,0x28,0xC9,0x28,0xC9,0x28,0xC9,0x28,0xC9,0x28,0xC9,0x28,0xC9,0x28,0xCA,0x28,0xCA,0x20,0xA9,0x39,0xAB,0x31,0x2A,0x20,0xA9,0x28,0xC9,0x28,0xC9,0x28,0xC9,
0x28,0xC9,0x31,0x0A,0x72,0xCF,0xB4,0xB5,0x51,0xED,0x28,0xC9,0x28,0xC9,0x28,0xC9,0x28,0xC9,0x28,0xC9,0x20,0xA8,0x28,0xC9,0x28,0xC9,0x28,0xC9,0x28,0xC9,0x28,0xA9,
0x41,0xCB,0x28,0xC9,0x28,0xA9,0x28,0xC9,0x28,0xA9,0x28,0xC9,0x28,0xA9,0x28,0xA9,0x28,0xC9,0x28,0xC9,0x28,0xC9,0x28,0xA9,0x28,0xC9,0x28,0xC9,0x28,0xC9,0x28,0xC9,
0x28,0xC9,0x42,0x4C,0x28,0xE9,0x28,0xCA,0x28,0xCA,0x28,0xC9,0x28,0xCA,0x28,0xCA,0x28,0xC9,0x28,0xC9,0x28,0xCA,0x28,0xC9,0x28,0xC9,0x28,0xC9,0x28,0xC9,0x28,0xA9,
0x28,0xC9,0x28,0xC9,0x28,0xC9,0x28,0xA9,0x28,0xC9,0x28,0xC9,0x28,0xC9,0x28,0xC9,0x28,0xC9,0x28,0xC9,0x28,0xC9,0x28,0xC9,0x28,0xC9,0x28,0xC9,0x28,0xC9,0x28,0xC9,
0x28,0xC9,0x28,0xC9,0x28,0xC9,0x28,0xC9,0x28,0xC9,0x28,0xC9,0x28,0xC9,0x28,0xA9,0x28,0xC9,0x28,0xC9,0x28,0xA9,0x28,0xA9,0x28,0xC9,0x28,0xC9,0x28,0xC9,0x28,0xCA,
0x28,0xCA,0x30,0xCA,0x30,0xCA,0x38,0xEB,0x38,0xCB,0x49,0x2E,0x8A,0x96,0xEE,0x3E,0xFF,0xDF,0xDD,0x9D,0x59,0xCE,0x31,0xA6,0x31,0xA6,0x31,0x86,0x31,0xA6,0x21,0x24,
0x00,0x00,0x00,0x00,0x00,0x00,0x00,0x00,0x00,0x00,0x00,0x00,0x00,0x00,0x00,0x00,0x00,0x00,0x00,0x00,0x00,0x00,0x00,0x00,0x00,0x00,0x00,0x00,0x00,0x00,0x00,0x00,
0x00,0x00,0x00,0x00,0x00,0x00,0x00,0x00,0x00,0x00,0x00,0x00,0x00,0x00,0x00,0x00,0x00,0x00,0x00,0x00,0x00,0x00,0x00,0x00,0x00,0x00,0x00,0x00,0x00,0x00,0x00,0x00,
0x31,0x86,0x39,0xC7,0x31,0xC6,0x39,0xC7,0x39,0xC7,0x51,0x6D,0xD5,0x1C,0xFF,0xDF,0xEE,0x5E,0x8A,0xB6,0x51,0x6F,0x38,0xEB,0x38,0xEB,0x30,0xEB,0x30,0xEA,0x30,0xEA,
0x30,0xCA,0x28,0xCA,0x28,0xCA,0x28,0xC9,0x28,0xE9,0x28,0xCA,0x28,0xCA,0x28,0xC9,0x28,0xC9,0x28,0xEA,0x28,0xC9,0x28,0xC9,0x28,0xC9,0x28,0xC9,0x28,0xCA,0x28,0xCA,
0x28,0xCA,0x28,0xCA,0x28,0xCA,0x28,0xCA,0x30,0xEA,0x28,0xEA,0x28,0xCA,0x28,0xCA,0x28,0xC9,0x28,0xC9,0x28,0xC9,0x28,0xC9,0x28,0xEA,0x28,0xCA,0x28,0xCA,0x28,0xEA,
0x28,0xEA,0x30,0xEA,0x30,0xEA,0x30,0xEA,0x30,0xEA,0x31,0x2B,0x31,0x0A,0x28,0xC9,0x28,0xC9,0x28,0xC9,0x28,0xC9,0x28,0xC9,0x28,0xC9,0x28,0xCA,0x28,0xEA,0x28,0xEA,
0x28,0xCA,0x28,0xC9,0x28,0xCA,0x28,0xCA,0x28,0xCA,0x28,0xCA,0x28,0xCA,0x28,0xCA,0x20,0xA9,0x39,0xAB,0x39,0xCB,0x28,0xA9,0x28,0xC9,0x28,0xCA,0x28,0xC9,0x28,0xC9,
0x28,0xCA,0x28,0xA9,0x30,0xEA,0x39,0x2B,0x28,0xCA,0x28,0xCA,0x28,0xCA,0x28,0xCA,0x28,0xCA,0x28,0xC9,0x28,0xC9,0x28,0xC9,0x28,0xC9,0x28,0xC9,0x28,0xC9,0x28,0xCA,
0x20,0xA9,0x39,0x8B,0x31,0x4B,0x28,0xA9,0x28,0xCA,0x28,0xCA,0x28,0xC9,0x28,0xC9,0x28,0xCA,0x28,0xCA,0x28,0xC9,0x42,0x0C,0x28,0xA9,0x28,0xA9,0x28,0xA9,0x28,0xCA,
0x28,0xC9,0x28,0xC9,0x28,0xA9,0x28,0xC9,0x28,0xA9,0x28,0xC9,0x28,0xA9,0x28,0xA9,0x28,0xA9,0x28,0xA9,0x28,0xA9,0x28,0xC9,0x28,0xC9,0x28,0xC9,0x28,0xC9,0x28,0xA9,
0x28,0xA9,0x28,0xA9,0x28,0xA9,0x28,0xC9,0x28,0xC9,0x28,0xCA,0x30,0xCA,0x30,0xCA,0x30,0xCA,0x30,0xCA,0x30,0xCA,0x30,0xEA,0x30,0xEA,0x29,0x0A,0x29,0x29,0x29,0x29,
0x29,0x29,0x21,0x29,0x29,0x29,0x21,0x29,0x29,0x0A,0x29,0x0A,0x28,0xEA,0x28,0xEA,0x28,0xCA,0x28,0xCA,0x30,0xCA,0x30,0xA9,0x30,0xAA,0x30,0xAA,0x30,0xA9,0x30,0xC9,
0x30,0xC9,0x28,0xC9,0x28,0xC9,0x28,0xC9,0x28,0xA9,0x28,0xA9,0x28,0xC9,0x28,0xC9,0x28,0xC9,0x28,0xA9,0x28,0xC9,0x28,0xC9,0x28,0xC9,0x28,0xA9,0x28,0xC9,0x28,0xC9,
0x28,0xC9,0x28,0xC9,0x28,0xC9,0x28,0xCA,0x28,0xC9,0x28,0xC9,0x28,0xCA,0x28,0xC9,0x28,0xCA,0x20,0xA9,0x39,0xAB,0x31,0x4A,0x28,0xA9,0x28,0xC9,0x28,0xC9,0x28,0xC9,
0x28,0xEA,0x28,0xA9,0x62,0x4E,0xA4,0x54,0x39,0x4B,0x28,0xCA,0x28,0xCA,0x28,0xC9,0x28,0xC9,0x28,0xC9,0x49,0xAC,0x30,0xEA,0x28,0xA9,0x28,0xC9,0x28,0xC9,0x28,0xA9,
0x41,0xEB,0x28,0xE9,0x28,0xA9,0x28,0xC9,0x28,0xCA,0x28,0xC9,0x28,0xC9,0x28,0xC9,0x28,0xC9,0x31,0x0A,0x28,0xCA,0x28,0xC9,0x28,0xA9,0x28,0xCA,0x28,0xCA,0x28,0xCA,
0x28,0xE9,0x42,0x4C,0x28,0xE9,0x28,0xC9,0x28,0xCA,0x28,0xCA,0x28,0xCA,0x28,0xC9,0x28,0xC9,0x28,0xCA,0x28,0xC9,0x28,0xC9,0x28,0xC9,0x28,0xA9,0x28,0xC9,0x28,0xC9,
0x28,0xC9,0x28,0xC9,0x28,0xC9,0x28,0xA9,0x28,0xC9,0x28,0xC9,0x28,0xA9,0x28,0xC9,0x28,0xC9,0x28,0xA9,0x28,0xC9,0x28,0xC9,0x28,0xC9,0x28,0xC9,0x28,0xC9,0x28,0xC9,
0x28,0xC9,0x28,0xC9,0x28,0xC9,0x28,0xCA,0x28,0xC9,0x28,0xC9,0x28,0xC9,0x28,0xC9,0x28,0xC9,0x28,0xA9,0x28,0xC9,0x28,0xC9,0x28,0xC9,0x28,0xC9,0x28,0xC9,0x28,0xCA,
0x28,0xCA,0x30,0xCA,0x30,0xCA,0x30,0xEB,0x38,0xEB,0x49,0x2E,0x8A,0x96,0xE6,0x3E,0xFF,0xFF,0xDD,0x7D,0x59,0xCE,0x31,0xA6,0x31,0xA6,0x31,0x86,0x31,0x86,0x21,0x24,
0x00,0x00,0x00,0x00,0x00,0x00,0x00,0x00,0x00,0x00,0x00,0x00,0x00,0x00,0x00,0x00,0x00,0x00,0x00,0x00,0x00,0x00,0x00,0x00,0x00,0x00,0x00,0x00,0x00,0x00,0x00,0x00,
0x00,0x00,0x00,0x00,0x00,0x00,0x00,0x00,0x00,0x00,0x00,0x00,0x00,0x00,0x00,0x00,0x00,0x00,0x00,0x00,0x00,0x00,0x00,0x00,0x00,0x00,0x00,0x00,0x00,0x00,0x00,0x00,
0x31,0xA6,0x39,0xC7,0x39,0xC7,0x39,0xC7,0x39,0xE7,0x51,0x6D,0xD5,0x3C,0xFF,0xDF,0xEE,0x5E,0x8A,0xB6,0x51,0x4E,0x38,0xEC,0x39,0x0B,0x38,0xEB,0x30,0xEA,0x30,0xEA,
0x30,0xEA,0x28,0xCA,0x28,0xCA,0x28,0xC9,0x28,0xCA,0x28,0xCA,0x28,0xCA,0x28,0xCA,0x28,0xCA,0x28,0xCA,0x28,0xCA,0x28,0xCA,0x28,0xCA,0x28,0xCA,0x28,0xCA,0x28,0xCA,
0x28,0xCA,0x28,0xCA,0x28,0xEA,0x28,0xCA,0x30,0xEA,0x28,0xEA,0x28,0xCA,0x28,0xCA,0x28,0xC9,0x28,0xEA,0x28,0xCA,0x28,0xCA,0x28,0xEA,0x28,0xCA,0x28,0xEA,0x30,0xEA,
0x30,0xEA,0x39,0x4B,0x39,0x4C,0x39,0x2B,0x41,0x4C,0x31,0x0B,0x30,0xEA,0x28,0xCA,0x28,0xCA,0x28,0xCA,0x28,0xCA,0x28,0xCA,0x28,0xCA,0x28,0xEA,0x28,0xCA,0x28,0xCA,
0x28,0xCA,0x28,0xCA,0x28,0xEA,0x28,0xEA,0x28,0xEA,0x28,0xCA,0x28,0xCA,0x28,0xEA,0x28,0xA9,0x39,0xCB,0x39,0xCB,0x28,0xA9,0x28,0xCA,0x28,0xCA,0x28,0xCA,0x28,0xCA,
0x28,0xCA,0x39,0x4B,0x49,0xCC,0x39,0x2B,0x31,0x2B,0x28,0xEA,0x28,0xCA,0x28,0xCA,0x28,0xCA,0x28,0xCA,0x28,0xCA,0x28,0xCA,0x28,0xCA,0x28,0xCA,0x28,0xC9,0x28,0xCA,
0x28,0xA9,0x39,0xAB,0x31,0x4B,0x28,0xA9,0x28,0xEA,0x28,0xCA,0x28,0xC9,0x28,0xC9,0x28,0xC9,0x28,0xC9,0x28,0xE9,0x4A,0x2C,0x28,0xC9,0x28,0xAA,0x28,0xAA,0x28,0xCA,
0x28,0xC9,0x28,0xA9,0x28,0xC9,0x28,0xA9,0x28,0xA9,0x28,0xC9,0x28,0xA9,0x28,0xA9,0x28,0xC9,0x28,0xC9,0x28,0xC9,0x28,0xC9,0x28,0xC9,0x28,0xCA,0x28,0xC9,0x28,0xCA,
0x28,0xCA,0x28,0xC9,0x28,0xCA,0x28,0xA9,0x30,0xCA,0x30,0xAA,0x38,0xCB,0x38,0xCB,0x40,0xCB,0x40,0xEB,0x40,0xEB,0x39,0x0B,0x39,0x2B,0x31,0x4B,0x29,0x6A,0x29,0x6A,
0x29,0x8A,0x29,0x8A,0x29,0x8A,0x29,0x8A,0x29,0x6A,0x29,0x4B,0x29,0x2B,0x31,0x0B,0x30,0xEB,0x30,0xEB,0x38,0xCA,0x38,0xCA,0x40,0xCA,0x40,0xCA,0x40,0xCA,0x38,0xCA,
0x30,0xCA,0x30,0xCA,0x28,0xCA,0x28,0xCA,0x28,0xCA,0x28,0xCA,0x28,0xCA,0x28,0xCA,0x28,0xCA,0x28,0xCA,0x28,0xCA,0x28,0xC9,0x28,0xCA,0x28,0xCA,0x28,0xCA,0x28,0xCA,
0x28,0xCA,0x28,0xCA,0x28,0xCA,0x28,0xCA,0x28,0xCA,0x28,0xCA,0x28,0xEA,0x28,0xCA,0x28,0xEA,0x28,0xA9,0x39,0xAB,0x31,0x4A,0x28,0xA9,0x28,0xCA,0x28,0xCA,0x28,0xCA,
0x28,0xCA,0x30,0xEA,0x39,0x0B,0x30,0xA9,0x39,0x2B,0x30,0xCA,0x28,0xCA,0x28,0xC9,0x28,0xCA,0x28,0xC9,0x5A,0x0E,0x31,0x0A,0x28,0xA9,0x28,0xCA,0x28,0xCA,0x28,0xA9,
0x41,0xEC,0x28,0xE9,0x28,0xA9,0x28,0xCA,0x28,0xCA,0x28,0xCA,0x28,0xCA,0x28,0xCA,0x28,0xCA,0x28,0xC9,0x28,0xCA,0x28,0xCA,0x28,0xCA,0x28,0xCA,0x28,0xCA,0x28,0xCA,
0x28,0xE9,0x42,0x6C,0x28,0xE9,0x28,0xCA,0x28,0xCA,0x28,0xCA,0x28,0xCA,0x28,0xCA,0x28,0xCA,0x28,0xCA,0x28,0xCA,0x28,0xCA,0x28,0xCA,0x28,0xC9,0x28,0xC9,0x28,0xCA,
0x28,0xC9,0x28,0xC9,0x28,0xCA,0x28,0xCA,0x28,0xCA,0x28,0xCA,0x28,0xC9,0x28,0xCA,0x28,0xCA,0x28,0xC9,0x28,0xCA,0x28,0xCA,0x28,0xCA,0x28,0xCA,0x28,0xC9,0x28,0xC9,
0x28,0xC9,0x28,0xC9,0x28,0xCA,0x28,0xCA,0x28,0xC9,0x28,0xC9,0x28,0xCA,0x28,0xC9,0x28,0xC9,0x28,0xC9,0x28,0xC9,0x28,0xC9,0x28,0xC9,0x28,0xC9,0x28,0xC9,0x28,0xCA,
0x28,0xCA,0x30,0xCA,0x30,0xCA,0x38,0xEB,0x38,0xEB,0x49,0x2E,0x8A,0x96,0xEE,0x3E,0xFF,0xFF,0xDD,0x7D,0x59,0xCE,0x31,0xA6,0x31,0xA6,0x31,0x86,0x31,0x86,0x21,0x24,
0x00,0x00,0x00,0x00,0x00,0x00,0x00,0x00,0x00,0x00,0x00,0x00,0x00,0x00,0x00,0x00,0x00,0x00,0x00,0x00,0x00,0x00,0x00,0x00,0x00,0x00,0x00,0x00,0x00,0x00,0x00,0x00,
0x00,0x00,0x00,0x00,0x00,0x00,0x00,0x00,0x00,0x00,0x00,0x00,0x00,0x00,0x00,0x00,0x00,0x00,0x00,0x00,0x00,0x00,0x00,0x00,0x00,0x00,0x00,0x00,0x00,0x00,0x00,0x00,
0x31,0xA6,0x39,0xC7,0x39,0xC7,0x39,0xE7,0x39,0xE7,0x51,0x6D,0xCD,0x1C,0xFF,0xDF,0xEE,0x5E,0x8A,0xB6,0x51,0x4E,0x39,0x0C,0x39,0x0C,0x38,0xEB,0x30,0xEB,0x30,0xEA,
0x30,0xEA,0x28,0xCA,0x28,0xCA,0x28,0xCA,0x28,0xCA,0x28,0xCA,0x28,0xCA,0x28,0xCA,0x28,0xCA,0x28,0xCA,0x28,0xEA,0x30,0xEA,0x28,0xCA,0x28,0xCA,0x28,0xCA,0x28,0xCA,
0x28,0xCA,0x28,0xCA,0x28,0xCA,0x28,0xEA,0x28,0xCA,0x28,0xCA,0x28,0xCA,0x28,0xCA,0x28,0xCA,0x28,0xCA,0x30,0xCA,0x30,0xCA,0x28,0xEA,0x28,0xEA,0x30,0xEA,0x30,0xEA,
0x31,0x0A,0x30,0xEA,0x5A,0x0E,0x7A,0xD1,0x41,0x4C,0x39,0x2B,0x30,0xEA,0x30,0xEA,0x28,0xCA,0x28,0xCA,0x28,0xCA,0x28,0xCA,0x28,0xCA,0x28,0xEA,0x30,0xEA,0x28,0xEA,
0x28,0xCA,0x28,0xEA,0x28,0xEA,0x28,0xEA,0x28,0xEA,0x28,0xCA,0x28,0xCA,0x30,0xEA,0x28,0xA9,0x41,0xCB,0x41,0xCB,0x28,0xA9,0x28,0xCA,0x28,0xCA,0x28,0xCA,0x28,0xCA,
0x28,0xCA,0x39,0x4B,0x39,0x4B,0x30,0xEA,0x39,0x2B,0x31,0x0A,0x28,0xCA,0x28,0xCA,0x28,0xCA,0x28,0xCA,0x28,0xCA,0x28,0xCA,0x28,0xCA,0x28,0xCA,0x28,0xCA,0x28,0xEA,
0x28,0xA9,0x39,0xAB,0x39,0x6B,0x28,0xA9,0x28,0xEA,0x28,0xCA,0x28,0xC9,0x28,0xEA,0x28,0xEA,0x28,0xCA,0x28,0xEA,0x4A,0x2C,0x28,0xC9,0x28,0xCA,0x28,0xCA,0x28,0xCA,
0x28,0xCA,0x28,0xCA,0x28,0xCA,0x28,0xCA,0x28,0xCA,0x28,0xCA,0x28,0xCA,0x28,0xCA,0x28,0xCA,0x28,0xCA,0x28,0xCA,0x28,0xC9,0x28,0xCA,0x28,0xCA,0x28,0xCA,0x28,0xC9,
0x28,0xCA,0x28,0xCA,0x28,0xCA,0x30,0xCA,0x38,0xCB,0x38,0xAB,0x40,0x8B,0x48,0xAD,0x48,0xAC,0x48,0xCC,0x48,0xED,0x41,0x0C,0x41,0x6C,0x31,0x8B,0x29,0xCB,0x29,0xCB,
0x21,0xCB,0x22,0x0C,0x21,0xEB,0x21,0xEB,0x29,0xCC,0x29,0x8C,0x29,0x6C,0x29,0x2C,0x39,0x0C,0x38,0xEC,0x40,0xCB,0x48,0xEB,0x48,0xAB,0x50,0xCB,0x48,0xAA,0x48,0xCB,
0x40,0xCA,0x38,0xCA,0x30,0xCA,0x28,0xCA,0x28,0xCA,0x28,0xCA,0x28,0xCA,0x28,0xCA,0x28,0xCA,0x28,0xCA,0x28,0xCA,0x28,0xCA,0x28,0xCA,0x30,0xEA,0x28,0xEA,0x28,0xCA,
0x28,0xCA,0x28,0xCA,0x28,0xCA,0x28,0xCA,0x28,0xCA,0x28,0xCA,0x28,0xEA,0x28,0xCA,0x28,0xEA,0x28,0xA9,0x39,0xCB,0x31,0x4A,0x28,0x89,0x28,0xCA,0x28,0xCA,0x28,0xCA,
0x28,0xCA,0x28,0xCA,0x28,0xCA,0x28,0xCA,0x28,0xCA,0x28,0xCA,0x28,0xCA,0x28,0xCA,0x28,0xCA,0x28,0xCA,0x20,0xA9,0x28,0xCA,0x28,0xCA,0x28,0xCA,0x28,0xCA,0x28,0xA9,
0x49,0xEC,0x28,0xE9,0x28,0xCA,0x28,0xCA,0x28,0xCA,0x28,0xCA,0x28,0xCA,0x28,0xCA,0x28,0xCA,0x28,0xCA,0x28,0xCA,0x28,0xCA,0x28,0xCA,0x28,0xCA,0x28,0xCA,0x28,0xCA,
0x28,0xEA,0x42,0x6C,0x28,0xE9,0x28,0xCA,0x28,0xCA,0x28,0xCA,0x28,0xCA,0x28,0xCA,0x28,0xCA,0x28,0xCA,0x28,0xCA,0x28,0xCA,0x28,0xCA,0x28,0xCA,0x28,0xCA,0x28,0xCA,
0x28,0xCA,0x28,0xCA,0x28,0xCA,0x28,0xCA,0x28,0xCA,0x28,0xCA,0x28,0xCA,0x28,0xCA,0x28,0xCA,0x28,0xCA,0x28,0xCA,0x28,0xCA,0x28,0xCA,0x28,0xCA,0x28,0xCA,0x28,0xCA,
0x28,0xCA,0x28,0xCA,0x28,0xCA,0x28,0xCA,0x28,0xCA,0x28,0xCA,0x28,0xC9,0x28,0xEA,0x30,0xEA,0x28,0xC9,0x28,0xC9,0x28,0xC9,0x28,0xC9,0x28,0xC9,0x28,0xCA,0x28,0xCA,
0x30,0xCA,0x30,0xCA,0x30,0xCB,0x38,0xEB,0x38,0xEB,0x49,0x2E,0x8A,0x96,0xE6,0x3E,0xFF,0xFF,0xD5,0x7D,0x59,0xCE,0x31,0xA6,0x31,0xA6,0x31,0x86,0x31,0xA6,0x21,0x24,
0x00,0x00,0x00,0x00,0x00,0x00,0x00,0x00,0x00,0x00,0x00,0x00,0x00,0x00,0x00,0x00,0x00,0x00,0x00,0x00,0x00,0x00,0x00,0x00,0x00,0x00,0x00,0x00,0x00,0x00,0x00,0x00,
0x00,0x00,0x00,0x00,0x00,0x00,0x00,0x00,0x00,0x00,0x00,0x00,0x00,0x00,0x00,0x00,0x00,0x00,0x00,0x00,0x00,0x00,0x00,0x00,0x00,0x00,0x00,0x00,0x00,0x00,0x00,0x00,
0x31,0xA6,0x39,0xC7,0x39,0xC7,0x39,0xE7,0x39,0xE8,0x51,0x8D,0xCD,0x1C,0xFF,0xDF,0xEE,0x5E,0x8A,0xB6,0x51,0x6F,0x39,0x0C,0x39,0x0C,0x38,0xEB,0x38,0xEB,0x30,0xEB,
0x30,0xEA,0x30,0xEA,0x28,0xCA,0x28,0xCA,0x28,0xCA,0x28,0xCA,0x30,0xCA,0x28,0xCA,0x28,0xEA,0x28,0xEA,0x28,0xEA,0x30,0xEA,0x28,0xCA,0x28,0xEA,0x28,0xCA,0x30,0xCA,
0x30,0xEA,0x28,0xCA,0x28,0xCA,0x28,0xEA,0x28,0xCA,0x28,0xCA,0x28,0xCA,0x28,0xEA,0x28,0xCA,0x28,0xCA,0x30,0xCA,0x28,0xEA,0x28,0xCA,0x28,0xEA,0x30,0xEA,0x30,0xEA,
0x31,0x0A,0x31,0x0B,0x51,0xAD,0x62,0x2F,0x49,0x8D,0x39,0x2B,0x30,0xEA,0x30,0xEA,0x30,0xEA,0x30,0xEA,0x28,0xEA,0x30,0xEA,0x30,0xCA,0x28,0xEA,0x28,0xCA,0x28,0xEA,
0x28,0xEA,0x28,0xEA,0x28,0xEA,0x28,0xEA,0x28,0xEA,0x28,0xEA,0x28,0xCA,0x30,0xEA,0x28,0xA9,0x41,0xCB,0x41,0xCB,0x28,0xA9,0x28,0xEA,0x28,0xCA,0x28,0xEA,0x28,0xCA,
0x28,0xEA,0x28,0xCA,0x28,0xCA,0x30,0xEA,0x28,0xCA,0x30,0xEA,0x28,0xCA,0x28,0xCA,0x28,0xCA,0x28,0xCA,0x28,0xCA,0x28,0xCA,0x28,0xCA,0x28,0xCA,0x28,0xEA,0x28,0xEA,
0x28,0xC9,0x39,0xAC,0x39,0x6B,0x28,0xCA,0x30,0xEA,0x28,0xCA,0x28,0xCA,0x28,0xCA,0x28,0xCA,0x28,0xCA,0x28,0xEA,0x4A,0x2C,0x28,0xC9,0x28,0xCA,0x28,0xCA,0x28,0xCA,
0x28,0xCA,0x28,0xCA,0x28,0xCA,0x28,0xCA,0x28,0xCA,0x28,0xCA,0x28,0xCA,0x28,0xCA,0x28,0xCA,0x28,0xCA,0x28,0xCA,0x28,0xCA,0x28,0xCA,0x28,0xCA,0x28,0xCA,0x31,0x0B,
0x28,0xEA,0x28,0xCA,0x28,0xCA,0x30,0xCA,0x38,0xCB,0x48,0xAD,0x69,0x51,0x58,0xAE,0x69,0x50,0x69,0x50,0x61,0x2F,0x72,0x31,0x49,0x8D,0x4A,0xD0,0x32,0xAE,0x2A,0x6D,
0x33,0x2F,0x22,0x6D,0x33,0x2F,0x2A,0xAE,0x2A,0x8E,0x3A,0xB0,0x31,0x8F,0x4A,0x11,0x39,0x2E,0x51,0x8F,0x59,0x4E,0x59,0x0D,0x71,0x8F,0x60,0xCC,0x71,0xAE,0x58,0xEB,
0x48,0xCB,0x38,0xCA,0x30,0xCA,0x28,0xCA,0x28,0xCA,0x28,0xCA,0x28,0xCA,0x28,0xCA,0x28,0xCA,0x28,0xCA,0x28,0xCA,0x28,0xCA,0x28,0xCA,0x28,0xCA,0x28,0xCA,0x28,0xCA,
0x28,0xCA,0x28,0xCA,0x28,0xCA,0x28,0xCA,0x28,0xCA,0x28,0xCA,0x28,0xCA,0x28,0xEA,0x28,0xEA,0x28,0xA9,0x39,0xCB,0x31,0x4B,0x28,0xCA,0x30,0xEA,0x28,0xCA,0x28,0xEA,
0x28,0xCA,0x28,0xCA,0x28,0xCA,0x28,0xCA,0x28,0xEA,0x28,0xCA,0x28,0xCA,0x28,0xCA,0x28,0xEA,0x28,0xCA,0x28,0xEA,0x28,0xCA,0x28,0xCA,0x28,0xCA,0x28,0xCA,0x28,0xC9,
0x4A,0x0C,0x30,0xE9,0x28,0xCA,0x28,0xCA,0x28,0xCA,0x28,0xCA,0x28,0xCA,0x28,0xCA,0x28,0xCA,0x28,0xCA,0x28,0xCA,0x28,0xCA,0x28,0xCA,0x28,0xCA,0x28,0xCA,0x28,0xCA,
0x28,0xC9,0x42,0x8C,0x29,0x09,0x28,0xCA,0x31,0x0A,0x28,0xCA,0x28,0xCA,0x28,0xCA,0x28,0xCA,0x28,0xCA,0x28,0xCA,0x28,0xCA,0x28,0xCA,0x28,0xCA,0x28,0xCA,0x28,0xCA,
0x28,0xCA,0x28,0xCA,0x28,0xCA,0x28,0xCA,0x28,0xCA,0x28,0xCA,0x28,0xCA,0x28,0xCA,0x28,0xCA,0x28,0xCA,0x28,0xCA,0x28,0xCA,0x28,0xCA,0x28,0xCA,0x28,0xCA,0x28,0xCA,
0x28,0xCA,0x28,0xCA,0x28,0xCA,0x28,0xCA,0x28,0xCA,0x28,0xCA,0x28,0xCA,0x28,0xCA,0x28,0xCA,0x28,0xCA,0x28,0xCA,0x28,0xCA,0x28,0xCA,0x28,0xCA,0x28,0xCA,0x28,0xCA,
0x30,0xCA,0x30,0xCA,0x38,0xEB,0x38,0xEB,0x38,0xEB,0x49,0x2E,0x8A,0x96,0xE6,0x3E,0xFF,0xDF,0xD5,0x7D,0x59,0xCE,0x31,0xA7,0x31,0xA6,0x31,0x86,0x31,0xA6,0x21,0x24,
0x00,0x00,0x00,0x00,0x00,0x00,0x00,0x00,0x00,0x00,0x00,0x00,0x00,0x00,0x00,0x00,0x00,0x00,0x00,0x00,0x00,0x00,0x00,0x00,0x00,0x00,0x00,0x00,0x00,0x00,0x00,0x00,
0x00,0x00,0x00,0x00,0x00,0x00,0x00,0x00,0x00,0x00,0x00,0x00,0x00,0x00,0x00,0x00,0x00,0x00,0x00,0x00,0x00,0x00,0x00,0x00,0x00,0x00,0x00,0x00,0x00,0x00,0x00,0x00,
0x31,0xA6,0x39,0xC7,0x39,0xC7,0x39,0xE7,0x39,0xE8,0x51,0x8D,0xCD,0x1C,0xFF,0xDF,0xEE,0x5E,0x8A,0xB6,0x51,0x6F,0x39,0x0C,0x41,0x0C,0x38,0xEB,0x38,0xEB,0x30,0xEB,
0x30,0xEA,0x30,0xEA,0x30,0xCA,0x30,0xCA,0x28,0xCA,0x30,0xCA,0x30,0xCA,0x30,0xCA,0x30,0xEA,0x30,0xCA,0x30,0xCA,0x28,0xCA,0x30,0xCA,0x30,0xEA,0x30,0xEA,0x30,0xEA,
0x30,0xCA,0x30,0xEA,0x28,0xEA,0x30,0xEA,0x28,0xEA,0x30,0xEA,0x28,0xEA,0x30,0xEA,0x28,0xCA,0x28,0xCA,0x28,0xEA,0x30,0xEA,0x30,0xEA,0x28,0xEA,0x30,0xEA,0x30,0xEA,
0x30,0xEB,0x39,0x2B,0x39,0x2B,0x38,0xEB,0x49,0xCD,0x49,0xCD,0x28,0xCA,0x30,0xEA,0x30,0xEA,0x30,0xEA,0x30,0xEA,0x30,0xEA,0x30,0xEA,0x30,0xEA,0x30,0xCA,0x28,0xEA,
0x28,0xEA,0x28,0xEA,0x28,0xEA,0x30,0xEA,0x30,0xEA,0x28,0xEA,0x28,0xEA,0x30,0xEA,0x28,0xA9,0x41,0xCB,0x41,0xCB,0x28,0xA9,0x28,0xEA,0x28,0xCA,0x28,0xEA,0x28,0xCA,
0x28,0xCA,0x30,0xCA,0x30,0xCA,0x28,0xCA,0x30,0xCA,0x28,0xCA,0x28,0xCA,0x28,0xCA,0x28,0xCA,0x28,0xEA,0x28,0xEA,0x28,0xCA,0x28,0xCA,0x28,0xEA,0x28,0xEA,0x30,0xEA,
0x28,0xA9,0x41,0xED,0x39,0xAC,0x28,0xAA,0x30,0xEA,0x28,0xEA,0x30,0xCA,0x30,0xEA,0x28,0xEA,0x28,0xCA,0x28,0xEA,0x4A,0x2C,0x28,0xCA,0x28,0xCA,0x28,0xCA,0x28,0xCA,
0x28,0xCA,0x28,0xCA,0x28,0xCA,0x28,0xCA,0x30,0xEA,0x28,0xCA,0x28,0xCA,0x28,0xCA,0x28,0xCA,0x28,0xCA,0x28,0xCA,0x28,0xCA,0x28,0xCA,0x28,0xCA,0x28,0xCA,0x31,0x2B,
0x30,0xEA,0x28,0xCA,0x30,0xCA,0x38,0xCB,0x40,0xCC,0x50,0xAE,0xBA,0xFA,0x68,0x90,0xA2,0x75,0x9A,0x55,0x79,0x30,0xBC,0x19,0x49,0x6E,0x7C,0xF8,0x4C,0x34,0x23,0x30,
0x65,0x98,0x0A,0xCE,0x5D,0x77,0x2B,0x91,0x33,0xB2,0x6C,0x97,0x29,0x90,0x83,0xD9,0x41,0x50,0x82,0xF6,0x82,0x34,0x79,0x4F,0xBB,0x96,0x78,0x8B,0xC3,0xF6,0x69,0x2C,
0x48,0xCA,0x38,0xCA,0x30,0xCA,0x30,0xCA,0x28,0xCA,0x28,0xCA,0x28,0xCA,0x28,0xCA,0x28,0xCA,0x28,0xCA,0x28,0xCA,0x28,0xCA,0x28,0xCA,0x28,0xEA,0x28,0xEA,0x28,0xEA,
0x28,0xCA,0x28,0xCA,0x28,0xCA,0x28,0xCA,0x28,0xCA,0x28,0xCA,0x28,0xCA,0x28,0xCA,0x30,0xEA,0x28,0xA9,0x41,0xEB,0x39,0x6B,0x30,0xCA,0x30,0xEA,0x28,0xCA,0x28,0xCA,
0x28,0xCA,0x28,0xCA,0x28,0xCA,0x28,0xCA,0x28,0xCA,0x28,0xCA,0x28,0xCA,0x28,0xCA,0x28,0xEA,0x28,0xEA,0x28,0xCA,0x28,0xCA,0x28,0xCA,0x28,0xCA,0x28,0xCA,0x28,0xC9,
0x4A,0x0C,0x30,0xEA,0x28,0xCA,0x28,0xCA,0x28,0xCA,0x28,0xCA,0x28,0xCA,0x28,0xCA,0x28,0xCA,0x28,0xCA,0x28,0xCA,0x28,0xCA,0x28,0xCA,0x28,0xCA,0x28,0xCA,0x28,0xCA,
0x28,0xEA,0x42,0x6C,0x28,0xEA,0x28,0xCA,0x30,0xEA,0x28,0xCA,0x28,0xCA,0x28,0xEA,0x28,0xCA,0x28,0xCA,0x28,0xEA,0x28,0xCA,0x28,0xCA,0x28,0xCA,0x28,0xCA,0x28,0xCA,
0x28,0xCA,0x28,0xCA,0x28,0xCA,0x28,0xCA,0x28,0xCA,0x28,0xCA,0x28,0xCA,0x28,0xCA,0x28,0xCA,0x28,0xCA,0x28,0xCA,0x28,0xCA,0x28,0xCA,0x28,0xCA,0x28,0xCA,0x28,0xCA,
0x28,0xCA,0x28,0xCA,0x28,0xCA,0x28,0xCA,0x28,0xCA,0x28,0xEA,0x28,0xCA,0x28,0xCA,0x28,0xCA,0x28,0xCA,0x28,0xCA,0x28,0xCA,0x28,0xCA,0x28,0xCA,0x28,0xCA,0x30,0xCA,
0x30,0xEA,0x30,0xCB,0x38,0xEB,0x38,0xEB,0x38,0xEB,0x49,0x2E,0x8A,0x96,0xE6,0x3E,0xFF,0xFF,0xD5,0x7D,0x59,0xCE,0x31,0xA6,0x31,0xA6,0x31,0x86,0x31,0xA6,0x21,0x24,
0x00,0x00,0x00,0x00,0x00,0x00,0x00,0x00,0x00,0x00,0x00,0x00,0x00,0x00,0x00,0x00,0x00,0x00,0x00,0x00,0x00,0x00,0x00,0x00,0x00,0x00,0x00,0x00,0x00,0x00,0x00,0x00,
0x00,0x00,0x00,0x00,0x00,0x00,0x00,0x00,0x00,0x00,0x00,0x00,0x00,0x00,0x00,0x00,0x00,0x00,0x00,0x00,0x00,0x00,0x00,0x00,0x00,0x00,0x00,0x00,0x00,0x00,0x00,0x00,
0x31,0xA6,0x39,0xC7,0x39,0xC7,0x39,0xE7,0x39,0xE8,0x51,0x8D,0xD5,0x1C,0xFF,0xDF,0xEE,0x5E,0x92,0xD6,0x51,0x6F,0x41,0x0C,0x41,0x0C,0x38,0xEB,0x38,0xEB,0x30,0xEB,
0x30,0xEB,0x30,0xEA,0x30,0xCA,0x30,0xCA,0x30,0xCA,0x30,0xCA,0x30,0xCA,0x30,0xEA,0x30,0xEA,0x30,0xEA,0x30,0xEA,0x30,0xEA,0x30,0xEA,0x30,0xEA,0x30,0xEA,0x30,0xEA,
0x30,0xEA,0x30,0xEA,0x30,0xEA,0x30,0xEA,0x30,0xEA,0x30,0xEA,0x30,0xEA,0x30,0xEA,0x30,0xEA,0x30,0xEA,0x30,0xEA,0x30,0xEA,0x30,0xEA,0x30,0xEA,0x30,0xEA,0x30,0xEA,
0x30,0xEB,0x30,0xEB,0x31,0x0B,0x39,0x0B,0x31,0x0B,0x31,0x0B,0x30,0xEA,0x30,0xEA,0x30,0xEA,0x30,0xEA,0x30,0xEA,0x30,0xEA,0x30,0xEA,0x30,0xEA,0x30,0xEA,0x30,0xEA,
0x30,0xEA,0x30,0xEA,0x30,0xEA,0x30,0xEA,0x30,0xEA,0x30,0xEA,0x30,0xEA,0x30,0xEA,0x28,0xCA,0x41,0xEC,0x41,0xEC,0x28,0xC9,0x30,0xEA,0x30,0xEA,0x28,0xEA,0x28,0xEA,
0x30,0xEA,0x30,0xEA,0x30,0xEA,0x30,0xEA,0x30,0xEA,0x28,0xEA,0x28,0xEA,0x28,0xCA,0x28,0xCA,0x28,0xEA,0x28,0xEA,0x30,0xCA,0x28,0xCA,0x28,0xEA,0x28,0xEA,0x28,0xEA,
0x28,0xAA,0x41,0xED,0x39,0xAC,0x28,0xAA,0x30,0xEA,0x30,0xEA,0x30,0xEA,0x30,0xEA,0x31,0x2B,0x28,0xEA,0x30,0xEA,0x4A,0x2C,0x28,0xEA,0x28,0xEA,0x28,0xEA,0x28,0xCA,
0x28,0xCA,0x28,0xCA,0x28,0xCA,0x28,0xCA,0x30,0xEA,0x28,0xCA,0x28,0xCA,0x28,0xCA,0x28,0xCA,0x28,0xCA,0x28,0xCA,0x28,0xCA,0x28,0xCA,0x28,0xCA,0x28,0xCA,0x28,0xCA,
0x28,0xCA,0x30,0xEA,0x30,0xEB,0x38,0xCB,0x40,0xCD,0x58,0xAF,0xBA,0xD9,0x70,0x71,0xA2,0x56,0xA2,0x15,0x79,0x11,0xBB,0xD8,0x49,0x8F,0x7C,0xF7,0x44,0x74,0x23,0x71,
0x65,0xB8,0x0B,0x2F,0x55,0x77,0x23,0xB2,0x33,0xD2,0x64,0x77,0x29,0xB1,0x7B,0xB8,0x49,0x51,0x82,0xB6,0x8A,0x14,0x81,0x50,0xB3,0x55,0x80,0x8C,0xC3,0x96,0x71,0x2D,
0x50,0xCB,0x40,0xEA,0x38,0xCA,0x30,0xCA,0x28,0xCA,0x28,0xEA,0x28,0xCA,0x28,0xCA,0x28,0xEA,0x28,0xCA,0x28,0xCA,0x28,0xEA,0x28,0xEA,0x28,0xCA,0x28,0xEA,0x28,0xCA,
0x28,0xEA,0x28,0xEA,0x28,0xEA,0x28,0xEA,0x28,0xEA,0x28,0xEA,0x28,0xEA,0x30,0xEA,0x30,0xEA,0x28,0xA9,0x41,0xEC,0x39,0x6B,0x28,0xAA,0x30,0xEA,0x28,0xEA,0x28,0xCA,
0x28,0xEA,0x28,0xCA,0x28,0xCA,0x28,0xCA,0x28,0xCA,0x28,0xCA,0x28,0xCA,0x28,0xCA,0x28,0xCA,0x28,0xCA,0x28,0xEA,0x28,0xEA,0x28,0xCA,0x28,0xCA,0x28,0xCA,0x28,0xCA,
0x49,0xEC,0x31,0x0A,0x28,0xCA,0x28,0xEA,0x28,0xCA,0x28,0xCA,0x28,0xCA,0x28,0xEA,0x28,0xCA,0x28,0xCA,0x28,0xCA,0x28,0xCA,0x28,0xCA,0x30,0xEA,0x30,0xCA,0x28,0xCA,
0x28,0xEA,0x42,0x6D,0x28,0xEA,0x28,0xCA,0x28,0xCA,0x28,0xCA,0x28,0xCA,0x28,0xCA,0x28,0xCA,0x28,0xCA,0x28,0xCA,0x28,0xCA,0x28,0xCA,0x28,0xCA,0x28,0xEA,0x28,0xCA,
0x28,0xCA,0x28,0xCA,0x28,0xEA,0x28,0xEA,0x28,0xCA,0x28,0xEA,0x28,0xEA,0x28,0xEA,0x28,0xCA,0x28,0xEA,0x28,0xCA,0x28,0xCA,0x28,0xCA,0x28,0xCA,0x28,0xCA,0x28,0xCA,
0x28,0xCA,0x28,0xEA,0x28,0xEA,0x28,0xCA,0x28,0xCA,0x28,0xCA,0x28,0xEA,0x28,0xEA,0x28,0xCA,0x28,0xCA,0x28,0xCA,0x28,0xEA,0x28,0xCA,0x30,0xCA,0x30,0xCA,0x30,0xCA,
0x30,0xEA,0x30,0xEB,0x38,0xEB,0x38,0xEB,0x38,0xEC,0x49,0x4F,0x8A,0x96,0xE6,0x3E,0xFF,0xFF,0xD5,0x7D,0x59,0xCE,0x31,0xA6,0x31,0xA6,0x31,0x86,0x31,0xA6,0x21,0x24,
0x00,0x00,0x00,0x00,0x00,0x00,0x00,0x00,0x00,0x00,0x00,0x00,0x00,0x00,0x00,0x00,0x00,0x00,0x00,0x00,0x00,0x00,0x00,0x00,0x00,0x00,0x00,0x00,0x00,0x00,0x00,0x00,
0x00,0x00,0x00,0x00,0x00,0x00,0x00,0x00,0x00,0x00,0x00,0x00,0x00,0x00,0x00,0x00,0x00,0x00,0x00,0x00,0x00,0x00,0x00,0x00,0x00,0x00,0x00,0x00,0x00,0x00,0x00,0x00,
0x31,0xA6,0x39,0xE7,0x39,0xC7,0x39,0xE7,0x41,0xE8,0x51,0x8D,0xCD,0x1C,0xFF,0xDF,0xEE,0x5E,0x92,0xD6,0x51,0x6F,0x41,0x0C,0x41,0x0C,0x39,0x0B,0x38,0xEB,0x38,0xEB,
0x30,0xEB,0x30,0xEA,0x30,0xEA,0x30,0xEA,0x30,0xCA,0x30,0xEA,0x30,0xEA,0x30,0xEA,0x30,0xEA,0x30,0xEA,0x30,0xEA,0x30,0xEA,0x30,0xEA,0x30,0xEA,0x30,0xEA,0x30,0xEA,
0x30,0xEA,0x30,0xEA,0x30,0xEA,0x30,0xEA,0x30,0xEA,0x30,0xEA,0x30,0xEA,0x30,0xEA,0x30,0xEA,0x30,0xEA,0x30,0xEA,0x30,0xEA,0x30,0xEA,0x30,0xEA,0x30,0xEA,0x30,0xEA,
0x30,0xEB,0x30,0xEB,0x31,0x0B,0x39,0x0B,0x30,0xEB,0x30,0xEB,0x30,0xEA,0x30,0xEA,0x30,0xEA,0x30,0xEA,0x30,0xEA,0x30,0xEA,0x30,0xEA,0x30,0xEA,0x30,0xEA,0x30,0xEA,
0x30,0xEA,0x30,0xEA,0x30,0xEA,0x30,0xEA,0x30,0xEA,0x30,0xEA,0x30,0xEA,0x30,0xEA,0x30,0xEA,0x41,0xCC,0x41,0xCB,0x28,0xCA,0x30,0xEA,0x30,0xEA,0x30,0xEA,0x30,0xEA,
0x30,0xEA,0x30,0xEA,0x30,0xEA,0x30,0xEA,0x30,0xEA,0x30,0xCA,0x30,0xEA,0x30,0xEA,0x30,0xEA,0x30,0xEA,0x30,0xEB,0x30,0xEA,0x30,0xEA,0x30,0xEA,0x28,0xEA,0x30,0xEA,
0x28,0xAA,0x41,0xED,0x39,0x8B,0x28,0xCA,0x30,0xEA,0x30,0xEA,0x30,0xEA,0x30,0xEA,0x30,0xEA,0x28,0xEA,0x30,0xEA,0x4A,0x2C,0x28,0xEA,0x30,0xCA,0x28,0xCA,0x30,0xCA,
0x30,0xCA,0x30,0xCA,0x30,0xEA,0x28,0xCA,0x28,0xCA,0x28,0xCA,0x28,0xCA,0x28,0xCA,0x30,0xCA,0x30,0xCA,0x30,0xCA,0x28,0xCA,0x28,0xCA,0x30,0xEA,0x30,0xEA,0x30,0xEA,
0x30,0xEA,0x30,0xEB,0x30,0xEB,0x38,0xEC,0x48,0xCD,0x58,0xAF,0xBA,0xFA,0x78,0x92,0xAA,0x76,0xA2,0x35,0x79,0x31,0xBB,0xF9,0x51,0x8F,0x7C,0xF8,0x4C,0x95,0x2B,0x91,
0x65,0xB9,0x0B,0x50,0x5D,0x98,0x23,0xD2,0x33,0xF3,0x64,0x98,0x29,0xD2,0x7B,0xD9,0x49,0x72,0x7A,0xB6,0x8A,0x35,0x81,0x70,0xB3,0x35,0x80,0xAC,0xC3,0x96,0x71,0x2D,
0x50,0xCB,0x40,0xEB,0x38,0xCA,0x30,0xCA,0x30,0xEA,0x28,0xEA,0x28,0xEA,0x28,0xEA,0x30,0xEA,0x28,0xCA,0x28,0xEA,0x28,0xEA,0x28,0xEA,0x28,0xEA,0x28,0xEA,0x28,0xCA,
0x28,0xCA,0x28,0xEA,0x30,0xEA,0x28,0xEA,0x30,0xEA,0x30,0xEA,0x30,0xEA,0x28,0xEA,0x30,0xEA,0x28,0xAA,0x41,0xEC,0x39,0x8B,0x28,0xCA,0x30,0xEA,0x30,0xEA,0x28,0xEA,
0x30,0xCA,0x30,0xEA,0x28,0xCA,0x28,0xCA,0x30,0xCA,0x30,0xCA,0x30,0xCA,0x30,0xCA,0x30,0xCA,0x28,0xCA,0x30,0xCA,0x30,0xEA,0x30,0xEA,0x30,0xCA,0x30,0xCB,0x28,0xCA,
0x52,0x0D,0x30,0xEA,0x28,0xCA,0x28,0xCA,0x28,0xCA,0x30,0xEA,0x30,0xEB,0x30,0xEA,0x28,0xEA,0x30,0xEA,0x30,0xEA,0x30,0xEA,0x30,0xEB,0x30,0xEA,0x30,0xEA,0x28,0xEA,
0x28,0xEA,0x42,0x6D,0x28,0xEA,0x30,0xCA,0x30,0xEA,0x30,0xCA,0x30,0xCA,0x30,0xEA,0x30,0xEA,0x30,0xCA,0x30,0xCA,0x30,0xCA,0x30,0xCA,0x28,0xCA,0x30,0xCA,0x28,0xCA,
0x28,0xEA,0x28,0xEA,0x28,0xEA,0x28,0xCA,0x28,0xEA,0x28,0xEA,0x30,0xEA,0x28,0xCA,0x28,0xCA,0x30,0xCA,0x28,0xCA,0x30,0xCA,0x30,0xEA,0x28,0xCA,0x28,0xCA,0x30,0xCA,
0x30,0xCA,0x30,0xCA,0x28,0xCA,0x28,0xCA,0x28,0xCA,0x30,0xEA,0x28,0xCA,0x28,0xEA,0x28,0xCA,0x28,0xCA,0x28,0xCA,0x28,0xCA,0x30,0xCA,0x28,0xEA,0x30,0xEA,0x30,0xCA,
0x30,0xEA,0x38,0xEB,0x38,0xEB,0x39,0x0C,0x38,0xEC,0x49,0x4F,0x82,0x96,0xE6,0x3E,0xFF,0xDF,0xD5,0x7D,0x59,0xCE,0x31,0xA6,0x31,0xA6,0x31,0x86,0x31,0xA6,0x21,0x24,
0x00,0x00,0x00,0x00,0x00,0x00,0x00,0x00,0x00,0x00,0x00,0x00,0x00,0x00,0x00,0x00,0x00,0x00,0x00,0x00,0x00,0x00,0x00,0x00,0x00,0x00,0x00,0x00,0x00,0x00,0x00,0x00,
0x00,0x00,0x00,0x00,0x00,0x00,0x00,0x00,0x00,0x00,0x00,0x00,0x00,0x00,0x00,0x00,0x00,0x00,0x00,0x00,0x00,0x00,0x00,0x00,0x00,0x00,0x00,0x00,0x00,0x00,0x00,0x00,
0x31,0xA6,0x39,0xE7,0x39,0xC7,0x39,0xE7,0x41,0xE8,0x51,0x8D,0xCD,0x3C,0xFF,0xDF,0xEE,0x5E,0x92,0xD6,0x51,0x6F,0x41,0x0C,0x41,0x2C,0x39,0x0C,0x39,0x0B,0x38,0xEB,
0x30,0xEB,0x30,0xEB,0x30,0xEA,0x30,0xCA,0x30,0xEA,0x30,0xEA,0x30,0xEA,0x30,0xEA,0x30,0xEA,0x30,0xCA,0x30,0xEA,0x30,0xEA,0x30,0xEA,0x30,0xEA,0x30,0xEA,0x30,0xEA,
0x30,0xEA,0x30,0xEA,0x30,0xEA,0x30,0xEA,0x30,0xEA,0x30,0xEA,0x30,0xEA,0x30,0xEA,0x30,0xEA,0x30,0xEA,0x30,0xEA,0x30,0xEA,0x30,0xEA,0x30,0xEA,0x30,0xEA,0x30,0xEA,
0x30,0xEB,0x30,0xEB,0x30,0xEB,0x31,0x0B,0x31,0x0B,0x30,0xEA,0x30,0xEA,0x30,0xEA,0x30,0xEA,0x30,0xEA,0x30,0xEA,0x30,0xEA,0x30,0xEA,0x30,0xEA,0x30,0xEA,0x30,0xEA,
0x30,0xEA,0x30,0xEA,0x30,0xEA,0x30,0xEB,0x30,0xEA,0x30,0xEA,0x30,0xEB,0x30,0xEB,0x28,0xCA,0x41,0xCC,0x41,0xCB,0x28,0xCA,0x30,0xEA,0x30,0xEA,0x30,0xEA,0x30,0xEA,
0x30,0xEA,0x30,0xEA,0x30,0xEB,0x30,0xEB,0x30,0xEA,0x30,0xEA,0x30,0xEA,0x30,0xEA,0x30,0xCA,0x30,0xEA,0x30,0xEA,0x30,0xEA,0x30,0xEA,0x30,0xEA,0x30,0xEA,0x30,0xEA,
0x28,0xAA,0x49,0xED,0x39,0xAC,0x28,0xCA,0x30,0xEA,0x30,0xEA,0x30,0xEA,0x30,0xEA,0x30,0xEA,0x30,0xEA,0x30,0xEA,0x52,0x2D,0x30,0xEA,0x30,0xEA,0x30,0xEA,0x30,0xEA,
0x30,0xEA,0x30,0xEA,0x30,0xEA,0x30,0xEA,0x30,0xCA,0x30,0xCA,0x30,0xEA,0x30,0xEA,0x30,0xEA,0x30,0xEA,0x30,0xEA,0x30,0xEA,0x30,0xEA,0x30,0xEA,0x30,0xEA,0x30,0xEA,
0x30,0xEA,0x30,0xEB,0x30,0xEB,0x38,0xEC,0x48,0xED,0x58,0xD0,0xC3,0x1A,0x78,0x92,0xAA,0x76,0xA2,0x36,0x81,0x51,0xC3,0xF9,0x51,0xB0,0x7C,0xF8,0x4C,0x95,0x2B,0x92,
0x65,0xB9,0x0B,0x70,0x5D,0xB8,0x2B,0xF3,0x34,0x34,0x6C,0xB8,0x29,0xF2,0x83,0xF9,0x51,0x72,0x7A,0xD7,0x8A,0x35,0x81,0x71,0xBB,0x36,0x80,0xAC,0xC3,0x76,0x79,0x2D,
0x50,0xCB,0x40,0xEB,0x38,0xEB,0x30,0xCA,0x30,0xEA,0x30,0xEA,0x30,0xEA,0x30,0xEA,0x30,0xEA,0x30,0xEA,0x30,0xEA,0x30,0xEB,0x30,0xEB,0x30,0xEA,0x30,0xEB,0x30,0xEA,
0x30,0xEB,0x30,0xEB,0x30,0xEB,0x30,0xEA,0x30,0xEA,0x30,0xEB,0x30,0xEB,0x30,0xEA,0x30,0xEA,0x28,0xAA,0x41,0xEC,0x41,0x8C,0x30,0xCA,0x30,0xEB,0x30,0xEB,0x30,0xEA,
0x30,0xEA,0x30,0xEA,0x30,0xEA,0x30,0xCA,0x30,0xCA,0x30,0xEA,0x31,0x0B,0x30,0xEB,0x30,0xEB,0x30,0xEB,0x30,0xEB,0x30,0xEB,0x30,0xEB,0x30,0xEB,0x30,0xEB,0x30,0xCB,
0x51,0xED,0x30,0xEB,0x30,0xCB,0x30,0xEA,0x30,0xCA,0x30,0xEA,0x31,0x0B,0x30,0xEA,0x30,0xEA,0x30,0xEA,0x30,0xEB,0x30,0xEB,0x30,0xEB,0x30,0xEB,0x30,0xEA,0x30,0xEA,
0x30,0xEA,0x42,0x6D,0x31,0x0A,0x30,0xEB,0x30,0xEB,0x30,0xEB,0x30,0xEB,0x30,0xEB,0x30,0xEB,0x30,0xEA,0x30,0xEA,0x30,0xEA,0x30,0xEA,0x30,0xEA,0x30,0xCA,0x30,0xCA,
0x30,0xCA,0x30,0xCA,0x30,0xEA,0x30,0xEA,0x30,0xCA,0x30,0xCA,0x30,0xEA,0x30,0xEA,0x30,0xCA,0x30,0xEA,0x30,0xEA,0x30,0xEA,0x30,0xEA,0x30,0xCB,0x30,0xEA,0x30,0xCB,
0x30,0xCA,0x30,0xEA,0x30,0xEA,0x30,0xEB,0x30,0xEA,0x30,0xEA,0x30,0xEA,0x30,0xCA,0x31,0x0B,0x31,0x0B,0x30,0xCA,0x30,0xEA,0x30,0xEA,0x30,0xEA,0x30,0xEA,0x30,0xEA,
0x30,0xEB,0x38,0xEB,0x38,0xEC,0x39,0x0C,0x38,0xEC,0x51,0x4F,0x8A,0x96,0xEE,0x3E,0xFF,0xDF,0xD5,0x7D,0x59,0xCE,0x31,0xA6,0x31,0xA6,0x31,0x86,0x31,0xA6,0x21,0x24,
0x00,0x00,0x00,0x00,0x00,0x00,0x00,0x00,0x00,0x00,0x00,0x00,0x00,0x00,0x00,0x00,0x00,0x00,0x00,0x00,0x00,0x00,0x00,0x00,0x00,0x00,0x00,0x00,0x00,0x00,0x00,0x00,
0x00,0x00,0x00,0x00,0x00,0x00,0x00,0x00,0x00,0x00,0x00,0x00,0x00,0x00,0x00,0x00,0x00,0x00,0x00,0x00,0x00,0x00,0x00,0x00,0x00,0x00,0x00,0x00,0x00,0x00,0x00,0x00,
0x31,0xA6,0x39,0xE7,0x39,0xC7,0x39,0xE7,0x41,0xE8,0x51,0x8D,0xCD,0x3C,0xFF,0xDF,0xEE,0x5E,0x92,0xD6,0x59,0x6F,0x41,0x0C,0x41,0x0C,0x41,0x0C,0x39,0x0C,0x38,0xEB,
0x38,0xEB,0x38,0xEB,0x30,0xEA,0x30,0xEB,0x30,0xEB,0x30,0xEB,0x30,0xEB,0x30,0xEB,0x30,0xEB,0x30,0xEB,0x30,0xEB,0x30,0xEB,0x30,0xEB,0x30,0xEA,0x30,0xEB,0x30,0xEB,
0x30,0xEB,0x30,0xEB,0x30,0xEB,0x30,0xEA,0x30,0xEA,0x30,0xEA,0x30,0xEB,0x30,0xEA,0x30,0xEA,0x30,0xEA,0x30,0xEB,0x30,0xEB,0x30,0xEB,0x30,0xEB,0x30,0xEA,0x30,0xEA,
0x30,0xEB,0x30,0xEB,0x30,0xEA,0x30,0xEA,0x31,0x0A,0x31,0x0A,0x30,0xEB,0x31,0x0B,0x30,0xEB,0x30,0xEB,0x30,0xEB,0x30,0xEB,0x30,0xEB,0x30,0xEA,0x30,0xEB,0x30,0xEB,
0x30,0xEB,0x30,0xEB,0x30,0xEB,0x30,0xEB,0x30,0xEB,0x30,0xEB,0x30,0xEB,0x30,0xEB,0x30,0xCA,0x41,0xCC,0x41,0xCC,0x28,0xCA,0x31,0x0B,0x30,0xEA,0x30,0xEB,0x30,0xEB,
0x30,0xEB,0x30,0xEB,0x30,0xEB,0x30,0xEB,0x30,0xCB,0x30,0xEB,0x30,0xEB,0x30,0xEA,0x30,0xEB,0x30,0xEB,0x30,0xEA,0x30,0xEA,0x30,0xEB,0x30,0xEB,0x30,0xEA,0x30,0xEA,
0x28,0xCA,0x49,0xED,0x39,0x8C,0x28,0xCA,0x31,0x0A,0x30,0xEA,0x30,0xEA,0x30,0xEA,0x30,0xEA,0x30,0xEA,0x30,0xEA,0x52,0x4D,0x30,0xEA,0x30,0xEB,0x30,0xEB,0x30,0xEB,
0x30,0xEB,0x30,0xEA,0x30,0xEB,0x30,0xEB,0x30,0xEB,0x30,0xEB,0x30,0xEB,0x30,0xEB,0x30,0xEB,0x30,0xEA,0x30,0xEB,0x30,0xEB,0x30,0xEB,0x30,0xEB,0x30,0xEB,0x30,0xEB,
0x30,0xEB,0x30,0xEB,0x38,0xEB,0x38,0xEC,0x48,0xEE,0x60,0xD0,0xC3,0x1A,0x80,0x92,0xAA,0x97,0xAA,0x36,0x81,0x51,0xC3,0xF9,0x51,0xB0,0x7D,0x18,0x4C,0xB5,0x2B,0xB2,
0x65,0xD9,0x0B,0x91,0x5D,0xB8,0x2C,0x13,0x3C,0x54,0x6C,0xD8,0x2A,0x13,0x83,0xF9,0x51,0x73,0x82,0xB7,0x92,0x35,0x81,0x71,0xBB,0x36,0x88,0xCD,0xC3,0x76,0x79,0x2D,
0x58,0xCB,0x40,0xEB,0x38,0xEB,0x30,0xEB,0x30,0xEB,0x30,0xEB,0x30,0xEA,0x30,0xEA,0x30,0xEB,0x30,0xEB,0x30,0xEA,0x30,0xEB,0x30,0xEB,0x30,0xEB,0x30,0xEB,0x30,0xEB,
0x30,0xEB,0x30,0xEB,0x30,0xEA,0x30,0xEB,0x30,0xEB,0x30,0xEB,0x30,0xEB,0x30,0xEB,0x30,0xEB,0x30,0xCA,0x49,0xEC,0x41,0x8C,0x30,0xCB,0x30,0xEB,0x30,0xEB,0x30,0xEB,
0x30,0xEB,0x30,0xEB,0x30,0xEA,0x30,0xEB,0x30,0xEB,0x30,0xEB,0x30,0xEB,0x30,0xEB,0x30,0xEB,0x30,0xCA,0x30,0xCB,0x30,0xCB,0x30,0xEB,0x30,0xEB,0x30,0xEB,0x30,0xCB,
0x51,0xCD,0x39,0x0B,0x30,0xCB,0x30,0xEA,0x30,0xEB,0x30,0xEB,0x30,0xEA,0x30,0xEB,0x30,0xEB,0x30,0xEB,0x30,0xEB,0x30,0xEB,0x30,0xEB,0x30,0xEB,0x30,0xEB,0x30,0xEB,
0x30,0xEA,0x42,0x6D,0x31,0x0A,0x30,0xCB,0x30,0xEB,0x30,0xEB,0x30,0xEB,0x30,0xEB,0x30,0xEA,0x30,0xEA,0x30,0xEB,0x30,0xEA,0x30,0xEA,0x30,0xEA,0x30,0xEB,0x30,0xEA,
0x30,0xEA,0x30,0xEA,0x30,0xEB,0x30,0xEB,0x30,0xEA,0x30,0xEB,0x30,0xEB,0x30,0xEA,0x30,0xEA,0x30,0xCA,0x30,0xEB,0x30,0xEB,0x30,0xEA,0x30,0xEB,0x30,0xEB,0x30,0xEB,
0x30,0xEB,0x30,0xEA,0x30,0xEA,0x30,0xEB,0x30,0xEB,0x30,0xEA,0x30,0xEA,0x30,0xEB,0x30,0xEB,0x30,0xEB,0x30,0xEA,0x30,0xEA,0x30,0xCA,0x30,0xEA,0x30,0xEA,0x30,0xEB,
0x30,0xEB,0x38,0xEB,0x38,0xEC,0x41,0x0C,0x41,0x0C,0x51,0x4F,0x8A,0x96,0xE6,0x3E,0xFF,0xFF,0xD5,0x7D,0x59,0xCE,0x31,0xA7,0x31,0xA6,0x31,0x86,0x31,0xA6,0x21,0x44,
0x00,0x00,0x00,0x00,0x00,0x00,0x00,0x00,0x00,0x00,0x00,0x00,0x00,0x00,0x00,0x00,0x00,0x00,0x00,0x00,0x00,0x00,0x00,0x00,0x00,0x00,0x00,0x00,0x00,0x00,0x00,0x00,
0x00,0x00,0x00,0x00,0x00,0x00,0x00,0x00,0x00,0x00,0x00,0x00,0x00,0x00,0x00,0x00,0x00,0x00,0x00,0x00,0x00,0x00,0x00,0x00,0x00,0x00,0x00,0x00,0x00,0x00,0x00,0x00,
0x39,0xC7,0x39,0xE7,0x39,0xE7,0x39,0xE7,0x42,0x08,0x51,0x8D,0xCD,0x3C,0xFF,0xDF,0xEE,0x5E,0x92,0xD7,0x59,0x6F,0x41,0x0C,0x41,0x2D,0x41,0x0C,0x39,0x0B,0x38,0xEB,
0x38,0xEB,0x38,0xEB,0x38,0xEB,0x30,0xEB,0x30,0xEB,0x30,0xEB,0x30,0xEB,0x30,0xEB,0x38,0xEB,0x30,0xEB,0x30,0xEB,0x30,0xEB,0x30,0xEB,0x30,0xEB,0x30,0xEB,0x30,0xEB,
0x30,0xEB,0x30,0xEB,0x30,0xEB,0x30,0xEB,0x30,0xEB,0x38,0xEB,0x30,0xEB,0x30,0xEB,0x30,0xEB,0x38,0xEB,0x30,0xEB,0x30,0xEB,0x30,0xEB,0x30,0xEB,0x30,0xEB,0x30,0xEB,
0x38,0xEB,0x30,0xEB,0x30,0xEB,0x30,0xEB,0x30,0xEB,0x30,0xEB,0x38,0xEB,0x31,0x0B,0x30,0xEB,0x30,0xEB,0x30,0xEB,0x30,0xEB,0x31,0x0B,0x38,0xEB,0x30,0xEB,0x30,0xEB,
0x30,0xEB,0x30,0xEB,0x30,0xEB,0x30,0xEB,0x30,0xEB,0x30,0xEB,0x30,0xEB,0x30,0xEB,0x30,0xCA,0x41,0xCC,0x41,0xCC,0x30,0xCA,0x31,0x0B,0x30,0xEB,0x30,0xEB,0x30,0xEB,
0x30,0xEB,0x30,0xEB,0x30,0xEB,0x30,0xEB,0x30,0xCB,0x30,0xEA,0x30,0xCB,0x30,0xCA,0x30,0xEB,0x30,0xEB,0x30,0xEB,0x30,0xEB,0x30,0xEB,0x30,0xEB,0x31,0x0B,0x30,0xEB,
0x30,0xCA,0x49,0xCD,0x39,0x8C,0x30,0xCA,0x30,0xEB,0x30,0xEA,0x31,0x0B,0x31,0x0B,0x30,0xEA,0x30,0xEA,0x31,0x0A,0x52,0x4D,0x30,0xEA,0x30,0xEB,0x30,0xEB,0x30,0xEB,
0x30,0xEB,0x30,0xEB,0x30,0xEB,0x30,0xEB,0x30,0xEB,0x30,0xEB,0x30,0xEB,0x30,0xEB,0x30,0xEB,0x30,0xCB,0x30,0xEA,0x30,0xEB,0x30,0xEB,0x30,0xEB,0x30,0xEB,0x30,0xEB,
0x30,0xEB,0x30,0xEB,0x38,0xEB,0x40,0xEC,0x48,0xEE,0x60,0xD0,0xC3,0x3A,0x80,0x93,0xAA,0x97,0xAA,0x36,0x81,0x52,0xC3,0xF9,0x51,0xD0,0x7D,0x18,0x4C,0xB5,0x2B,0xB2,
0x65,0xD9,0x0B,0x91,0x5D,0xD8,0x2C,0x13,0x3C,0x54,0x74,0xD8,0x32,0x14,0x83,0xF9,0x59,0x93,0x82,0xB7,0x92,0x35,0x81,0x71,0xBB,0x56,0x88,0xCD,0xC3,0x76,0x79,0x4E,
0x58,0xCC,0x48,0xEB,0x38,0xEB,0x38,0xEB,0x30,0xEB,0x30,0xEB,0x30,0xEB,0x30,0xEB,0x30,0xEB,0x30,0xEB,0x30,0xEB,0x30,0xEB,0x30,0xEB,0x30,0xEB,0x30,0xEB,0x30,0xEB,
0x30,0xEB,0x30,0xEB,0x30,0xEB,0x30,0xEB,0x30,0xEB,0x30,0xEB,0x30,0xEB,0x31,0x0B,0x39,0x2B,0x30,0xCA,0x49,0xEC,0x41,0x6C,0x30,0xCB,0x30,0xEB,0x30,0xEB,0x30,0xEB,
0x30,0xEB,0x30,0xEB,0x30,0xEB,0x30,0xEB,0x30,0xEB,0x30,0xEB,0x30,0xEB,0x30,0xEB,0x30,0xEB,0x30,0xEB,0x30,0xEB,0x30,0xEB,0x30,0xEB,0x30,0xEB,0x30,0xEB,0x30,0xCB,
0x51,0xED,0x39,0x0B,0x30,0xEA,0x30,0xEB,0x30,0xEB,0x30,0xEB,0x30,0xEB,0x30,0xEA,0x30,0xEB,0x30,0xEA,0x30,0xEA,0x30,0xEB,0x30,0xEB,0x30,0xEB,0x30,0xEB,0x30,0xEB,
0x30,0xEA,0x42,0x6D,0x31,0x0A,0x30,0xCB,0x30,0xEB,0x30,0xEB,0x30,0xEB,0x30,0xEB,0x30,0xEB,0x30,0xEB,0x30,0xEB,0x30,0xEA,0x30,0xEB,0x30,0xEB,0x30,0xEB,0x30,0xEA,
0x30,0xEA,0x30,0xEA,0x30,0xEB,0x30,0xEB,0x30,0xEB,0x30,0xEB,0x30,0xEB,0x30,0xEB,0x30,0xEB,0x30,0xCB,0x30,0xEB,0x30,0xEB,0x30,0xEB,0x30,0xEB,0x30,0xEA,0x30,0xEA,
0x30,0xEB,0x30,0xEB,0x30,0xEB,0x30,0xEA,0x30,0xEB,0x30,0xEB,0x30,0xEB,0x30,0xEB,0x30,0xEA,0x30,0xEA,0x30,0xEA,0x30,0xEB,0x30,0xEA,0x30,0xEA,0x30,0xEB,0x30,0xEB,
0x38,0xEB,0x38,0xEB,0x38,0xEC,0x41,0x0C,0x41,0x0C,0x51,0x4F,0x8A,0xB6,0xE6,0x3E,0xFF,0xDF,0xD5,0x7D,0x59,0xCE,0x31,0xA6,0x31,0xA6,0x31,0xA6,0x31,0xA6,0x29,0x44,
0x00,0x00,0x00,0x00,0x00,0x00,0x00,0x00,0x00,0x00,0x00,0x00,0x00,0x00,0x00,0x00,0x00,0x00,0x00,0x00,0x00,0x00,0x00,0x00,0x00,0x00,0x00,0x00,0x00,0x00,0x00,0x00,
0x00,0x00,0x00,0x00,0x00,0x00,0x00,0x00,0x00,0x00,0x00,0x00,0x00,0x00,0x00,0x00,0x00,0x00,0x00,0x00,0x00,0x00,0x00,0x00,0x00,0x00,0x00,0x00,0x00,0x00,0x00,0x00,
0x39,0xC7,0x39,0xE7,0x39,0xE7,0x42,0x07,0x42,0x08,0x51,0x8D,0xD5,0x3C,0xFF,0xDF,0xEE,0x5E,0x92,0xD6,0x59,0x6F,0x41,0x0D,0x41,0x2D,0x41,0x0C,0x39,0x0C,0x39,0x0C,
0x38,0xEB,0x38,0xEB,0x38,0xEB,0x38,0xEB,0x30,0xEB,0x38,0xEB,0x38,0xEB,0x38,0xEB,0x38,0xEB,0x38,0xEB,0x38,0xEB,0x38,0xEB,0x38,0xEB,0x38,0xEB,0x30,0xEB,0x30,0xEB,
0x30,0xEB,0x30,0xEB,0x30,0xEB,0x30,0xEB,0x30,0xEB,0x38,0xEB,0x38,0xEB,0x38,0xEB,0x38,0xEB,0x38,0xEB,0x30,0xEB,0x30,0xEB,0x30,0xEB,0x30,0xEB,0x38,0xEB,0x30,0xEB,
0x30,0xEB,0x38,0xEB,0x38,0xEB,0x38,0xEB,0x30,0xEB,0x38,0xEB,0x38,0xEB,0x38,0xEB,0x30,0xEB,0x38,0xEB,0x38,0xEB,0x30,0xEB,0x30,0xEB,0x38,0xEB,0x30,0xEB,0x30,0xEB,
0x30,0xEB,0x30,0xEB,0x38,0xEB,0x38,0xEB,0x30,0xEB,0x30,0xEB,0x30,0xEB,0x39,0x0B,0x30,0xCA,0x41,0xCC,0x41,0xEC,0x30,0xCA,0x39,0x0B,0x30,0xEB,0x30,0xEB,0x30,0xEB,
0x30,0xEB,0x30,0xEB,0x30,0xEB,0x30,0xEB,0x30,0xEB,0x30,0xEB,0x30,0xCB,0x30,0xEB,0x30,0xCB,0x30,0xEB,0x30,0xEB,0x30,0xCB,0x30,0xEB,0x30,0xEB,0x30,0xEB,0x31,0x0B,
0x30,0xCA,0x49,0xED,0x41,0x8C,0x30,0xCA,0x31,0x0B,0x30,0xEB,0x31,0x0B,0x31,0x0B,0x30,0xEB,0x30,0xEB,0x31,0x0A,0x52,0x6D,0x30,0xEA,0x30,0xEB,0x30,0xEB,0x30,0xEB,
0x30,0xEB,0x30,0xEB,0x30,0xEB,0x30,0xEB,0x30,0xEB,0x30,0xEB,0x30,0xEB,0x30,0xEB,0x30,0xEB,0x30,0xEB,0x30,0xEB,0x30,0xEB,0x30,0xEB,0x30,0xEB,0x30,0xEB,0x30,0xEB,
0x30,0xEB,0x30,0xEB,0x38,0xEC,0x41,0x0C,0x48,0xEE,0x60,0xD0,0xC3,0x3A,0x80,0xB3,0xB2,0xB7,0xAA,0x56,0x81,0x72,0xBC,0x19,0x59,0xD0,0x7D,0x19,0x4C,0xB6,0x2B,0xD2,
0x65,0xD9,0x0B,0xB1,0x5D,0xD8,0x2C,0x13,0x3C,0x75,0x74,0xD9,0x32,0x14,0x83,0xD9,0x59,0x93,0x82,0xB7,0x92,0x35,0x89,0x72,0xBB,0x36,0x88,0xCD,0xC3,0x76,0x81,0x4D,
0x58,0xEB,0x48,0xEB,0x38,0xEB,0x38,0xEB,0x30,0xEB,0x30,0xEB,0x31,0x0B,0x30,0xEB,0x30,0xEB,0x30,0xEB,0x30,0xEB,0x30,0xEB,0x30,0xEB,0x30,0xEB,0x30,0xEB,0x30,0xEB,
0x30,0xEB,0x30,0xEB,0x30,0xEB,0x30,0xEB,0x38,0xEB,0x39,0x0B,0x30,0xEB,0x39,0x2C,0x41,0x8D,0x30,0xCA,0x49,0xED,0x41,0x6C,0x30,0xCB,0x31,0x0B,0x30,0xEB,0x30,0xEB,
0x30,0xEB,0x30,0xEB,0x30,0xEB,0x30,0xEB,0x30,0xEB,0x30,0xEB,0x30,0xEB,0x30,0xEB,0x30,0xEB,0x30,0xEB,0x30,0xEB,0x30,0xEB,0x30,0xEB,0x30,0xEB,0x30,0xEB,0x30,0xEB,
0x51,0xCD,0x39,0x0B,0x30,0xEB,0x30,0xEB,0x30,0xEB,0x30,0xEB,0x30,0xEB,0x30,0xEB,0x30,0xEB,0x30,0xEB,0x30,0xEB,0x30,0xEB,0x30,0xEB,0x30,0xEB,0x30,0xEB,0x30,0xEB,
0x31,0x0B,0x4A,0x8D,0x31,0x0A,0x39,0x2C,0x31,0x0B,0x30,0xEB,0x30,0xEB,0x30,0xEB,0x30,0xEB,0x30,0xEB,0x30,0xEB,0x30,0xEB,0x30,0xEB,0x30,0xEB,0x30,0xEB,0x30,0xEB,
0x30,0xEB,0x30,0xEB,0x30,0xEB,0x30,0xEB,0x30,0xEB,0x30,0xEB,0x30,0xEB,0x30,0xEB,0x30,0xEB,0x30,0xEB,0x30,0xEB,0x30,0xEB,0x30,0xEB,0x30,0xEB,0x30,0xEB,0x30,0xEB,
0x30,0xEB,0x30,0xEB,0x30,0xEB,0x30,0xEB,0x30,0xEA,0x30,0xEB,0x30,0xEB,0x30,0xEB,0x30,0xEB,0x39,0x0B,0x30,0xEB,0x30,0xEB,0x30,0xEA,0x30,0xEB,0x30,0xEB,0x38,0xEB,
0x38,0xEB,0x39,0x0B,0x41,0x0C,0x41,0x0C,0x41,0x0C,0x51,0x6F,0x8A,0xB6,0xEE,0x5E,0xFF,0xFF,0xD5,0x7D,0x59,0xCE,0x31,0xA7,0x31,0xA6,0x31,0xA6,0x31,0xA6,0x29,0x45,
0x00,0x00,0x00,0x00,0x00,0x00,0x00,0x00,0x00,0x00,0x00,0x00,0x00,0x00,0x00,0x00,0x00,0x00,0x00,0x00,0x00,0x00,0x00,0x00,0x00,0x00,0x00,0x00,0x00,0x00,0x00,0x00,
0x00,0x00,0x00,0x00,0x00,0x00,0x00,0x00,0x00,0x00,0x00,0x00,0x00,0x00,0x00,0x00,0x00,0x00,0x00,0x00,0x00,0x00,0x00,0x00,0x00,0x00,0x00,0x00,0x00,0x00,0x00,0x00,
0x39,0xC7,0x39,0xE7,0x39,0xE7,0x42,0x08,0x42,0x08,0x51,0x8D,0xD5,0x3C,0xFF,0xDF,0xEE,0x5E,0x92,0xD6,0x59,0x6F,0x41,0x0D,0x41,0x2D,0x41,0x0C,0x41,0x0C,0x39,0x0C,
0x39,0x0B,0x38,0xEB,0x38,0xEB,0x38,0xEB,0x38,0xEB,0x38,0xEB,0x38,0xEB,0x38,0xEB,0x38,0xEB,0x38,0xEB,0x38,0xEB,0x38,0xEB,0x38,0xEB,0x38,0xEB,0x38,0xEB,0x38,0xEB,
0x38,0xEB,0x30,0xEB,0x38,0xEB,0x38,0xEB,0x38,0xEB,0x38,0xEB,0x38,0xEB,0x38,0xEB,0x38,0xEB,0x38,0xEB,0x38,0xEB,0x38,0xEB,0x38,0xEB,0x38,0xEB,0x38,0xEB,0x38,0xEB,
0x38,0xEB,0x38,0xEB,0x38,0xEB,0x38,0xEB,0x38,0xEB,0x30,0xEB,0x39,0x0B,0x38,0xEB,0x38,0xEB,0x38,0xEB,0x38,0xEB,0x38,0xEB,0x38,0xEB,0x38,0xEB,0x38,0xEB,0x38,0xEB,
0x38,0xEB,0x38,0xEB,0x38,0xEB,0x38,0xEB,0x38,0xEB,0x38,0xEB,0x39,0x0B,0x39,0x0B,0x30,0xCA,0x41,0xEC,0x49,0xEC,0x30,0xCA,0x39,0x0B,0x30,0xEB,0x38,0xEB,0x30,0xEB,
0x39,0x0B,0x30,0xEB,0x30,0xEB,0x30,0xEB,0x30,0xEB,0x30,0xEB,0x30,0xEB,0x30,0xEB,0x30,0xEB,0x30,0xEB,0x30,0xEB,0x30,0xEB,0x30,0xEB,0x30,0xEB,0x30,0xEB,0x30,0xEB,
0x30,0xCA,0x49,0xED,0x41,0xAC,0x30,0xCA,0x31,0x0B,0x30,0xEB,0x31,0x0B,0x30,0xEB,0x30,0xEB,0x30,0xEB,0x39,0x2B,0x5A,0x8E,0x30,0xEB,0x38,0xEB,0x38,0xEB,0x38,0xEB,
0x38,0xEB,0x38,0xEB,0x38,0xEB,0x38,0xEB,0x38,0xEB,0x30,0xEB,0x30,0xEB,0x38,0xEB,0x30,0xEB,0x38,0xEB,0x30,0xEB,0x30,0xEB,0x30,0xEB,0x30,0xEB,0x30,0xEB,0x30,0xEB,
0x38,0xEB,0x38,0xEC,0x38,0xEC,0x41,0x0D,0x50,0xEE,0x60,0xD0,0xC3,0x3A,0x80,0xB3,0xB2,0xB7,0xAA,0x56,0x89,0x72,0xC4,0x19,0x59,0xD1,0x7D,0x19,0x4C,0xB6,0x2B,0xD2,
0x65,0xD9,0x0B,0xB1,0x5D,0xD9,0x2C,0x13,0x3C,0x75,0x74,0xD9,0x32,0x34,0x83,0xD9,0x59,0x94,0x82,0xB7,0x92,0x35,0x89,0x72,0xBB,0x36,0x88,0xEE,0xC3,0x56,0x81,0x4E,
0x60,0xEC,0x48,0xEB,0x40,0xEB,0x38,0xEB,0x30,0xEB,0x30,0xEB,0x38,0xEB,0x30,0xEB,0x30,0xEB,0x30,0xEB,0x30,0xEB,0x30,0xEB,0x30,0xEB,0x30,0xEB,0x30,0xEB,0x30,0xEB,
0x30,0xEB,0x30,0xEB,0x30,0xEB,0x39,0x0B,0x39,0x0B,0x39,0x0B,0x39,0x0C,0x39,0x0C,0x39,0x0B,0x30,0xEB,0x49,0xED,0x41,0x8C,0x30,0xCB,0x39,0x0B,0x39,0x0B,0x39,0x0B,
0x39,0x0B,0x30,0xEB,0x30,0xEB,0x30,0xEB,0x30,0xEB,0x30,0xEB,0x38,0xEB,0x30,0xEB,0x30,0xEB,0x30,0xEB,0x30,0xEB,0x30,0xEB,0x30,0xEB,0x38,0xEB,0x39,0x0B,0x30,0xEB,
0x51,0xED,0x39,0x0B,0x30,0xEB,0x30,0xEB,0x30,0xEB,0x30,0xEB,0x30,0xEB,0x30,0xEB,0x30,0xEB,0x30,0xEB,0x30,0xEB,0x30,0xEB,0x30,0xEB,0x31,0x0B,0x30,0xEB,0x38,0xEB,
0x31,0x0B,0x4A,0x8E,0x31,0x0B,0x39,0x2C,0x31,0x0B,0x38,0xEB,0x30,0xEB,0x39,0x0B,0x31,0x0B,0x30,0xEB,0x30,0xEB,0x30,0xEB,0x30,0xEB,0x30,0xEB,0x30,0xEB,0x30,0xEB,
0x30,0xEB,0x30,0xEB,0x30,0xEB,0x30,0xEB,0x30,0xEB,0x30,0xEB,0x30,0xEB,0x30,0xEB,0x30,0xEB,0x30,0xEB,0x30,0xEB,0x30,0xEB,0x30,0xEB,0x30,0xEB,0x30,0xEB,0x30,0xEB,
0x30,0xEB,0x30,0xEB,0x30,0xEB,0x30,0xEB,0x30,0xEB,0x30,0xEB,0x30,0xEB,0x30,0xEB,0x30,0xEB,0x30,0xEB,0x30,0xEB,0x30,0xEB,0x38,0xEB,0x30,0xEB,0x39,0x0B,0x38,0xEB,
0x38,0xEB,0x39,0x0B,0x41,0x0C,0x41,0x0C,0x41,0x0C,0x51,0x4F,0x8A,0xB7,0xEE,0x5E,0xFF,0xFF,0xD5,0x7D,0x59,0xCE,0x31,0xA7,0x31,0xA6,0x31,0xA6,0x31,0xA6,0x29,0x44,
0x00,0x00,0x00,0x00,0x00,0x00,0x00,0x00,0x00,0x00,0x00,0x00,0x00,0x00,0x00,0x00,0x00,0x00,0x00,0x00,0x00,0x00,0x00,0x00,0x00,0x00,0x00,0x00,0x00,0x00,0x00,0x00,
0x00,0x00,0x00,0x00,0x00,0x00,0x00,0x00,0x00,0x00,0x00,0x00,0x00,0x00,0x00,0x00,0x00,0x00,0x00,0x00,0x00,0x00,0x00,0x00,0x00,0x00,0x00,0x00,0x00,0x00,0x00,0x00,
0x39,0xC7,0x39,0xE7,0x39,0xE7,0x42,0x07,0x42,0x08,0x51,0x8D,0xCD,0x3C,0xFF,0xDF,0xEE,0x5E,0x92,0xD6,0x59,0x70,0x49,0x0D,0x41,0x2D,0x41,0x0C,0x41,0x0C,0x39,0x0C,
0x39,0x0C,0x39,0x0B,0x38,0xEB,0x38,0xEB,0x38,0xEB,0x38,0xEB,0x38,0xEB,0x38,0xEB,0x38,0xEB,0x38,0xEB,0x38,0xEB,0x38,0xEB,0x38,0xEB,0x38,0xEB,0x38,0xEB,0x38,0xEB,
0x38,0xEB,0x30,0xEB,0x38,0xEB,0x38,0xEB,0x38,0xEB,0x38,0xEB,0x38,0xEB,0x38,0xEB,0x38,0xEB,0x38,0xEB,0x38,0xEB,0x39,0x0B,0x38,0xEB,0x38,0xEB,0x38,0xEB,0x38,0xEB,
0x39,0x0B,0x30,0xEB,0x38,0xEB,0x38,0xEB,0x30,0xEB,0x30,0xEB,0x38,0xEB,0x38,0xEB,0x38,0xEB,0x38,0xEB,0x38,0xEB,0x38,0xEB,0x38,0xEB,0x38,0xEB,0x38,0xEB,0x38,0xEB,
0x38,0xEB,0x38,0xEB,0x38,0xEB,0x38,0xEB,0x38,0xEB,0x38,0xEB,0x38,0xEB,0x39,0x0B,0x30,0xCB,0x49,0xCC,0x49,0xEC,0x30,0xCA,0x38,0xEB,0x30,0xEB,0x30,0xEB,0x30,0xEB,
0x30,0xEB,0x30,0xEB,0x30,0xEB,0x30,0xEB,0x38,0xEB,0x30,0xEB,0x30,0xEB,0x30,0xEB,0x30,0xEB,0x30,0xEB,0x39,0x0B,0x30,0xEB,0x30,0xEB,0x30,0xEB,0x30,0xEB,0x38,0xEB,
0x30,0xCA,0x49,0xED,0x41,0xAD,0x30,0xEB,0x39,0x0B,0x38,0xEB,0x38,0xEB,0x38,0xEB,0x30,0xEB,0x38,0xEB,0x39,0x0B,0x5A,0x6E,0x39,0x0B,0x38,0xEB,0x39,0x0B,0x38,0xEB,
0x38,0xEB,0x38,0xEB,0x38,0xEB,0x38,0xEB,0x38,0xEB,0x38,0xEB,0x30,0xEB,0x30,0xEB,0x39,0x0B,0x30,0xEB,0x30,0xEB,0x38,0xEB,0x30,0xEB,0x38,0xEB,0x38,0xEB,0x38,0xEB,
0x38,0xEB,0x39,0x0C,0x38,0xEC,0x41,0x0D,0x50,0xEF,0x60,0xD0,0xC3,0x3A,0x80,0xB3,0xB2,0xB7,0xAA,0x56,0x89,0x92,0xC4,0x19,0x59,0xD1,0x85,0x39,0x4C,0xD6,0x33,0xD2,
0x65,0xD9,0x0B,0xB1,0x5D,0xD9,0x2C,0x14,0x3C,0x75,0x74,0xF9,0x32,0x34,0x83,0xFA,0x59,0x94,0x82,0xB7,0x92,0x35,0x89,0x72,0xBB,0x36,0x88,0xEE,0xC3,0x56,0x81,0x4E,
0x60,0xEC,0x48,0xEB,0x40,0xEB,0x38,0xEB,0x38,0xEB,0x38,0xEB,0x38,0xEB,0x31,0x0B,0x31,0x0B,0x39,0x0B,0x38,0xEB,0x38,0xEB,0x38,0xEB,0x38,0xEB,0x38,0xEB,0x38,0xEB,
0x38,0xEB,0x38,0xEB,0x38,0xEB,0x39,0x0B,0x39,0x0B,0x39,0x0B,0x39,0x0C,0x39,0x0C,0x39,0x2C,0x30,0xEB,0x4A,0x0D,0x41,0x8C,0x30,0xCB,0x39,0x0B,0x38,0xEB,0x39,0x0B,
0x38,0xEB,0x39,0x0B,0x39,0x0B,0x38,0xEB,0x38,0xEB,0x30,0xEB,0x30,0xEB,0x38,0xEB,0x38,0xEB,0x38,0xEB,0x38,0xEB,0x38,0xEB,0x30,0xEB,0x39,0x0B,0x39,0x0C,0x30,0xEB,
0x51,0xED,0x39,0x0B,0x38,0xEB,0x38,0xEB,0x30,0xEB,0x30,0xEB,0x30,0xEB,0x30,0xEB,0x30,0xEB,0x30,0xEB,0x38,0xEB,0x38,0xEB,0x31,0x0B,0x38,0xEB,0x38,0xEB,0x38,0xEB,
0x31,0x0B,0x4A,0x8E,0x39,0x0B,0x38,0xEB,0x38,0xEB,0x30,0xEB,0x30,0xEB,0x39,0x0C,0x39,0x0B,0x30,0xEB,0x31,0x0B,0x30,0xEB,0x38,0xEB,0x30,0xEB,0x30,0xEB,0x30,0xEB,
0x30,0xEB,0x38,0xEB,0x30,0xEB,0x30,0xEB,0x30,0xEB,0x30,0xEB,0x30,0xEB,0x30,0xEB,0x30,0xEB,0x30,0xEB,0x30,0xEB,0x30,0xEB,0x30,0xEB,0x30,0xEB,0x30,0xEB,0x38,0xEB,
0x30,0xEB,0x30,0xEB,0x38,0xEB,0x30,0xEB,0x30,0xEB,0x30,0xEB,0x30,0xEB,0x30,0xEB,0x30,0xEB,0x38,0xEB,0x38,0xEB,0x30,0xEB,0x38,0xEB,0x38,0xEB,0x39,0x0B,0x38,0xEB,
0x39,0x0C,0x39,0x0C,0x41,0x0C,0x41,0x0D,0x41,0x0D,0x59,0x50,0x8A,0xB7,0xEE,0x3E,0xFF,0xFF,0xD5,0x7D,0x59,0xCE,0x31,0xC7,0x31,0xC7,0x31,0xA6,0x31,0xA6,0x29,0x44,
0x00,0x00,0x00,0x00,0x00,0x00,0x00,0x00,0x00,0x00,0x00,0x00,0x00,0x00,0x00,0x00,0x00,0x00,0x00,0x00,0x00,0x00,0x00,0x00,0x00,0x00,0x00,0x00,0x00,0x00,0x00,0x00,
0x00,0x00,0x00,0x00,0x00,0x00,0x00,0x00,0x00,0x00,0x00,0x00,0x00,0x00,0x00,0x00,0x00,0x00,0x00,0x00,0x00,0x00,0x00,0x00,0x00,0x00,0x00,0x00,0x00,0x00,0x00,0x00,
0x39,0xC7,0x39,0xE8,0x39,0xE7,0x42,0x07,0x42,0x08,0x51,0xAD,0xD5,0x3C,0xFF,0xDF,0xEE,0x5E,0x8A,0xD6,0x59,0x90,0x49,0x2D,0x49,0x2D,0x41,0x0C,0x41,0x0C,0x41,0x0C,
0x39,0x0C,0x38,0xEC,0x38,0xEB,0x38,0xEB,0x38,0xEB,0x38,0xEB,0x38,0xEB,0x38,0xEB,0x39,0x0B,0x38,0xEB,0x38,0xEB,0x38,0xEB,0x38,0xEB,0x38,0xEB,0x38,0xEB,0x39,0x0B,
0x39,0x0B,0x38,0xEB,0x39,0x0B,0x39,0x0B,0x38,0xEB,0x38,0xEB,0x39,0x0B,0x38,0xEB,0x38,0xEB,0x38,0xEB,0x39,0x0B,0x39,0x0B,0x39,0x0B,0x38,0xEB,0x39,0x0B,0x39,0x0B,
0x38,0xEB,0x39,0x0B,0x39,0x0B,0x39,0x0B,0x39,0x0B,0x39,0x0B,0x39,0x0B,0x39,0x0B,0x39,0x0B,0x39,0x0B,0x38,0xEB,0x39,0x0B,0x39,0x0B,0x39,0x0B,0x39,0x0C,0x38,0xEB,
0x38,0xEB,0x38,0xEB,0x38,0xEB,0x39,0x0B,0x39,0x0B,0x39,0x0B,0x39,0x0B,0x39,0x0B,0x30,0xEB,0x49,0xEC,0x49,0xEC,0x30,0xCB,0x39,0x0B,0x38,0xEB,0x38,0xEB,0x38,0xEB,
0x38,0xEB,0x38,0xEB,0x38,0xEB,0x38,0xEB,0x38,0xEB,0x30,0xEB,0x30,0xEB,0x30,0xEB,0x30,0xEB,0x30,0xEB,0x30,0xEB,0x39,0x0B,0x30,0xEB,0x38,0xEB,0x38,0xEB,0x38,0xEB,
0x30,0xCA,0x49,0xED,0x41,0xAC,0x30,0xEB,0x39,0x0B,0x39,0x0B,0x39,0x0B,0x39,0x0B,0x39,0x0B,0x39,0x0B,0x39,0x0B,0x5A,0x6D,0x39,0x0B,0x38,0xEB,0x39,0x0B,0x38,0xEB,
0x39,0x0C,0x39,0x0B,0x38,0xEB,0x39,0x0B,0x38,0xEB,0x39,0x0B,0x39,0x0B,0x39,0x2C,0x39,0x0B,0x38,0xEB,0x38,0xEB,0x38,0xEC,0x39,0x0B,0x39,0x0B,0x38,0xEB,0x39,0x0B,
0x39,0x0B,0x39,0x0C,0x39,0x0C,0x41,0x0D,0x50,0xEF,0x60,0xD0,0xC3,0x3A,0x80,0xD3,0xB2,0xB7,0xAA,0x56,0x89,0x92,0xC4,0x19,0x59,0xF1,0x85,0x39,0x54,0xD6,0x33,0xD3,
0x65,0xD9,0x13,0xB2,0x5D,0xD9,0x2C,0x34,0x3C,0x75,0x74,0xF9,0x32,0x35,0x83,0xF9,0x59,0x94,0x82,0xB8,0x92,0x36,0x89,0x92,0xBB,0x36,0x90,0xEE,0xC3,0x56,0x81,0x4E,
0x60,0xEC,0x49,0x0C,0x40,0xEB,0x38,0xEC,0x39,0x0C,0x39,0x0B,0x39,0x0B,0x39,0x0B,0x39,0x0B,0x39,0x0B,0x39,0x0B,0x39,0x0B,0x39,0x0B,0x38,0xEB,0x38,0xEB,0x39,0x0B,
0x38,0xEB,0x38,0xEC,0x38,0xEB,0x39,0x0C,0x39,0x0C,0x39,0x0C,0x39,0x0C,0x39,0x0C,0x39,0x2C,0x38,0xEB,0x52,0x0D,0x41,0x8C,0x38,0xEB,0x39,0x0B,0x39,0x0B,0x39,0x0C,
0x39,0x0B,0x39,0x0B,0x39,0x0C,0x39,0x0B,0x39,0x0B,0x38,0xEB,0x38,0xEB,0x38,0xEC,0x38,0xEC,0x38,0xEB,0x38,0xEB,0x38,0xEB,0x38,0xEB,0x39,0x0C,0x39,0x0C,0x38,0xEB,
0x59,0xEE,0x39,0x0C,0x38,0xEC,0x39,0x0C,0x38,0xEB,0x39,0x0B,0x31,0x0B,0x38,0xEB,0x39,0x0B,0x39,0x0B,0x38,0xEB,0x39,0x0B,0x39,0x0C,0x39,0x0C,0x39,0x0B,0x39,0x0B,
0x39,0x0B,0x4A,0x6E,0x31,0x0B,0x38,0xEB,0x38,0xEB,0x38,0xEB,0x39,0x0B,0x38,0xEB,0x39,0x0B,0x39,0x0B,0x39,0x0B,0x39,0x0B,0x39,0x0B,0x39,0x0B,0x39,0x0B,0x38,0xEB,
0x39,0x0B,0x38,0xEB,0x39,0x0B,0x30,0xEB,0x38,0xEB,0x30,0xEB,0x38,0xEB,0x38,0xEB,0x38,0xEB,0x38,0xEB,0x38,0xEB,0x38,0xEB,0x38,0xEB,0x38,0xEB,0x38,0xEB,0x38,0xEB,
0x39,0x0B,0x38,0xEB,0x38,0xEB,0x38,0xEB,0x39,0x0B,0x38,0xEB,0x38,0xEB,0x38,0xEB,0x38,0xEB,0x38,0xEB,0x38,0xEB,0x38,0xEB,0x38,0xEB,0x38,0xEB,0x38,0xEB,0x39,0x0C,
0x39,0x0C,0x41,0x0C,0x41,0x0C,0x41,0x0D,0x41,0x0D,0x59,0x70,0x8A,0xB7,0xEE,0x5E,0xFF,0xFF,0xD5,0x7D,0x59,0xCE,0x39,0xC7,0x39,0xC7,0x31,0xA6,0x31,0xC6,0x29,0x45,
0x00,0x00,0x00,0x00,0x00,0x00,0x00,0x00,0x00,0x00,0x00,0x00,0x00,0x00,0x00,0x00,0x00,0x00,0x00,0x00,0x00,0x00,0x00,0x00,0x00,0x00,0x00,0x00,0x00,0x00,0x00,0x00,
0x00,0x00,0x00,0x00,0x00,0x00,0x00,0x00,0x00,0x00,0x00,0x00,0x00,0x00,0x00,0x00,0x00,0x00,0x00,0x00,0x00,0x00,0x00,0x00,0x00,0x00,0x00,0x00,0x00,0x00,0x00,0x00,
0x39,0xE7,0x42,0x08,0x39,0xE7,0x42,0x08,0x42,0x08,0x51,0xAD,0xCD,0x3C,0xFF,0xDF,0xEE,0x5E,0x8A,0xB6,0x59,0x90,0x49,0x2D,0x49,0x2D,0x41,0x0C,0x41,0x0C,0x41,0x0C,
0x39,0x0C,0x39,0x0C,0x38,0xEB,0x38,0xEB,0x38,0xEB,0x38,0xEB,0x38,0xEB,0x38,0xEB,0x38,0xEB,0x38,0xEB,0x38,0xEB,0x38,0xEB,0x38,0xEB,0x38,0xEB,0x38,0xEB,0x38,0xEB,
0x38,0xEB,0x38,0xEB,0x38,0xEB,0x39,0x0B,0x39,0x0B,0x38,0xEB,0x39,0x0B,0x38,0xEB,0x39,0x0B,0x38,0xEB,0x38,0xEB,0x38,0xEB,0x39,0x0C,0x39,0x0B,0x39,0x0C,0x39,0x0B,
0x39,0x0B,0x39,0x0B,0x39,0x0B,0x39,0x0B,0x39,0x0B,0x39,0x0B,0x39,0x0B,0x39,0x0B,0x39,0x0B,0x38,0xEB,0x38,0xEB,0x38,0xEB,0x38,0xEB,0x39,0x0C,0x38,0xEC,0x38,0xEB,
0x39,0x0B,0x39,0x0B,0x38,0xEB,0x38,0xEB,0x39,0x0B,0x39,0x0B,0x39,0x0B,0x39,0x0B,0x30,0xCB,0x41,0xCC,0x49,0xCC,0x30,0xCB,0x39,0x0B,0x39,0x0B,0x38,0xEB,0x38,0xEB,
0x38,0xEB,0x38,0xEB,0x38,0xEB,0x38,0xEB,0x38,0xEB,0x38,0xEB,0x38,0xEB,0x38,0xEB,0x38,0xEB,0x38,0xEB,0x38,0xEB,0x38,0xEB,0x38,0xEB,0x39,0x0B,0x39,0x0B,0x39,0x0B,
0x30,0xCB,0x49,0xED,0x41,0xAC,0x38,0xEB,0x39,0x0B,0x39,0x0B,0x39,0x0B,0x39,0x0B,0x39,0x0B,0x39,0x0B,0x39,0x2B,0x5A,0x6D,0x39,0x0B,0x39,0x0C,0x39,0x0B,0x39,0x0C,
0x39,0x0C,0x39,0x2C,0x39,0x0C,0x38,0xEC,0x39,0x0B,0x39,0x0C,0x38,0xEC,0x39,0x2C,0x39,0x0C,0x38,0xEB,0x39,0x0B,0x39,0x0C,0x38,0xEC,0x39,0x0B,0x38,0xEB,0x39,0x0C,
0x39,0x0C,0x38,0xEC,0x41,0x0C,0x40,0xED,0x50,0xEF,0x60,0xD1,0xC3,0x3A,0x80,0xF3,0xB2,0xB7,0xAA,0x76,0x89,0x92,0xC4,0x39,0x59,0xF1,0x85,0x39,0x54,0xD6,0x33,0xF3,
0x65,0xF9,0x13,0xD2,0x5D,0xD9,0x2C,0x34,0x3C,0x75,0x74,0xF9,0x32,0x55,0x83,0xF9,0x61,0xB4,0x82,0xB8,0x92,0x36,0x89,0x92,0xBB,0x36,0x91,0x0E,0xC3,0x56,0x81,0x4E,
0x60,0xEC,0x49,0x0C,0x40,0xEC,0x39,0x0C,0x39,0x0C,0x39,0x0C,0x39,0x0C,0x38,0xEB,0x38,0xEB,0x39,0x0C,0x39,0x0C,0x39,0x0B,0x38,0xEB,0x41,0x4C,0x41,0x2C,0x38,0xEB,
0x38,0xEC,0x39,0x0B,0x38,0xEC,0x39,0x0C,0x39,0x0C,0x39,0x0C,0x39,0x0C,0x39,0x0C,0x39,0x2C,0x39,0x0B,0x52,0x2D,0x49,0x8D,0x38,0xEB,0x39,0x0C,0x39,0x0C,0x39,0x0C,
0x39,0x0B,0x38,0xEC,0x38,0xEC,0x38,0xEB,0x38,0xEC,0x38,0xEB,0x38,0xEB,0x38,0xEC,0x38,0xEB,0x38,0xEB,0x39,0x0B,0x39,0x0B,0x39,0x0C,0x39,0x0C,0x39,0x0C,0x38,0xEB,
0x59,0xED,0x41,0x0C,0x38,0xEB,0x38,0xEC,0x38,0xEB,0x38,0xEB,0x38,0xEB,0x39,0x0C,0x38,0xEC,0x38,0xEC,0x38,0xEC,0x38,0xEB,0x38,0xEC,0x39,0x0C,0x39,0x0B,0x39,0x0B,
0x39,0x0B,0x4A,0x6E,0x39,0x0B,0x38,0xEB,0x39,0x0C,0x38,0xEB,0x39,0x0B,0x39,0x0C,0x39,0x0B,0x39,0x0B,0x39,0x0B,0x39,0x0B,0x39,0x0B,0x38,0xEB,0x38,0xEB,0x39,0x0B,
0x38,0xEB,0x39,0x0B,0x39,0x0B,0x39,0x0B,0x38,0xEB,0x38,0xEB,0x39,0x0B,0x38,0xEB,0x38,0xEB,0x38,0xEB,0x38,0xEB,0x38,0xEB,0x38,0xEB,0x38,0xEB,0x38,0xEB,0x39,0x0B,
0x39,0x0B,0x39,0x0B,0x38,0xEB,0x39,0x0B,0x39,0x0B,0x38,0xEB,0x38,0xEB,0x38,0xEB,0x38,0xEB,0x38,0xEB,0x38,0xEB,0x38,0xEB,0x38,0xEB,0x38,0xEC,0x38,0xEB,0x39,0x0C,
0x41,0x0C,0x41,0x0C,0x41,0x0C,0x41,0x0D,0x41,0x2D,0x59,0x70,0x8A,0xB6,0xE6,0x5E,0xFF,0xFF,0xD5,0x7D,0x59,0xCE,0x39,0xC7,0x39,0xC7,0x31,0xA6,0x39,0xC6,0x29,0x45,
0x00,0x00,0x00,0x00,0x00,0x00,0x00,0x00,0x00,0x00,0x00,0x00,0x00,0x00,0x00,0x00,0x00,0x00,0x00,0x00,0x00,0x00,0x00,0x00,0x00,0x00,0x00,0x00,0x00,0x00,0x00,0x00,
0x00,0x00,0x00,0x00,0x00,0x00,0x00,0x00,0x00,0x00,0x00,0x00,0x00,0x00,0x00,0x00,0x00,0x00,0x00,0x00,0x00,0x00,0x00,0x00,0x00,0x00,0x00,0x00,0x00,0x00,0x00,0x00,
0x39,0xE7,0x3A,0x08,0x39,0xE7,0x42,0x08,0x42,0x08,0x51,0x8D,0xCD,0x1C,0xFF,0xBF,0xEE,0x3E,0x8A,0xB6,0x59,0x90,0x49,0x2D,0x49,0x2D,0x41,0x0D,0x41,0x0C,0x41,0x0C,
0x41,0x0C,0x39,0x0C,0x39,0x0C,0x39,0x0C,0x39,0x0B,0x38,0xEB,0x38,0xEB,0x38,0xEB,0x38,0xEB,0x39,0x0B,0x39,0x0B,0x38,0xEB,0x38,0xEB,0x39,0x0B,0x39,0x0B,0x38,0xEB,
0x38,0xEC,0x38,0xEC,0x39,0x0C,0x39,0x0C,0x39,0x0C,0x39,0x0C,0x39,0x0C,0x39,0x0C,0x39,0x0C,0x39,0x0C,0x39,0x0C,0x39,0x0C,0x39,0x0C,0x39,0x0C,0x39,0x0C,0x39,0x0C,
0x39,0x0B,0x39,0x0C,0x39,0x0C,0x39,0x0C,0x39,0x0C,0x39,0x0C,0x39,0x0B,0x39,0x0C,0x39,0x0C,0x39,0x0C,0x38,0xEC,0x39,0x0C,0x39,0x0C,0x39,0x0C,0x39,0x0C,0x39,0x0C,
0x39,0x0C,0x39,0x0C,0x39,0x0C,0x39,0x0C,0x39,0x0C,0x39,0x0C,0x39,0x0C,0x39,0x0C,0x30,0xCB,0x41,0xCC,0x49,0xCC,0x30,0xCB,0x39,0x0C,0x38,0xEC,0x38,0xEC,0x38,0xEB,
0x38,0xEB,0x38,0xEB,0x38,0xEB,0x38,0xEB,0x38,0xEB,0x38,0xEB,0x38,0xEB,0x38,0xEB,0x38,0xEB,0x38,0xEB,0x38,0xEB,0x38,0xEB,0x39,0x0B,0x39,0x0B,0x39,0x0B,0x39,0x0B,
0x30,0xCB,0x51,0xEE,0x49,0xAD,0x38,0xEB,0x39,0x0C,0x39,0x0B,0x39,0x0B,0x39,0x0C,0x39,0x0B,0x39,0x0C,0x39,0x2B,0x5A,0x4E,0x39,0x0B,0x39,0x0C,0x39,0x0C,0x39,0x0C,
0x39,0x0C,0x39,0x0B,0x39,0x0B,0x39,0x0B,0x39,0x0C,0x39,0x0B,0x39,0x0B,0x39,0x0B,0x39,0x0B,0x39,0x0B,0x39,0x0B,0x39,0x0C,0x39,0x0B,0x39,0x0C,0x39,0x0C,0x39,0x0C,
0x39,0x0C,0x39,0x0C,0x41,0x0C,0x49,0x4E,0x51,0x2F,0x60,0xD1,0xC3,0x5A,0x88,0xF3,0xB2,0xD7,0xAA,0x76,0x89,0xB3,0xC4,0x39,0x61,0xF1,0x85,0x39,0x54,0xD6,0x33,0xF3,
0x65,0xF9,0x13,0xD2,0x5D,0xD9,0x2C,0x34,0x3C,0x75,0x74,0xD9,0x3A,0x55,0x83,0xFA,0x61,0xB4,0x82,0xD8,0x92,0x56,0x89,0x92,0xBB,0x36,0x89,0x0E,0xC3,0x56,0x81,0x4E,
0x61,0x0C,0x51,0x0C,0x41,0x0C,0x41,0x0C,0x39,0x0C,0x39,0x0C,0x39,0x0C,0x38,0xEC,0x39,0x0C,0x39,0x0C,0x39,0x0C,0x39,0x0C,0x39,0x0C,0x39,0x0C,0x39,0x2C,0x39,0x0B,
0x39,0x0C,0x39,0x0C,0x39,0x0C,0x39,0x0C,0x39,0x0C,0x39,0x0C,0x39,0x0C,0x39,0x0C,0x39,0x2C,0x38,0xEB,0x52,0x2E,0x49,0xAC,0x38,0xEB,0x39,0x0C,0x38,0xEC,0x38,0xEC,
0x38,0xEC,0x39,0x0C,0x38,0xEC,0x39,0x0C,0x39,0x0C,0x39,0x0C,0x39,0x0C,0x39,0x0C,0x39,0x0C,0x39,0x0C,0x39,0x0C,0x39,0x0C,0x39,0x0C,0x39,0x0C,0x39,0x0C,0x39,0x0C,
0x59,0xEE,0x41,0x2C,0x38,0xEC,0x39,0x0C,0x38,0xEC,0x39,0x0C,0x38,0xEC,0x39,0x0C,0x39,0x0C,0x38,0xEC,0x39,0x0C,0x39,0x0C,0x39,0x0C,0x39,0x0C,0x39,0x0C,0x38,0xEC,
0x39,0x0B,0x4A,0x6E,0x39,0x0B,0x39,0x0C,0x39,0x0C,0x38,0xEC,0x39,0x0C,0x39,0x0C,0x39,0x0C,0x39,0x0C,0x39,0x0B,0x39,0x0B,0x39,0x0C,0x38,0xEB,0x39,0x0B,0x38,0xEB,
0x39,0x0C,0x38,0xEC,0x38,0xEC,0x38,0xEC,0x39,0x0B,0x39,0x0B,0x38,0xEB,0x38,0xEB,0x38,0xEB,0x38,0xEB,0x38,0xEB,0x39,0x0C,0x39,0x0B,0x38,0xEB,0x38,0xEB,0x39,0x0C,
0x38,0xEB,0x39,0x0B,0x39,0x0B,0x38,0xEC,0x39,0x0C,0x38,0xEB,0x38,0xEC,0x38,0xEC,0x38,0xEB,0x39,0x0C,0x39,0x0C,0x39,0x0C,0x39,0x0C,0x39,0x0C,0x39,0x0C,0x41,0x0C,
0x41,0x0C,0x41,0x0C,0x41,0x0D,0x49,0x2D,0x49,0x0D,0x59,0x70,0x8A,0xB6,0xE6,0x3E,0xFF,0xFF,0xD5,0x7D,0x59,0xCE,0x39,0xC7,0x39,0xC6,0x31,0xA6,0x39,0xC6,0x29,0x45,
0x00,0x00,0x00,0x00,0x00,0x00,0x00,0x00,0x00,0x00,0x00,0x00,0x00,0x00,0x00,0x00,0x00,0x00,0x00,0x00,0x00,0x00,0x00,0x00,0x00,0x00,0x00,0x00,0x00,0x00,0x00,0x00,
0x00,0x00,0x00,0x00,0x00,0x00,0x00,0x00,0x00,0x00,0x00,0x00,0x00,0x00,0x00,0x00,0x00,0x00,0x00,0x00,0x00,0x00,0x00,0x00,0x00,0x00,0x00,0x00,0x00,0x00,0x00,0x00,
0x39,0xE7,0x42,0x08,0x39,0xE7,0x42,0x08,0x42,0x08,0x51,0x8D,0xCD,0x3C,0xFF,0xDF,0xEE,0x3E,0x8A,0xB6,0x59,0x90,0x49,0x2D,0x49,0x2D,0x49,0x2D,0x41,0x0C,0x41,0x0C,
0x41,0x0C,0x41,0x0C,0x38,0xEC,0x38,0xEC,0x38,0xEC,0x39,0x0C,0x39,0x0C,0x39,0x0B,0x39,0x0B,0x39,0x0B,0x39,0x0B,0x39,0x0C,0x39,0x0C,0x39,0x0B,0x39,0x0B,0x39,0x0C,
0x39,0x0C,0x39,0x0C,0x39,0x0C,0x39,0x0C,0x39,0x0C,0x39,0x0C,0x39,0x0C,0x39,0x0C,0x39,0x0C,0x39,0x0C,0x39,0x0C,0x39,0x0C,0x39,0x0C,0x39,0x0C,0x39,0x0C,0x39,0x0C,
0x39,0x0C,0x39,0x0C,0x39,0x0C,0x39,0x0C,0x39,0x0C,0x39,0x0C,0x39,0x0C,0x39,0x0C,0x39,0x0C,0x39,0x0C,0x39,0x0C,0x39,0x0C,0x39,0x0C,0x39,0x0C,0x39,0x0C,0x39,0x0C,
0x39,0x0C,0x39,0x0C,0x39,0x0C,0x39,0x0C,0x39,0x0C,0x39,0x0C,0x39,0x0C,0x39,0x0C,0x38,0xEB,0x49,0xCC,0x49,0xCD,0x38,0xCB,0x39,0x0C,0x38,0xEC,0x38,0xEC,0x38,0xEC,
0x38,0xEC,0x38,0xEC,0x38,0xEB,0x38,0xEB,0x38,0xEB,0x38,0xEB,0x38,0xEB,0x38,0xEB,0x38,0xEB,0x39,0x0B,0x39,0x0B,0x39,0x0B,0x39,0x0B,0x39,0x0C,0x39,0x0C,0x41,0x2C,
0x38,0xCB,0x51,0xEE,0x49,0xAD,0x38,0xEB,0x41,0x0C,0x39,0x0C,0x39,0x0C,0x39,0x0C,0x39,0x0C,0x39,0x0C,0x39,0x2C,0x5A,0x4E,0x39,0x0B,0x39,0x0C,0x39,0x0C,0x39,0x0C,
0x39,0x0C,0x39,0x0C,0x39,0x0C,0x39,0x0C,0x39,0x0C,0x39,0x0C,0x39,0x0C,0x39,0x0C,0x39,0x0C,0x39,0x0C,0x39,0x0C,0x39,0x0C,0x39,0x0C,0x39,0x0C,0x39,0x0C,0x39,0x0C,
0x39,0x0C,0x41,0x0C,0x40,0xEC,0x51,0xAF,0x59,0x50,0x60,0xD0,0xC3,0x5A,0x88,0xF3,0xB2,0xD7,0xAA,0x96,0x89,0xB3,0xC4,0x39,0x62,0x11,0x85,0x39,0x54,0xF6,0x33,0xF3,
0x6D,0xF9,0x13,0xD2,0x5D,0xD9,0x2C,0x34,0x3C,0x95,0x74,0xF9,0x3A,0x55,0x83,0xFA,0x61,0xB4,0x82,0xD8,0x9A,0x56,0x89,0x92,0xBB,0x36,0x89,0x0E,0xC3,0x56,0x81,0x4E,
0x61,0x0C,0x51,0x0C,0x41,0x0C,0x41,0x0C,0x39,0x0C,0x39,0x0C,0x39,0x0C,0x39,0x0C,0x39,0x0C,0x39,0x0C,0x39,0x0C,0x39,0x0C,0x39,0x0C,0x39,0x0C,0x39,0x0C,0x39,0x0C,
0x39,0x0C,0x39,0x0C,0x39,0x0C,0x41,0x0C,0x41,0x0C,0x39,0x0C,0x39,0x0C,0x41,0x0C,0x41,0x2C,0x38,0xEB,0x52,0x2E,0x49,0xAD,0x38,0xEC,0x39,0x0C,0x39,0x0C,0x39,0x0C,
0x39,0x0C,0x39,0x0C,0x39,0x0C,0x39,0x0C,0x39,0x0C,0x39,0x0C,0x39,0x0C,0x39,0x0C,0x39,0x0C,0x39,0x0C,0x39,0x0C,0x39,0x0C,0x39,0x0C,0x39,0x0C,0x39,0x0C,0x39,0x0C,
0x59,0xEE,0x41,0x2C,0x39,0x0C,0x39,0x0C,0x39,0x0C,0x39,0x0C,0x39,0x0C,0x38,0xEC,0x38,0xEC,0x39,0x0C,0x39,0x0C,0x38,0xEC,0x39,0x0C,0x39,0x0C,0x39,0x0C,0x39,0x0C,
0x39,0x0C,0x4A,0x6E,0x39,0x0B,0x38,0xEC,0x39,0x0C,0x38,0xEC,0x38,0xEC,0x39,0x0C,0x38,0xEC,0x39,0x0C,0x38,0xEC,0x39,0x0C,0x39,0x0C,0x38,0xEB,0x39,0x0C,0x39,0x0C,
0x39,0x0C,0x38,0xEC,0x38,0xEC,0x38,0xEC,0x39,0x0C,0x39,0x0C,0x38,0xEC,0x38,0xEC,0x38,0xEC,0x38,0xEB,0x39,0x0C,0x39,0x0C,0x39,0x0C,0x38,0xEC,0x38,0xEC,0x38,0xEC,
0x38,0xEC,0x38,0xEB,0x38,0xEC,0x39,0x0C,0x39,0x0C,0x39,0x0C,0x39,0x0C,0x38,0xEB,0x38,0xEC,0x39,0x0C,0x38,0xEC,0x39,0x0C,0x39,0x0C,0x39,0x0C,0x41,0x0C,0x41,0x0C,
0x41,0x0C,0x41,0x0C,0x41,0x0D,0x49,0x2D,0x49,0x0D,0x59,0x90,0x8A,0xB6,0xE6,0x3E,0xFF,0xFF,0xD5,0x7D,0x59,0xCE,0x39,0xC7,0x39,0xC7,0x31,0xA6,0x39,0xC6,0x29,0x45,
0x00,0x00,0x00,0x00,0x00,0x00,0x00,0x00,0x00,0x00,0x00,0x00,0x00,0x00,0x00,0x00,0x00,0x00,0x00,0x00,0x00,0x00,0x00,0x00,0x00,0x00,0x00,0x00,0x00,0x00,0x00,0x00,
0x00,0x00,0x00,0x00,0x00,0x00,0x00,0x00,0x00,0x00,0x00,0x00,0x00,0x00,0x00,0x00,0x00,0x00,0x00,0x00,0x00,0x00,0x00,0x00,0x00,0x00,0x00,0x00,0x00,0x00,0x00,0x00,
0x39,0xE7,0x42,0x08,0x39,0xE7,0x42,0x08,0x42,0x08,0x51,0x8D,0xCD,0x1C,0xFF,0xDF,0xEE,0x3E,0x8A,0xB6,0x59,0x90,0x49,0x2D,0x49,0x2D,0x49,0x2D,0x41,0x2D,0x41,0x0C,
0x41,0x0C,0x41,0x0C,0x39,0x0C,0x38,0xEC,0x41,0x0C,0x41,0x0C,0x39,0x0C,0x39,0x0C,0x39,0x0C,0x39,0x0C,0x39,0x0C,0x39,0x0C,0x39,0x0C,0x39,0x0C,0x39,0x0C,0x39,0x0C,
0x39,0x0C,0x41,0x0C,0x39,0x0C,0x39,0x0C,0x39,0x0C,0x41,0x0C,0x39,0x0C,0x41,0x0C,0x39,0x0C,0x39,0x0C,0x39,0x0C,0x39,0x0C,0x39,0x0C,0x39,0x0C,0x39,0x0C,0x39,0x0C,
0x39,0x0C,0x39,0x0C,0x39,0x0C,0x39,0x0C,0x39,0x0C,0x39,0x0C,0x39,0x0C,0x39,0x0C,0x39,0x0C,0x39,0x0C,0x39,0x0C,0x39,0x0C,0x39,0x0C,0x39,0x0C,0x39,0x0C,0x39,0x0C,
0x39,0x0C,0x39,0x0C,0x39,0x0C,0x39,0x0C,0x39,0x0C,0x39,0x0C,0x39,0x0C,0x39,0x0C,0x38,0xEB,0x49,0xCC,0x49,0xCD,0x38,0xCB,0x39,0x0C,0x39,0x0C,0x38,0xEC,0x38,0xEC,
0x38,0xEC,0x38,0xEC,0x38,0xEB,0x38,0xEC,0x38,0xEC,0x38,0xEC,0x38,0xEC,0x39,0x0C,0x39,0x0C,0x39,0x0C,0x39,0x0C,0x39,0x0C,0x39,0x0C,0x39,0x0C,0x39,0x0C,0x39,0x2C,
0x38,0xCB,0x51,0xEE,0x49,0xAD,0x38,0xEB,0x41,0x2C,0x41,0x0C,0x39,0x0C,0x41,0x0C,0x39,0x0C,0x39,0x0C,0x39,0x2C,0x5A,0x4E,0x39,0x0C,0x41,0x0C,0x39,0x0C,0x39,0x0C,
0x39,0x0C,0x41,0x0C,0x39,0x0C,0x41,0x0C,0x39,0x0C,0x41,0x0C,0x39,0x0C,0x39,0x0C,0x39,0x0C,0x41,0x0C,0x39,0x0C,0x39,0x0C,0x39,0x0C,0x41,0x0C,0x41,0x0C,0x41,0x0C,
0x41,0x0C,0x41,0x0C,0x41,0x2D,0x49,0x0D,0x51,0x0F,0x68,0xF1,0xC3,0x7A,0x88,0xF3,0xB2,0xD7,0xAA,0x96,0x91,0xB3,0xC4,0x39,0x62,0x11,0x85,0x39,0x54,0xF6,0x33,0xF3,
0x6D,0xFA,0x13,0xD2,0x5D,0xD9,0x2C,0x34,0x44,0x75,0x74,0xF9,0x3A,0x55,0x83,0xFA,0x61,0xB4,0x8A,0xD8,0x9A,0x56,0x89,0xB3,0xBB,0x56,0x91,0x0E,0xC3,0x56,0x81,0x4E,
0x61,0x0C,0x51,0x0C,0x41,0x0C,0x41,0x0C,0x39,0x0C,0x39,0x0C,0x39,0x0C,0x39,0x0C,0x39,0x0C,0x39,0x0C,0x39,0x0C,0x41,0x0C,0x39,0x0C,0x39,0x0C,0x39,0x0C,0x39,0x0C,
0x39,0x0C,0x41,0x0C,0x41,0x0C,0x41,0x0C,0x41,0x0C,0x41,0x0C,0x41,0x0C,0x41,0x0C,0x41,0x2C,0x38,0xEC,0x52,0x2E,0x49,0xAD,0x38,0xEC,0x39,0x0C,0x39,0x0C,0x41,0x0C,
0x41,0x0C,0x41,0x0C,0x41,0x0C,0x39,0x0C,0x39,0x0C,0x39,0x0C,0x39,0x0C,0x39,0x0C,0x39,0x0C,0x39,0x0C,0x41,0x0C,0x39,0x0C,0x39,0x0C,0x39,0x0C,0x41,0x0C,0x38,0xEC,
0x59,0xEE,0x41,0x2C,0x39,0x0C,0x39,0x0C,0x39,0x0C,0x39,0x0C,0x39,0x0C,0x39,0x0C,0x39,0x0C,0x39,0x0C,0x39,0x0C,0x39,0x0C,0x39,0x0C,0x39,0x0C,0x39,0x0C,0x39,0x0C,
0x39,0x0C,0x4A,0x6E,0x39,0x2B,0x41,0x0C,0x39,0x0C,0x39,0x0C,0x39,0x0C,0x39,0x0C,0x39,0x0C,0x39,0x0C,0x39,0x0C,0x39,0x0C,0x39,0x0C,0x39,0x0C,0x39,0x0C,0x39,0x0C,
0x39,0x0C,0x39,0x0C,0x38,0xEC,0x38,0xEC,0x39,0x0C,0x39,0x0C,0x39,0x0C,0x39,0x0C,0x38,0xEC,0x38,0xEC,0x39,0x0C,0x39,0x0C,0x38,0xEC,0x39,0x0C,0x39,0x0C,0x39,0x0C,
0x39,0x0C,0x39,0x0C,0x38,0xEC,0x39,0x0C,0x38,0xEC,0x39,0x0C,0x39,0x0C,0x39,0x0C,0x39,0x0C,0x39,0x0C,0x38,0xEC,0x39,0x0C,0x39,0x0C,0x39,0x0C,0x41,0x0C,0x41,0x0C,
0x41,0x2C,0x41,0x0C,0x49,0x2D,0x49,0x2D,0x49,0x2D,0x59,0x70,0x8A,0xB6,0xEE,0x3E,0xFF,0xFF,0xD5,0x7D,0x59,0xCE,0x39,0xC7,0x39,0xC7,0x31,0xA6,0x39,0xC6,0x29,0x45,
0x00,0x00,0x00,0x00,0x00,0x00,0x00,0x00,0x00,0x00,0x00,0x00,0x00,0x00,0x00,0x00,0x00,0x00,0x00,0x00,0x00,0x00,0x00,0x00,0x00,0x00,0x00,0x00,0x00,0x00,0x00,0x00,
0x00,0x00,0x00,0x00,0x00,0x00,0x00,0x00,0x00,0x00,0x00,0x00,0x00,0x00,0x00,0x00,0x00,0x00,0x00,0x00,0x00,0x00,0x00,0x00,0x00,0x00,0x00,0x00,0x00,0x00,0x00,0x00,
0x39,0xE7,0x42,0x08,0x42,0x08,0x42,0x08,0x42,0x08,0x51,0x8D,0xCD,0x1C,0xFF,0xDF,0xEE,0x3E,0x8A,0xB6,0x59,0x90,0x49,0x2D,0x49,0x2D,0x49,0x2D,0x41,0x2D,0x41,0x0C,
0x41,0x0C,0x41,0x0C,0x41,0x0C,0x41,0x0C,0x41,0x0C,0x39,0x0C,0x41,0x0C,0x39,0x0C,0x41,0x0C,0x41,0x0C,0x39,0x0C,0x39,0x0C,0x41,0x0C,0x41,0x0C,0x41,0x0C,0x41,0x0C,
0x41,0x0C,0x41,0x0C,0x41,0x0C,0x41,0x0C,0x41,0x0C,0x41,0x0C,0x41,0x0C,0x41,0x0C,0x41,0x0C,0x41,0x0C,0x41,0x0C,0x41,0x0C,0x41,0x0C,0x41,0x0C,0x41,0x0C,0x41,0x0C,
0x41,0x0C,0x41,0x0C,0x41,0x0C,0x41,0x0C,0x41,0x0C,0x41,0x0C,0x41,0x0C,0x41,0x0C,0x41,0x0C,0x41,0x0C,0x41,0x0C,0x41,0x0C,0x39,0x0C,0x41,0x0C,0x39,0x0C,0x39,0x0C,
0x41,0x0C,0x39,0x0C,0x39,0x0C,0x41,0x0C,0x41,0x0C,0x41,0x0C,0x41,0x0C,0x41,0x0C,0x38,0xEC,0x49,0xED,0x49,0xED,0x38,0xEB,0x39,0x0C,0x39,0x0C,0x39,0x0C,0x39,0x0C,
0x39,0x0C,0x39,0x0C,0x38,0xEC,0x39,0x0C,0x39,0x0C,0x39,0x0C,0x39,0x0C,0x39,0x0C,0x39,0x0C,0x39,0x0C,0x39,0x0C,0x39,0x0C,0x39,0x0C,0x39,0x0C,0x39,0x0C,0x39,0x0C,
0x38,0xCB,0x52,0x0E,0x49,0xCD,0x38,0xEC,0x41,0x2C,0x41,0x2C,0x41,0x2C,0x41,0x2C,0x41,0x2C,0x41,0x0C,0x41,0x2C,0x5A,0x4E,0x41,0x0C,0x41,0x0C,0x41,0x0C,0x41,0x0C,
0x41,0x0C,0x41,0x0C,0x41,0x0C,0x41,0x0C,0x41,0x0C,0x41,0x0C,0x41,0x0C,0x41,0x0C,0x41,0x0C,0x41,0x0C,0x41,0x0C,0x41,0x0C,0x41,0x0C,0x41,0x0C,0x41,0x0C,0x41,0x0C,
0x41,0x0C,0x41,0x0C,0x41,0x0D,0x49,0x2E,0x59,0x2F,0x68,0xF1,0xC3,0x7A,0x88,0xF3,0xB2,0xD7,0xB2,0x96,0x91,0xD3,0xC4,0x59,0x62,0x12,0x8D,0x39,0x54,0xF6,0x33,0xF3,
0x6D,0xFA,0x13,0xD2,0x5D,0xD9,0x2C,0x54,0x44,0x95,0x74,0xF9,0x3A,0x75,0x83,0xFA,0x61,0xB5,0x8A,0xF8,0x9A,0x56,0x91,0xB2,0xBB,0x56,0x91,0x0E,0xC3,0x56,0x81,0x4E,
0x61,0x0C,0x51,0x0C,0x49,0x0C,0x41,0x0C,0x41,0x0C,0x41,0x0C,0x41,0x0C,0x41,0x0C,0x41,0x0C,0x41,0x0C,0x41,0x0C,0x41,0x0C,0x41,0x0C,0x41,0x0C,0x41,0x0C,0x41,0x0C,
0x41,0x0C,0x41,0x0C,0x41,0x0C,0x41,0x0C,0x41,0x2C,0x41,0x0C,0x41,0x0C,0x41,0x2C,0x41,0x2C,0x38,0xEC,0x52,0x2E,0x49,0x8D,0x38,0xEC,0x41,0x0C,0x41,0x0C,0x41,0x0C,
0x41,0x0C,0x41,0x0C,0x41,0x0C,0x41,0x0C,0x41,0x0C,0x41,0x0C,0x39,0x0C,0x41,0x0C,0x41,0x0C,0x41,0x0C,0x41,0x0C,0x41,0x0C,0x39,0x0C,0x41,0x0C,0x41,0x0C,0x39,0x0C,
0x61,0xEE,0x41,0x2C,0x39,0x0C,0x41,0x0C,0x39,0x0C,0x41,0x0C,0x41,0x0C,0x39,0x0C,0x41,0x0C,0x41,0x0C,0x39,0x0C,0x41,0x0C,0x41,0x0C,0x41,0x0C,0x41,0x0C,0x41,0x0C,
0x39,0x2C,0x52,0x8E,0x39,0x2B,0x41,0x0C,0x39,0x0C,0x39,0x0C,0x39,0x0C,0x39,0x0C,0x39,0x0C,0x39,0x0C,0x39,0x0C,0x39,0x0C,0x39,0x0C,0x39,0x0C,0x39,0x0C,0x39,0x0C,
0x39,0x0C,0x39,0x0C,0x39,0x0C,0x39,0x0C,0x39,0x0C,0x39,0x0C,0x39,0x0C,0x39,0x0C,0x39,0x0C,0x39,0x0C,0x39,0x0C,0x39,0x0C,0x39,0x0C,0x39,0x0C,0x41,0x0C,0x41,0x0C,
0x39,0x0C,0x41,0x0C,0x39,0x0C,0x39,0x0C,0x39,0x0C,0x39,0x0C,0x39,0x0C,0x39,0x0C,0x39,0x0C,0x39,0x0C,0x39,0x0C,0x41,0x0C,0x41,0x0C,0x41,0x0C,0x41,0x0C,0x41,0x0C,
0x41,0x0C,0x49,0x2D,0x49,0x2D,0x49,0x2D,0x49,0x2D,0x59,0x90,0x8A,0xB6,0xEE,0x3E,0xFF,0xFF,0xD5,0x7D,0x59,0xCE,0x39,0xC7,0x39,0xC7,0x31,0xA6,0x39,0xC7,0x29,0x45,
0x00,0x00,0x00,0x00,0x00,0x00,0x00,0x00,0x00,0x00,0x00,0x00,0x00,0x00,0x00,0x00,0x00,0x00,0x00,0x00,0x00,0x00,0x00,0x00,0x00,0x00,0x00,0x00,0x00,0x00,0x00,0x00,
0x00,0x00,0x00,0x00,0x00,0x00,0x00,0x00,0x00,0x00,0x00,0x00,0x00,0x00,0x00,0x00,0x00,0x00,0x00,0x00,0x00,0x00,0x00,0x00,0x00,0x00,0x00,0x00,0x00,0x00,0x00,0x00,
0x39,0xE7,0x42,0x08,0x41,0xE7,0x42,0x08,0x42,0x08,0x51,0x8D,0xD5,0x3C,0xFF,0xDF,0xEE,0x3E,0x8A,0xB6,0x59,0x90,0x49,0x2D,0x49,0x2D,0x49,0x2D,0x49,0x0D,0x41,0x0C,
0x41,0x0C,0x41,0x0C,0x41,0x0C,0x41,0x0C,0x41,0x0C,0x41,0x0C,0x41,0x0C,0x41,0x0C,0x41,0x0C,0x41,0x0C,0x41,0x0C,0x41,0x0C,0x41,0x0C,0x41,0x0C,0x41,0x0C,0x41,0x0C,
0x41,0x0C,0x41,0x0C,0x41,0x0C,0x41,0x0C,0x41,0x0C,0x41,0x0C,0x41,0x0C,0x41,0x0C,0x41,0x0C,0x41,0x0C,0x41,0x0C,0x41,0x0C,0x41,0x0C,0x41,0x0C,0x41,0x0C,0x41,0x0C,
0x41,0x0C,0x41,0x0C,0x41,0x0C,0x41,0x0C,0x41,0x0C,0x41,0x0C,0x41,0x0C,0x41,0x0C,0x41,0x0C,0x39,0x0C,0x41,0x0C,0x41,0x0C,0x41,0x0C,0x41,0x0C,0x41,0x0C,0x41,0x0C,
0x41,0x0C,0x41,0x0C,0x41,0x0C,0x41,0x0C,0x41,0x0C,0x41,0x0C,0x41,0x0C,0x41,0x0C,0x38,0xEC,0x51,0xED,0x51,0xED,0x38,0xCB,0x41,0x0C,0x41,0x0C,0x41,0x0C,0x39,0x0C,
0x39,0x0C,0x41,0x0C,0x41,0x0C,0x39,0x0C,0x39,0x0C,0x39,0x0C,0x39,0x0C,0x39,0x0C,0x39,0x0C,0x41,0x0C,0x41,0x0C,0x39,0x0C,0x39,0x0C,0x39,0x0C,0x39,0x0C,0x41,0x0C,
0x38,0xCB,0x52,0x0E,0x49,0xCD,0x40,0xEC,0x41,0x2C,0x41,0x2C,0x41,0x2C,0x41,0x0C,0x41,0x2C,0x41,0x0C,0x41,0x2C,0x5A,0x4E,0x41,0x0C,0x41,0x0C,0x41,0x0C,0x41,0x0C,
0x41,0x0C,0x41,0x0C,0x41,0x0C,0x41,0x0C,0x41,0x0C,0x41,0x0C,0x41,0x0C,0x41,0x0C,0x41,0x0C,0x41,0x0C,0x41,0x0C,0x41,0x0C,0x41,0x0C,0x41,0x0C,0x41,0x2C,0x41,0x2C,
0x41,0x2D,0x41,0x2D,0x49,0x0D,0x49,0x2E,0x59,0x2F,0x68,0xF1,0xC3,0x5A,0x89,0x13,0xB2,0xD7,0xB2,0x96,0x91,0xD3,0xC4,0x59,0x62,0x12,0x8D,0x39,0x54,0xF6,0x34,0x14,
0x6D,0xFA,0x13,0xD2,0x65,0xD9,0x34,0x54,0x44,0x95,0x7C,0xF9,0x3A,0x75,0x83,0xFA,0x61,0xD4,0x8A,0xF8,0x9A,0x56,0x89,0xB3,0xC3,0x77,0x91,0x0E,0xC3,0x56,0x81,0x6E,
0x69,0x0C,0x51,0x2C,0x49,0x0C,0x41,0x0C,0x41,0x0C,0x41,0x0C,0x41,0x0C,0x41,0x0C,0x41,0x0C,0x41,0x0C,0x41,0x0C,0x41,0x0C,0x41,0x0C,0x41,0x0C,0x41,0x0C,0x41,0x0C,
0x41,0x0C,0x41,0x0C,0x41,0x2C,0x41,0x2C,0x41,0x0C,0x41,0x2C,0x41,0x2C,0x41,0x0C,0x41,0x2C,0x38,0xEC,0x52,0x2E,0x49,0x8D,0x38,0xEC,0x41,0x2D,0x41,0x0C,0x41,0x0D,
0x41,0x0D,0x41,0x0C,0x41,0x0C,0x41,0x0C,0x41,0x0C,0x41,0x0C,0x41,0x0C,0x41,0x0C,0x41,0x0C,0x41,0x0C,0x41,0x0C,0x41,0x0C,0x41,0x0C,0x41,0x0C,0x41,0x0C,0x39,0x0C,
0x61,0xEE,0x41,0x2C,0x41,0x0C,0x41,0x0C,0x41,0x0C,0x41,0x0C,0x41,0x0C,0x39,0x0C,0x41,0x0C,0x41,0x0C,0x41,0x0C,0x41,0x0C,0x41,0x0C,0x41,0x0C,0x41,0x0C,0x41,0x0C,
0x39,0x2C,0x52,0x8E,0x39,0x2C,0x41,0x0C,0x41,0x0C,0x41,0x0C,0x41,0x0C,0x41,0x0C,0x41,0x0C,0x39,0x0C,0x39,0x0C,0x39,0x0C,0x38,0xEC,0x39,0x0C,0x39,0x0C,0x39,0x0C,
0x39,0x0C,0x38,0xEC,0x39,0x0C,0x38,0xEC,0x39,0x0C,0x39,0x0C,0x41,0x0C,0x39,0x0C,0x39,0x0C,0x41,0x0C,0x39,0x0C,0x39,0x0C,0x39,0x0C,0x39,0x0C,0x41,0x0C,0x41,0x0C,
0x41,0x0C,0x41,0x0C,0x39,0x0C,0x39,0x0C,0x39,0x0C,0x39,0x0C,0x39,0x0C,0x39,0x0C,0x39,0x0C,0x41,0x0C,0x41,0x0C,0x41,0x0C,0x41,0x0C,0x41,0x0C,0x41,0x0C,0x41,0x0C,
0x41,0x2D,0x41,0x2D,0x49,0x2D,0x49,0x2D,0x49,0x2D,0x59,0x90,0x8A,0xB6,0xE6,0x3E,0xFF,0xDF,0xD5,0x7D,0x59,0xCE,0x39,0xC7,0x39,0xC7,0x31,0xA6,0x39,0xC7,0x29,0x45,
0x00,0x00,0x00,0x00,0x00,0x00,0x00,0x00,0x00,0x00,0x00,0x00,0x00,0x00,0x00,0x00,0x00,0x00,0x00,0x00,0x00,0x00,0x00,0x00,0x00,0x00,0x00,0x00,0x00,0x00,0x00,0x00,
0x00,0x00,0x00,0x00,0x00,0x00,0x00,0x00,0x00,0x00,0x00,0x00,0x00,0x00,0x00,0x00,0x00,0x00,0x00,0x00,0x00,0x00,0x00,0x00,0x00,0x00,0x00,0x00,0x00,0x00,0x00,0x00,
0x39,0xC7,0x42,0x08,0x42,0x08,0x42,0x08,0x42,0x08,0x51,0x8D,0xD5,0x3C,0xFF,0xDF,0xEE,0x3E,0x8A,0xB6,0x61,0x90,0x51,0x2E,0x49,0x2D,0x49,0x2D,0x49,0x0D,0x41,0x0D,
0x41,0x0C,0x41,0x0C,0x41,0x0C,0x41,0x0C,0x41,0x0C,0x41,0x0C,0x41,0x0C,0x41,0x0C,0x41,0x0C,0x41,0x0C,0x41,0x0C,0x41,0x0C,0x41,0x0C,0x41,0x0C,0x41,0x0C,0x41,0x0C,
0x41,0x0C,0x41,0x0C,0x41,0x0C,0x41,0x0C,0x41,0x0C,0x41,0x0C,0x41,0x0C,0x41,0x0C,0x41,0x0C,0x41,0x0C,0x41,0x2C,0x41,0x0C,0x41,0x0C,0x41,0x0C,0x41,0x0C,0x41,0x0C,
0x41,0x0C,0x41,0x0C,0x41,0x0C,0x41,0x0C,0x41,0x0C,0x41,0x0C,0x41,0x0C,0x41,0x0C,0x41,0x0C,0x41,0x0C,0x41,0x0C,0x41,0x0C,0x41,0x0C,0x41,0x0C,0x41,0x0C,0x41,0x0C,
0x41,0x0C,0x41,0x0C,0x41,0x0C,0x41,0x2C,0x41,0x0C,0x41,0x0C,0x41,0x0C,0x41,0x0C,0x38,0xEC,0x51,0xED,0x51,0xED,0x38,0xEC,0x41,0x0C,0x41,0x0C,0x41,0x0C,0x41,0x0C,
0x41,0x0C,0x41,0x0C,0x41,0x0C,0x41,0x0C,0x41,0x0C,0x41,0x0C,0x41,0x0C,0x41,0x0C,0x41,0x0C,0x41,0x0C,0x41,0x0C,0x41,0x0C,0x41,0x0C,0x41,0x0C,0x41,0x0C,0x41,0x0C,
0x38,0xEB,0x52,0x0E,0x49,0xCD,0x41,0x2D,0x41,0x4D,0x41,0x2C,0x41,0x2C,0x41,0x0C,0x41,0x2C,0x41,0x2D,0x41,0x2C,0x5A,0x6E,0x41,0x0C,0x41,0x0C,0x41,0x0C,0x41,0x0C,
0x41,0x0C,0x41,0x2C,0x41,0x2C,0x41,0x2C,0x41,0x0C,0x41,0x2C,0x41,0x0C,0x41,0x0C,0x41,0x2C,0x41,0x0D,0x41,0x0C,0x41,0x2D,0x41,0x2D,0x41,0x2C,0x41,0x2C,0x41,0x2D,
0x41,0x2D,0x41,0x2D,0x49,0x2D,0x49,0x2E,0x59,0x2F,0x71,0x11,0xC3,0x7A,0x89,0x13,0xB2,0xD7,0xB2,0x97,0x91,0xD3,0xC4,0x59,0x6A,0x32,0x8D,0x39,0x54,0xF6,0x3C,0x13,
0x6D,0xFA,0x13,0xD2,0x65,0xD9,0x34,0x54,0x44,0x96,0x7C,0xF9,0x3A,0x75,0x83,0xFA,0x61,0xD5,0x8A,0xF8,0x9A,0x56,0x91,0xB3,0xC3,0x77,0x91,0x2E,0xC3,0x76,0x81,0x6E,
0x69,0x0C,0x51,0x0C,0x49,0x0C,0x41,0x0C,0x41,0x0C,0x41,0x0C,0x41,0x0C,0x41,0x0C,0x41,0x0C,0x41,0x0C,0x41,0x0C,0x41,0x0C,0x41,0x0C,0x41,0x0C,0x41,0x0C,0x41,0x0C,
0x41,0x0C,0x41,0x0C,0x41,0x0C,0x41,0x2C,0x41,0x0C,0x51,0xAE,0x49,0x6D,0x41,0x0C,0x41,0x2C,0x38,0xEC,0x52,0x0E,0x49,0xAD,0x41,0x0C,0x41,0x2D,0x41,0x2D,0x41,0x2D,
0x41,0x2D,0x41,0x2D,0x41,0x2D,0x41,0x0C,0x41,0x0D,0x41,0x0D,0x41,0x0D,0x41,0x0C,0x41,0x0D,0x41,0x2C,0x41,0x0C,0x41,0x0C,0x41,0x0C,0x41,0x0C,0x41,0x0C,0x39,0x0C,
0x61,0xEE,0x41,0x2C,0x41,0x0C,0x41,0x0C,0x41,0x0C,0x41,0x0C,0x41,0x0C,0x41,0x0C,0x41,0x0C,0x41,0x0C,0x41,0x0C,0x41,0x0C,0x41,0x0C,0x41,0x0C,0x41,0x0C,0x41,0x0C,
0x41,0x2C,0x52,0x8E,0x39,0x2C,0x41,0x0C,0x41,0x0C,0x41,0x0C,0x41,0x0C,0x41,0x0C,0x41,0x0C,0x41,0x0C,0x41,0x0C,0x41,0x0C,0x41,0x0C,0x41,0x0C,0x41,0x0C,0x41,0x0C,
0x41,0x0C,0x41,0x0C,0x41,0x0C,0x41,0x0C,0x41,0x0C,0x41,0x0C,0x41,0x0C,0x41,0x0C,0x41,0x0C,0x41,0x0C,0x41,0x0C,0x41,0x0C,0x41,0x0C,0x41,0x0C,0x41,0x0C,0x41,0x0C,
0x41,0x0C,0x41,0x0C,0x41,0x0C,0x41,0x0C,0x41,0x0C,0x41,0x0C,0x41,0x0C,0x41,0x0C,0x41,0x0C,0x41,0x0C,0x41,0x0C,0x41,0x0C,0x41,0x0C,0x41,0x0C,0x41,0x0C,0x41,0x0D,
0x41,0x0D,0x49,0x2D,0x49,0x2D,0x49,0x2E,0x51,0x2E,0x59,0x90,0x8A,0xB7,0xE6,0x3E,0xFF,0xFF,0xD5,0x7D,0x59,0xCE,0x39,0xC7,0x39,0xC7,0x31,0xA6,0x39,0xC7,0x29,0x45,
0x00,0x00,0x00,0x00,0x00,0x00,0x00,0x00,0x00,0x00,0x00,0x00,0x00,0x00,0x00,0x00,0x00,0x00,0x00,0x00,0x00,0x00,0x00,0x00,0x00,0x00,0x00,0x00,0x00,0x00,0x00,0x00,
0x00,0x00,0x00,0x00,0x00,0x00,0x00,0x00,0x00,0x00,0x00,0x00,0x00,0x00,0x00,0x00,0x00,0x00,0x00,0x00,0x00,0x00,0x00,0x00,0x00,0x00,0x00,0x00,0x00,0x00,0x00,0x00,
0x39,0xC7,0x42,0x08,0x42,0x07,0x42,0x08,0x42,0x08,0x51,0x8D,0xD5,0x3C,0xFF,0xDF,0xEE,0x3E,0x8A,0xB6,0x61,0x90,0x51,0x2E,0x51,0x2E,0x49,0x2D,0x49,0x0D,0x49,0x0D,
0x41,0x0C,0x41,0x0C,0x41,0x0C,0x41,0x0C,0x41,0x0C,0x41,0x0C,0x41,0x0C,0x41,0x0C,0x41,0x0C,0x41,0x0C,0x41,0x0C,0x41,0x0C,0x41,0x0C,0x41,0x0C,0x41,0x0C,0x41,0x0C,
0x41,0x0C,0x41,0x0C,0x41,0x0C,0x41,0x0C,0x41,0x0C,0x41,0x0C,0x41,0x0C,0x41,0x0C,0x41,0x0C,0x41,0x0C,0x41,0x0C,0x41,0x0C,0x41,0x0C,0x41,0x0C,0x41,0x0C,0x41,0x0C,
0x41,0x2C,0x41,0x0C,0x41,0x0C,0x41,0x0C,0x41,0x0C,0x41,0x0C,0x41,0x0C,0x41,0x0C,0x41,0x0C,0x41,0x0C,0x41,0x0C,0x41,0x0C,0x41,0x0C,0x41,0x0C,0x41,0x0C,0x41,0x0C,
0x41,0x0C,0x41,0x0C,0x41,0x0C,0x41,0x2C,0x41,0x2C,0x41,0x2D,0x41,0x0C,0x41,0x2D,0x38,0xEC,0x52,0x0D,0x51,0xED,0x38,0xEC,0x41,0x2C,0x41,0x0C,0x41,0x0C,0x41,0x0C,
0x41,0x0C,0x41,0x0C,0x41,0x0C,0x41,0x0C,0x41,0x0C,0x41,0x0C,0x41,0x0C,0x41,0x0C,0x41,0x0C,0x41,0x0C,0x41,0x0C,0x41,0x0C,0x41,0x0C,0x41,0x0C,0x41,0x0C,0x41,0x0C,
0x38,0xEC,0x52,0x0E,0x51,0xAD,0x41,0x4D,0x41,0x4D,0x41,0x2C,0x41,0x2C,0x41,0x2C,0x41,0x2C,0x41,0x2D,0x41,0x4C,0x5A,0x6F,0x41,0x2C,0x41,0x2D,0x41,0x2C,0x41,0x2C,
0x41,0x2C,0x41,0x2C,0x41,0x2C,0x41,0x0C,0x41,0x2C,0x41,0x2C,0x41,0x0D,0x41,0x0C,0x41,0x0D,0x41,0x2D,0x41,0x2D,0x41,0x2D,0x41,0x2D,0x49,0x2D,0x49,0x2D,0x49,0x2D,
0x49,0x2D,0x49,0x2D,0x49,0x2D,0x51,0x2E,0x59,0x30,0x71,0x11,0xCB,0x7A,0x89,0x13,0xB2,0xF7,0xB2,0xB7,0x91,0xD3,0xC4,0x59,0x62,0x32,0x8D,0x59,0x54,0xF6,0x3C,0x14,
0x6D,0xFA,0x13,0xF2,0x65,0xD9,0x34,0x54,0x44,0xB6,0x7D,0x19,0x3A,0x95,0x8B,0xFA,0x61,0xD5,0x8A,0xF8,0x9A,0x76,0x91,0xD3,0xC3,0x57,0x91,0x2E,0xC3,0x76,0x81,0x6E,
0x69,0x0D,0x59,0x2D,0x51,0x0C,0x49,0x0C,0x41,0x0C,0x41,0x0C,0x41,0x0C,0x41,0x0C,0x41,0x0C,0x41,0x2D,0x41,0x0C,0x41,0x0C,0x41,0x0C,0x41,0x0C,0x41,0x0C,0x41,0x0C,
0x41,0x2C,0x41,0x0C,0x41,0x0C,0x41,0x0C,0x41,0x2C,0x41,0x0C,0x41,0x2C,0x41,0x2C,0x41,0x2C,0x38,0xEC,0x52,0x0E,0x49,0xAD,0x41,0x0C,0x41,0x2D,0x41,0x2D,0x41,0x2D,
0x41,0x2D,0x41,0x2D,0x41,0x2D,0x49,0x2D,0x41,0x2D,0x41,0x0D,0x41,0x0D,0x41,0x2D,0x41,0x0D,0x41,0x2C,0x41,0x0C,0x41,0x2C,0x41,0x0C,0x41,0x0C,0x41,0x0C,0x40,0xEC,
0x61,0xEE,0x49,0x2D,0x41,0x0C,0x41,0x0C,0x41,0x0C,0x41,0x0C,0x41,0x0C,0x41,0x0C,0x41,0x0C,0x41,0x2D,0x41,0x0C,0x41,0x0C,0x41,0x0C,0x41,0x0C,0x41,0x0C,0x41,0x0C,
0x41,0x2C,0x52,0x6E,0x41,0x2C,0x41,0x0C,0x41,0x0C,0x41,0x0C,0x41,0x0C,0x41,0x0C,0x41,0x0C,0x41,0x0C,0x41,0x0C,0x41,0x0C,0x41,0x0C,0x41,0x0C,0x41,0x0C,0x41,0x0C,
0x41,0x0C,0x41,0x0C,0x41,0x0C,0x41,0x0C,0x41,0x0C,0x41,0x0C,0x41,0x0C,0x41,0x0C,0x41,0x0C,0x41,0x0C,0x41,0x0C,0x41,0x0C,0x41,0x0C,0x41,0x0C,0x41,0x0C,0x41,0x0C,
0x41,0x0C,0x41,0x0C,0x41,0x0C,0x41,0x0C,0x41,0x0C,0x41,0x0C,0x41,0x0C,0x41,0x0C,0x41,0x0C,0x41,0x0C,0x41,0x0C,0x41,0x0C,0x41,0x0C,0x41,0x0C,0x41,0x0C,0x41,0x2D,
0x49,0x0D,0x49,0x2D,0x49,0x2D,0x51,0x4E,0x51,0x4E,0x61,0x91,0x8A,0xB7,0xE6,0x3E,0xFF,0xFF,0xD5,0x7D,0x59,0xCE,0x39,0xC7,0x39,0xC7,0x31,0xA6,0x39,0xC7,0x29,0x45,
0x00,0x00,0x00,0x00,0x00,0x00,0x00,0x00,0x00,0x00,0x00,0x00,0x00,0x00,0x00,0x00,0x00,0x00,0x00,0x00,0x00,0x00,0x00,0x00,0x00,0x00,0x00,0x00,0x00,0x00,0x00,0x00,
0x00,0x00,0x00,0x00,0x00,0x00,0x00,0x00,0x00,0x00,0x00,0x00,0x00,0x00,0x00,0x00,0x00,0x00,0x00,0x00,0x00,0x00,0x00,0x00,0x00,0x00,0x00,0x00,0x00,0x00,0x00,0x00,
0x39,0xC7,0x42,0x08,0x41,0xE7,0x42,0x08,0x42,0x08,0x51,0x8D,0xCD,0x1C,0xFF,0xDF,0xEE,0x3E,0x8A,0xB6,0x61,0x90,0x51,0x4E,0x51,0x2E,0x49,0x2D,0x49,0x2D,0x49,0x0D,
0x49,0x0D,0x41,0x0D,0x41,0x0C,0x41,0x0C,0x41,0x0C,0x41,0x0C,0x41,0x0C,0x41,0x0C,0x41,0x0C,0x41,0x0C,0x41,0x0C,0x41,0x0C,0x41,0x0C,0x41,0x0C,0x41,0x0C,0x41,0x0C,
0x41,0x0C,0x41,0x0C,0x41,0x0C,0x41,0x0D,0x41,0x0C,0x41,0x2C,0x41,0x0D,0x41,0x0C,0x41,0x2D,0x41,0x2C,0x41,0x2C,0x41,0x2C,0x41,0x2D,0x41,0x2C,0x41,0x2C,0x41,0x0C,
0x41,0x0C,0x41,0x2C,0x41,0x0D,0x41,0x2D,0x41,0x2C,0x41,0x2C,0x41,0x0D,0x41,0x0C,0x41,0x2C,0x41,0x0C,0x41,0x0C,0x41,0x0C,0x41,0x0C,0x41,0x0C,0x41,0x0C,0x41,0x2D,
0x41,0x2C,0x41,0x0C,0x41,0x0C,0x41,0x0C,0x41,0x0C,0x41,0x0C,0x41,0x0C,0x41,0x0D,0x40,0xEC,0x52,0x0D,0x52,0x0D,0x40,0xEC,0x41,0x2C,0x41,0x0C,0x41,0x0C,0x41,0x0C,
0x41,0x2C,0x41,0x0C,0x41,0x0C,0x41,0x0C,0x41,0x0C,0x41,0x0C,0x41,0x0C,0x41,0x0C,0x41,0x0C,0x41,0x0C,0x41,0x0C,0x41,0x0C,0x41,0x0C,0x41,0x0C,0x41,0x0C,0x41,0x2C,
0x38,0xEC,0x51,0xEE,0x51,0xCE,0x40,0xEC,0x49,0x2D,0x41,0x2C,0x41,0x2C,0x41,0x2C,0x41,0x2C,0x41,0x2D,0x41,0x2C,0x5A,0x4F,0x41,0x2C,0x41,0x0C,0x41,0x2D,0x41,0x2D,
0x41,0x2D,0x41,0x0D,0x41,0x2D,0x41,0x2D,0x49,0x0D,0x41,0x2D,0x41,0x2D,0x49,0x2D,0x49,0x2D,0x49,0x2D,0x41,0x2D,0x41,0x2D,0x49,0x2C,0x49,0x2D,0x49,0x2D,0x49,0x2D,
0x49,0x2D,0x49,0x2D,0x49,0x2D,0x51,0x4E,0x61,0x4F,0x71,0x31,0xCB,0x9A,0x91,0x33,0xB2,0xF7,0xB2,0xB7,0x91,0xD3,0xC4,0x5A,0x6A,0x32,0x8D,0x39,0x54,0xF6,0x3C,0x34,
0x6E,0x1A,0x1B,0xF2,0x65,0xD9,0x34,0x55,0x44,0x96,0x7D,0x19,0x42,0x96,0x8B,0xFA,0x69,0xF5,0x8B,0x18,0x9A,0x96,0x91,0xD3,0xC3,0x77,0x91,0x2E,0xC3,0x76,0x81,0x8E,
0x69,0x0D,0x59,0x2D,0x51,0x2C,0x49,0x0C,0x49,0x2C,0x49,0x0C,0x49,0x2C,0x49,0x2D,0x41,0x0D,0x41,0x0C,0x41,0x0D,0x41,0x0C,0x41,0x0C,0x41,0x2C,0x41,0x0C,0x41,0x0C,
0x41,0x0C,0x41,0x0D,0x41,0x0D,0x41,0x2D,0x41,0x2D,0x41,0x2D,0x41,0x2D,0x41,0x2C,0x41,0x2C,0x41,0x0C,0x52,0x2E,0x49,0xAD,0x41,0x0C,0x41,0x2D,0x41,0x0D,0x49,0x2D,
0x49,0x2D,0x49,0x2D,0x51,0x4E,0x51,0x4E,0x41,0x0D,0x41,0x2D,0x49,0x4D,0x49,0x2D,0x49,0x2D,0x41,0x0D,0x41,0x0D,0x41,0x0C,0x41,0x0D,0x41,0x0C,0x41,0x0D,0x41,0x0C,
0x61,0xEE,0x49,0x2D,0x40,0xED,0x41,0x0C,0x41,0x0C,0x41,0x0C,0x41,0x0C,0x41,0x0C,0x41,0x0C,0x41,0x0C,0x41,0x2D,0x41,0x0D,0x41,0x0C,0x41,0x0C,0x41,0x0D,0x41,0x0C,
0x41,0x2C,0x52,0x6E,0x41,0x2C,0x41,0x0C,0x41,0x0C,0x41,0x0C,0x41,0x0C,0x41,0x0C,0x41,0x0C,0x41,0x0C,0x41,0x0C,0x41,0x0C,0x41,0x0C,0x41,0x0C,0x41,0x0C,0x41,0x0C,
0x41,0x0C,0x41,0x0C,0x41,0x0C,0x41,0x0C,0x41,0x0C,0x41,0x0C,0x41,0x0C,0x41,0x0C,0x41,0x0C,0x41,0x0D,0x41,0x0C,0x41,0x2C,0x41,0x0C,0x41,0x0C,0x41,0x0C,0x41,0x2C,
0x41,0x0C,0x41,0x0C,0x41,0x0C,0x41,0x0C,0x41,0x0C,0x41,0x0C,0x41,0x0C,0x41,0x0D,0x41,0x0C,0x41,0x0C,0x41,0x2C,0x41,0x0C,0x41,0x0C,0x41,0x0C,0x41,0x2D,0x49,0x0D,
0x49,0x2D,0x49,0x2D,0x49,0x2D,0x51,0x4E,0x51,0x4E,0x61,0x91,0x92,0xB7,0xE6,0x3E,0xFF,0xFF,0xD5,0x7D,0x59,0xCE,0x39,0xC7,0x39,0xC7,0x31,0xA7,0x39,0xC7,0x29,0x45,
0x00,0x00,0x00,0x00,0x00,0x00,0x00,0x00,0x00,0x00,0x00,0x00,0x00,0x00,0x00,0x00,0x00,0x00,0x00,0x00,0x00,0x00,0x00,0x00,0x00,0x00,0x00,0x00,0x00,0x00,0x00,0x00,
0x00,0x00,0x00,0x00,0x00,0x00,0x00,0x00,0x00,0x00,0x00,0x00,0x00,0x00,0x00,0x00,0x00,0x00,0x00,0x00,0x00,0x00,0x00,0x00,0x00,0x00,0x00,0x00,0x00,0x00,0x00,0x00,
0x39,0xC7,0x42,0x08,0x42,0x08,0x42,0x28,0x42,0x29,0x51,0x8D,0xCD,0x1C,0xFF,0xDF,0xEE,0x3E,0x8A,0xB6,0x61,0x90,0x51,0x2E,0x51,0x2E,0x51,0x2D,0x49,0x2D,0x49,0x0D,
0x49,0x0D,0x49,0x0D,0x41,0x0C,0x49,0x0C,0x49,0x0C,0x41,0x0C,0x41,0x0C,0x41,0x0C,0x41,0x0D,0x41,0x0C,0x41,0x0C,0x41,0x0C,0x41,0x0D,0x49,0x0D,0x49,0x0D,0x41,0x0D,
0x49,0x2C,0x49,0x0D,0x49,0x2D,0x49,0x2D,0x49,0x2D,0x49,0x2D,0x49,0x2D,0x49,0x2D,0x49,0x2D,0x41,0x0C,0x41,0x2D,0x41,0x2D,0x41,0x2D,0x41,0x2D,0x41,0x2D,0x41,0x2D,
0x49,0x2D,0x41,0x2D,0x41,0x0D,0x49,0x2D,0x49,0x2D,0x49,0x2D,0x49,0x2D,0x49,0x2D,0x41,0x0C,0x49,0x0D,0x49,0x0D,0x41,0x0C,0x41,0x0C,0x41,0x0D,0x41,0x2D,0x41,0x0D,
0x41,0x0C,0x41,0x0D,0x49,0x0D,0x41,0x0D,0x41,0x0D,0x41,0x2D,0x49,0x0D,0x49,0x2D,0x40,0xEC,0x52,0x0D,0x52,0x0D,0x40,0xEC,0x41,0x2D,0x41,0x2D,0x41,0x0D,0x41,0x2D,
0x49,0x0D,0x41,0x0C,0x41,0x0C,0x41,0x0C,0x41,0x0C,0x41,0x0C,0x41,0x0C,0x41,0x0C,0x41,0x0C,0x41,0x0C,0x41,0x0D,0x41,0x0C,0x41,0x2D,0x41,0x2C,0x41,0x2C,0x41,0x2C,
0x40,0xEC,0x5A,0x0E,0x51,0xCE,0x41,0x0D,0x49,0x2D,0x49,0x2D,0x49,0x2D,0x49,0x2D,0x49,0x2D,0x49,0x2D,0x49,0x4D,0x5A,0x4F,0x41,0x2C,0x49,0x2D,0x49,0x2D,0x49,0x0D,
0x49,0x2D,0x49,0x2D,0x49,0x0C,0x49,0x2D,0x49,0x2D,0x49,0x2D,0x49,0x2D,0x49,0x2D,0x49,0x2D,0x49,0x2D,0x49,0x2D,0x49,0x2D,0x49,0x2D,0x49,0x2D,0x49,0x2D,0x49,0x2D,
0x49,0x2D,0x49,0x2D,0x51,0x4D,0x51,0x4E,0x61,0x50,0x71,0x31,0xCB,0x9A,0x91,0x33,0xB2,0xF7,0xB2,0xB7,0x91,0xF3,0xCC,0x7A,0x6A,0x32,0x8D,0x39,0x54,0xF6,0x3C,0x34,
0x76,0x1A,0x1B,0xF3,0x6D,0xF9,0x34,0x75,0x4C,0xB6,0x7D,0x19,0x42,0x96,0x8C,0x1A,0x6A,0x15,0x8B,0x18,0x9A,0x96,0x91,0xD3,0xC3,0x77,0x91,0x2E,0xC3,0x76,0x89,0x8E,
0x69,0x2D,0x59,0x2D,0x51,0x2D,0x49,0x2D,0x49,0x2D,0x49,0x2D,0x49,0x2D,0x49,0x0D,0x49,0x2D,0x49,0x0C,0x49,0x2D,0x49,0x2D,0x49,0x2D,0x49,0x2D,0x49,0x2D,0x41,0x2D,
0x49,0x2C,0x41,0x2C,0x49,0x2D,0x41,0x2D,0x41,0x2D,0x41,0x2D,0x41,0x2D,0x41,0x2D,0x49,0x2D,0x41,0x0C,0x52,0x2E,0x51,0xAE,0x40,0xEC,0x49,0x2D,0x49,0x2D,0x49,0x2D,
0x51,0x8E,0x51,0x6E,0x51,0x6E,0x51,0x6E,0x51,0x6E,0x59,0xCF,0x49,0x4E,0x49,0x2D,0x49,0x2D,0x41,0x2D,0x41,0x2D,0x49,0x2D,0x49,0x2D,0x41,0x0D,0x49,0x0D,0x41,0x0C,
0x61,0xEE,0x49,0x2D,0x41,0x0D,0x41,0x2C,0x41,0x2C,0x41,0x2D,0x41,0x2C,0x41,0x2C,0x41,0x2D,0x41,0x2D,0x49,0x2D,0x49,0x2D,0x41,0x2D,0x41,0x0D,0x41,0x0D,0x41,0x0C,
0x41,0x2C,0x52,0x6E,0x41,0x2C,0x41,0x0C,0x41,0x0C,0x41,0x0C,0x41,0x0C,0x41,0x0C,0x41,0x0D,0x41,0x0C,0x41,0x0C,0x41,0x0C,0x41,0x0C,0x41,0x0C,0x41,0x0C,0x41,0x0C,
0x41,0x0C,0x41,0x0C,0x41,0x0C,0x41,0x0C,0x41,0x0C,0x41,0x0C,0x41,0x0C,0x41,0x0C,0x41,0x0D,0x41,0x0D,0x41,0x2D,0x41,0x2C,0x41,0x0D,0x41,0x0D,0x41,0x0D,0x41,0x0D,
0x41,0x0D,0x41,0x0D,0x41,0x2D,0x41,0x0D,0x41,0x2D,0x41,0x0C,0x41,0x0D,0x41,0x0D,0x41,0x0D,0x41,0x0D,0x41,0x0D,0x41,0x0D,0x49,0x0D,0x41,0x0D,0x49,0x2D,0x49,0x2D,
0x49,0x2D,0x49,0x2D,0x51,0x2D,0x51,0x4E,0x51,0x4E,0x61,0x91,0x8A,0xB7,0xE6,0x5E,0xFF,0xFF,0xD5,0x7D,0x59,0xCE,0x39,0xC7,0x39,0xC7,0x39,0xC7,0x39,0xC7,0x29,0x45,
0x00,0x00,0x00,0x00,0x00,0x00,0x00,0x00,0x00,0x00,0x00,0x00,0x00,0x00,0x00,0x00,0x00,0x00,0x00,0x00,0x00,0x00,0x00,0x00,0x00,0x00,0x00,0x00,0x00,0x00,0x00,0x00,
0x00,0x00,0x00,0x00,0x00,0x00,0x00,0x00,0x00,0x00,0x00,0x00,0x00,0x00,0x00,0x00,0x00,0x00,0x00,0x00,0x00,0x00,0x00,0x00,0x00,0x00,0x00,0x00,0x00,0x00,0x00,0x00,
0x39,0xC7,0x42,0x08,0x42,0x08,0x42,0x28,0x42,0x28,0x59,0x8E,0xD5,0x1C,0xFF,0xDF,0xEE,0x3E,0x8A,0xB6,0x61,0x90,0x51,0x2E,0x51,0x4E,0x51,0x2D,0x49,0x2D,0x49,0x2D,
0x49,0x0D,0x49,0x0D,0x49,0x0D,0x49,0x0D,0x49,0x0D,0x49,0x0D,0x49,0x0D,0x49,0x0D,0x49,0x0D,0x49,0x0D,0x49,0x0D,0x49,0x2D,0x49,0x2D,0x49,0x0D,0x49,0x0D,0x49,0x2D,
0x49,0x0D,0x49,0x2D,0x49,0x2D,0x49,0x2D,0x49,0x2D,0x49,0x2D,0x49,0x2D,0x49,0x2D,0x49,0x2D,0x49,0x2D,0x49,0x2D,0x49,0x2D,0x49,0x2D,0x49,0x2D,0x49,0x2D,0x49,0x2D,
0x49,0x2D,0x49,0x2D,0x49,0x2D,0x49,0x2D,0x49,0x2D,0x49,0x2D,0x49,0x2D,0x49,0x2D,0x49,0x2D,0x49,0x2D,0x49,0x2D,0x49,0x2D,0x49,0x2D,0x49,0x2D,0x49,0x2D,0x49,0x2D,
0x49,0x2D,0x49,0x0D,0x49,0x2D,0x49,0x2D,0x49,0x2D,0x49,0x0D,0x49,0x2D,0x49,0x2D,0x41,0x0C,0x52,0x0D,0x52,0x0D,0x40,0xEC,0x49,0x2D,0x49,0x2D,0x49,0x2D,0x49,0x2D,
0x41,0x2D,0x49,0x2D,0x41,0x2D,0x41,0x2D,0x49,0x0C,0x41,0x2D,0x41,0x2C,0x41,0x0C,0x41,0x2D,0x41,0x2D,0x41,0x2C,0x41,0x2D,0x41,0x2D,0x41,0x0D,0x49,0x2D,0x49,0x2D,
0x40,0xEC,0x5A,0x0F,0x51,0xCE,0x49,0x0D,0x49,0x2D,0x49,0x2D,0x49,0x2D,0x49,0x2D,0x49,0x2D,0x49,0x2D,0x49,0x4D,0x62,0x6F,0x41,0x2C,0x49,0x2D,0x49,0x2D,0x49,0x2D,
0x49,0x2D,0x49,0x2D,0x49,0x2D,0x49,0x2D,0x49,0x2D,0x49,0x2D,0x49,0x2D,0x49,0x2D,0x49,0x2D,0x49,0x2D,0x49,0x2D,0x49,0x2D,0x49,0x2D,0x49,0x2D,0x49,0x4D,0x49,0x4D,
0x49,0x4D,0x51,0x4D,0x51,0x4E,0x59,0x4E,0x61,0x50,0x71,0x31,0xCB,0x9A,0x91,0x54,0xB3,0x17,0xB2,0xD7,0x91,0xF3,0xCC,0x7A,0x6A,0x32,0x8D,0x39,0x5C,0xF6,0x44,0x34,
0x76,0x1A,0x1C,0x13,0x6D,0xF9,0x3C,0x75,0x4C,0xB6,0x7D,0x1A,0x42,0xB6,0x8C,0x3A,0x6A,0x15,0x8B,0x18,0x9A,0x97,0x91,0xF3,0xC3,0x77,0x91,0x4F,0xC3,0x76,0x89,0x8F,
0x69,0x2D,0x59,0x4D,0x51,0x2D,0x49,0x2D,0x49,0x2D,0x49,0x2D,0x49,0x2D,0x49,0x2D,0x49,0x2C,0x49,0x2D,0x49,0x2D,0x49,0x2D,0x49,0x2D,0x49,0x2D,0x49,0x2D,0x49,0x0D,
0x49,0x2D,0x49,0x2D,0x49,0x0D,0x49,0x2D,0x41,0x2D,0x41,0x2D,0x49,0x2D,0x49,0x2D,0x49,0x2D,0x41,0x0C,0x5A,0x0E,0x51,0xAE,0x41,0x0D,0x49,0x2D,0x49,0x2D,0x49,0x2D,
0x51,0x4E,0x61,0xCF,0x72,0x50,0x7A,0xB1,0x72,0x91,0x51,0x8E,0x49,0x2D,0x49,0x2D,0x49,0x2D,0x49,0x2D,0x49,0x2D,0x49,0x2D,0x49,0x2D,0x49,0x2D,0x49,0x0D,0x41,0x0D,
0x61,0xEE,0x49,0x2D,0x41,0x0D,0x41,0x2C,0x41,0x0D,0x49,0x2D,0x49,0x2D,0x49,0x0D,0x49,0x0D,0x49,0x0D,0x41,0x2D,0x49,0x2D,0x41,0x2D,0x41,0x2D,0x49,0x2D,0x49,0x2D,
0x41,0x2C,0x52,0x6F,0x41,0x2C,0x41,0x0D,0x41,0x2D,0x41,0x2D,0x41,0x2D,0x41,0x0D,0x41,0x2D,0x41,0x0D,0x41,0x0C,0x41,0x2D,0x41,0x2D,0x41,0x2D,0x41,0x2D,0x41,0x0D,
0x41,0x2D,0x41,0x2D,0x41,0x0D,0x41,0x2D,0x41,0x0D,0x41,0x2D,0x41,0x2D,0x41,0x2D,0x41,0x2D,0x41,0x2D,0x41,0x2D,0x41,0x0D,0x49,0x2D,0x49,0x0D,0x49,0x0D,0x49,0x0D,
0x49,0x2D,0x49,0x0D,0x49,0x2D,0x49,0x2D,0x49,0x2D,0x49,0x2D,0x49,0x2D,0x49,0x2D,0x49,0x0D,0x49,0x2D,0x49,0x0D,0x49,0x0D,0x49,0x0D,0x49,0x0D,0x49,0x2D,0x49,0x2D,
0x49,0x2D,0x49,0x2D,0x51,0x2E,0x51,0x4E,0x51,0x4E,0x61,0x91,0x8A,0xB7,0xE6,0x5E,0xFF,0xFF,0xD5,0x7D,0x59,0xCE,0x39,0xC7,0x39,0xC7,0x31,0xA6,0x39,0xC7,0x29,0x45,
0x00,0x00,0x00,0x00,0x00,0x00,0x00,0x00,0x00,0x00,0x00,0x00,0x00,0x00,0x00,0x00,0x00,0x00,0x00,0x00,0x00,0x00,0x00,0x00,0x00,0x00,0x00,0x00,0x00,0x00,0x00,0x00,
0x00,0x00,0x00,0x00,0x00,0x00,0x00,0x00,0x00,0x00,0x00,0x00,0x00,0x00,0x00,0x00,0x00,0x00,0x00,0x00,0x00,0x00,0x00,0x00,0x00,0x00,0x00,0x00,0x00,0x00,0x00,0x00,
0x39,0xE7,0x42,0x08,0x42,0x08,0x42,0x28,0x42,0x28,0x51,0x8D,0xD5,0x1C,0xFF,0xDF,0xEE,0x3E,0x8A,0xB6,0x61,0x90,0x51,0x4E,0x51,0x4E,0x51,0x2E,0x51,0x2D,0x49,0x2D,
0x49,0x2D,0x49,0x2D,0x49,0x0D,0x49,0x0D,0x49,0x2D,0x49,0x2D,0x49,0x0D,0x49,0x2D,0x49,0x2D,0x49,0x2D,0x49,0x0D,0x49,0x2D,0x49,0x2D,0x49,0x2D,0x49,0x2D,0x49,0x2D,
0x49,0x2D,0x49,0x2D,0x49,0x2D,0x49,0x2D,0x49,0x2D,0x49,0x2D,0x49,0x2D,0x49,0x2D,0x49,0x2D,0x49,0x2D,0x49,0x2D,0x49,0x2D,0x49,0x2D,0x49,0x2D,0x49,0x2D,0x49,0x2D,
0x49,0x2D,0x49,0x2D,0x49,0x2D,0x49,0x2D,0x49,0x2D,0x49,0x2D,0x49,0x2D,0x49,0x2D,0x49,0x2D,0x49,0x2D,0x49,0x2D,0x49,0x2D,0x49,0x2D,0x49,0x2D,0x49,0x2D,0x49,0x2D,
0x49,0x2D,0x49,0x2D,0x49,0x2D,0x49,0x2D,0x49,0x2D,0x49,0x2D,0x49,0x2D,0x49,0x2D,0x41,0x0C,0x52,0x0D,0x52,0x0E,0x40,0xEC,0x49,0x2D,0x49,0x2D,0x49,0x2D,0x49,0x2D,
0x49,0x2D,0x49,0x2D,0x49,0x2D,0x49,0x2D,0x49,0x2D,0x49,0x2D,0x41,0x2D,0x49,0x2D,0x49,0x2D,0x49,0x2D,0x49,0x2D,0x49,0x2D,0x49,0x2D,0x49,0x2D,0x49,0x0D,0x49,0x2D,
0x41,0x0C,0x5A,0x0F,0x51,0xCE,0x49,0x0D,0x49,0x2D,0x49,0x2D,0x49,0x2D,0x49,0x2D,0x49,0x2D,0x49,0x2D,0x49,0x4D,0x62,0x4F,0x49,0x2C,0x49,0x2D,0x49,0x2D,0x49,0x2D,
0x49,0x2D,0x49,0x2D,0x49,0x2D,0x49,0x2D,0x49,0x4D,0x49,0x2D,0x49,0x2D,0x49,0x2D,0x49,0x2D,0x49,0x2D,0x49,0x2D,0x49,0x4D,0x51,0x4D,0x51,0x4D,0x51,0x4D,0x51,0x4D,
0x51,0x4D,0x51,0x4E,0x51,0x4E,0x59,0x6E,0x61,0x70,0x71,0x51,0xCB,0x9A,0x91,0x53,0xB3,0x17,0xB2,0xD7,0x9A,0x13,0xCC,0x9A,0x72,0x52,0x95,0x5A,0x5C,0xF6,0x44,0x34,
0x76,0x1A,0x1C,0x13,0x6D,0xF9,0x3C,0x75,0x4C,0xD6,0x7D,0x1A,0x4A,0xB6,0x94,0x3A,0x6A,0x15,0x93,0x39,0xA2,0xB7,0x92,0x13,0xC3,0x97,0x91,0x4F,0xC3,0x76,0x89,0x8F,
0x71,0x2D,0x59,0x4D,0x51,0x2D,0x51,0x2D,0x49,0x2D,0x49,0x2D,0x49,0x2D,0x49,0x2D,0x49,0x2C,0x49,0x2D,0x49,0x2D,0x49,0x2D,0x49,0x2D,0x49,0x0D,0x49,0x2D,0x49,0x2D,
0x49,0x0D,0x49,0x2D,0x49,0x2D,0x49,0x0D,0x49,0x2D,0x49,0x0D,0x49,0x2D,0x49,0x2D,0x49,0x2D,0x41,0x0C,0x52,0x0E,0x51,0xAE,0x41,0x0C,0x49,0x2D,0x49,0x2D,0x49,0x2D,
0x51,0x2E,0x51,0x2D,0xAC,0x96,0xDE,0x5B,0x59,0xCF,0x51,0x2E,0x51,0x2D,0x49,0x2D,0x49,0x2D,0x49,0x2D,0x49,0x2D,0x49,0x2D,0x49,0x2D,0x49,0x2D,0x49,0x2D,0x41,0x0D,
0x61,0xEF,0x49,0x2D,0x41,0x0D,0x49,0x0D,0x49,0x0D,0x41,0x0D,0x49,0x2D,0x49,0x0D,0x49,0x2D,0x49,0x2D,0x49,0x2D,0x49,0x2D,0x49,0x2D,0x49,0x2D,0x49,0x2D,0x49,0x2D,
0x41,0x2C,0x52,0x6E,0x41,0x4C,0x49,0x4D,0x41,0x2D,0x49,0x2D,0x49,0x2D,0x49,0x2D,0x49,0x2D,0x49,0x2D,0x49,0x2D,0x41,0x2D,0x49,0x0D,0x49,0x2D,0x49,0x2D,0x49,0x2D,
0x49,0x2D,0x49,0x2D,0x49,0x2D,0x49,0x2D,0x49,0x2D,0x41,0x2D,0x41,0x2D,0x41,0x2D,0x49,0x2D,0x49,0x2D,0x49,0x2D,0x49,0x2D,0x49,0x0D,0x49,0x2D,0x49,0x2D,0x49,0x2D,
0x49,0x2D,0x49,0x2D,0x49,0x2D,0x49,0x2D,0x49,0x2D,0x49,0x2D,0x49,0x2D,0x49,0x2D,0x49,0x2D,0x49,0x2D,0x49,0x2D,0x49,0x2D,0x49,0x2D,0x49,0x2D,0x49,0x2D,0x49,0x2D,
0x49,0x2D,0x51,0x2D,0x51,0x2E,0x51,0x4E,0x51,0x4E,0x61,0x91,0x8A,0xB7,0xEE,0x3E,0xFF,0xFF,0xD5,0x7D,0x59,0xCE,0x39,0xC7,0x39,0xC7,0x39,0xC6,0x39,0xC7,0x29,0x45,
0x00,0x00,0x00,0x00,0x00,0x00,0x00,0x00,0x00,0x00,0x00,0x00,0x00,0x00,0x00,0x00,0x00,0x00,0x00,0x00,0x00,0x00,0x00,0x00,0x00,0x00,0x00,0x00,0x00,0x00,0x00,0x00,
0x00,0x00,0x00,0x00,0x00,0x00,0x00,0x00,0x00,0x00,0x00,0x00,0x00,0x00,0x00,0x00,0x00,0x00,0x00,0x00,0x00,0x00,0x00,0x00,0x00,0x00,0x00,0x00,0x00,0x00,0x00,0x00,
0x39,0xE7,0x42,0x08,0x42,0x07,0x42,0x28,0x42,0x28,0x51,0x8D,0xD5,0x3C,0xFF,0xDF,0xEE,0x5E,0x8A,0xB6,0x61,0x90,0x51,0x4E,0x59,0x4E,0x51,0x4E,0x51,0x2D,0x49,0x2D,
0x49,0x2D,0x49,0x2D,0x49,0x2D,0x49,0x0D,0x49,0x2D,0x49,0x0D,0x49,0x2D,0x49,0x2D,0x49,0x2D,0x49,0x2D,0x49,0x2D,0x49,0x2D,0x49,0x2D,0x49,0x2D,0x49,0x2D,0x49,0x2D,
0x49,0x2D,0x49,0x2D,0x49,0x2D,0x49,0x2D,0x49,0x2D,0x49,0x2D,0x49,0x2D,0x49,0x2D,0x49,0x2D,0x49,0x2D,0x49,0x2D,0x49,0x2D,0x49,0x2D,0x49,0x2D,0x49,0x2D,0x49,0x2D,
0x49,0x2D,0x49,0x2D,0x49,0x2D,0x49,0x2D,0x49,0x2D,0x49,0x2D,0x49,0x2D,0x49,0x2D,0x49,0x2D,0x49,0x2D,0x49,0x2D,0x49,0x2D,0x49,0x2D,0x49,0x2D,0x49,0x2D,0x49,0x2D,
0x49,0x2D,0x49,0x2D,0x49,0x2D,0x49,0x2D,0x49,0x2D,0x49,0x2D,0x49,0x2D,0x49,0x2D,0x49,0x0D,0x52,0x0D,0x52,0x0E,0x49,0x0C,0x49,0x2D,0x49,0x2D,0x49,0x2D,0x49,0x2D,
0x49,0x2D,0x49,0x2D,0x49,0x2D,0x49,0x2D,0x49,0x2D,0x49,0x2D,0x49,0x2D,0x49,0x2D,0x49,0x2D,0x49,0x2D,0x49,0x2D,0x49,0x2D,0x49,0x2D,0x49,0x2D,0x49,0x2D,0x49,0x2D,
0x41,0x0C,0x5A,0x2F,0x51,0xCE,0x49,0x0D,0x49,0x4D,0x49,0x2D,0x49,0x4D,0x49,0x4D,0x49,0x4D,0x49,0x4D,0x49,0x4D,0x62,0x6F,0x49,0x2D,0x49,0x2D,0x49,0x2D,0x49,0x2D,
0x49,0x2D,0x49,0x4D,0x49,0x4D,0x49,0x2D,0x51,0x4D,0x49,0x4D,0x51,0x4D,0x51,0x4D,0x51,0x4D,0x51,0x4D,0x51,0x4D,0x51,0x4D,0x51,0x4D,0x51,0x4D,0x51,0x4D,0x51,0x4D,
0x51,0x4E,0x51,0x6E,0x51,0x6E,0x59,0x6E,0x69,0x70,0x79,0x51,0xCB,0xBA,0x91,0x73,0xB3,0x17,0xB2,0xF7,0x9A,0x13,0xCC,0x9A,0x72,0x53,0x95,0x5A,0x5D,0x16,0x44,0x54,
0x7E,0x1A,0x24,0x13,0x6E,0x19,0x3C,0x75,0x4C,0xD6,0x85,0x3A,0x4A,0xD6,0x94,0x3A,0x6A,0x35,0x93,0x39,0xA2,0xB7,0x9A,0x13,0xC3,0x97,0x99,0x4F,0xC3,0x76,0x91,0x8F,
0x71,0x4E,0x61,0x4E,0x59,0x4D,0x51,0x4D,0x51,0x4D,0x51,0x2D,0x51,0x2D,0x51,0x2D,0x49,0x2D,0x49,0x2D,0x49,0x2D,0x49,0x2D,0x49,0x2D,0x49,0x2D,0x49,0x2D,0x49,0x2D,
0x49,0x2D,0x49,0x2D,0x49,0x2D,0x49,0x0D,0x49,0x2D,0x49,0x2D,0x49,0x2D,0x49,0x2D,0x49,0x4D,0x41,0x0C,0x5A,0x2E,0x51,0xCE,0x49,0x0D,0x49,0x2D,0x49,0x2D,0x49,0x2D,
0x59,0x8E,0x7A,0xB2,0x9B,0xB4,0xB4,0x97,0x72,0x51,0x59,0x8E,0x51,0x2D,0x51,0x2D,0x49,0x2D,0x49,0x2D,0x49,0x2D,0x49,0x2D,0x49,0x2D,0x49,0x2D,0x49,0x2D,0x49,0x2D,
0x61,0xEF,0x49,0x2D,0x49,0x0D,0x49,0x2D,0x49,0x2D,0x49,0x0D,0x49,0x2D,0x49,0x2D,0x49,0x2D,0x49,0x2D,0x49,0x2D,0x49,0x2D,0x49,0x2D,0x49,0x2D,0x49,0x2D,0x49,0x2D,
0x49,0x2D,0x52,0x8F,0x41,0x4C,0x49,0x2D,0x49,0x2D,0x49,0x2D,0x49,0x2D,0x49,0x2D,0x49,0x2D,0x49,0x2D,0x49,0x2D,0x49,0x2D,0x49,0x0D,0x49,0x0D,0x49,0x2D,0x49,0x2D,
0x49,0x2D,0x49,0x2D,0x49,0x2D,0x49,0x2D,0x49,0x2D,0x49,0x2D,0x49,0x2D,0x49,0x2D,0x49,0x2D,0x49,0x2D,0x49,0x2D,0x49,0x2D,0x49,0x2D,0x49,0x2D,0x49,0x2D,0x49,0x2D,
0x49,0x2D,0x49,0x2D,0x49,0x2D,0x49,0x2D,0x49,0x2D,0x49,0x2D,0x49,0x2D,0x49,0x2D,0x49,0x2D,0x49,0x2D,0x49,0x2D,0x49,0x2D,0x49,0x2D,0x49,0x2D,0x49,0x2D,0x49,0x2D,
0x49,0x2D,0x51,0x2E,0x51,0x4E,0x51,0x4E,0x59,0x4E,0x61,0xB1,0x8A,0xD7,0xEE,0x5E,0xFF,0xFF,0xD5,0x7D,0x59,0xEE,0x39,0xE7,0x39,0xE7,0x39,0xC7,0x39,0xC7,0x29,0x45,
0x00,0x00,0x00,0x00,0x00,0x00,0x00,0x00,0x00,0x00,0x00,0x00,0x00,0x00,0x00,0x00,0x00,0x00,0x00,0x00,0x00,0x00,0x00,0x00,0x00,0x00,0x00,0x00,0x00,0x00,0x00,0x00,
0x00,0x00,0x00,0x00,0x00,0x00,0x00,0x00,0x00,0x00,0x00,0x00,0x00,0x00,0x00,0x00,0x00,0x00,0x00,0x00,0x00,0x00,0x00,0x00,0x00,0x00,0x00,0x00,0x00,0x00,0x00,0x00,
0x39,0xE7,0x42,0x08,0x42,0x08,0x42,0x28,0x42,0x29,0x51,0x8E,0xD5,0x3C,0xFF,0xDF,0xEE,0x3E,0x8A,0xB6,0x61,0x90,0x59,0x4E,0x59,0x4E,0x51,0x4E,0x51,0x4E,0x51,0x2D,
0x51,0x2D,0x49,0x2D,0x49,0x2D,0x49,0x2D,0x49,0x0D,0x49,0x0D,0x49,0x2D,0x49,0x2D,0x49,0x0D,0x49,0x2D,0x49,0x2D,0x49,0x2D,0x49,0x2D,0x49,0x2D,0x49,0x2D,0x49,0x2D,
0x49,0x2D,0x49,0x2D,0x49,0x2D,0x49,0x2D,0x49,0x2D,0x49,0x2D,0x49,0x2D,0x49,0x2D,0x49,0x2D,0x49,0x2D,0x49,0x2D,0x49,0x2D,0x49,0x2D,0x49,0x2D,0x49,0x2D,0x49,0x2D,
0x49,0x2D,0x49,0x2D,0x49,0x2D,0x49,0x2D,0x49,0x2D,0x49,0x2D,0x49,0x2D,0x49,0x2D,0x49,0x2D,0x49,0x2D,0x49,0x2D,0x49,0x2D,0x49,0x2D,0x49,0x2D,0x49,0x2D,0x49,0x2D,
0x49,0x2D,0x49,0x2D,0x49,0x2D,0x49,0x2D,0x49,0x2D,0x49,0x2D,0x49,0x2D,0x49,0x2D,0x49,0x0D,0x52,0x0E,0x5A,0x0E,0x49,0x0D,0x49,0x4D,0x49,0x2D,0x49,0x2D,0x49,0x2D,
0x49,0x2D,0x49,0x2D,0x49,0x2D,0x49,0x2D,0x49,0x2D,0x49,0x2D,0x49,0x2D,0x49,0x2D,0x49,0x2D,0x49,0x2D,0x49,0x2D,0x49,0x2D,0x49,0x2D,0x49,0x2D,0x49,0x2D,0x49,0x2D,
0x41,0x0C,0x5A,0x2F,0x51,0xCE,0x49,0x0D,0x49,0x4D,0x49,0x2D,0x49,0x2D,0x51,0x4D,0x51,0x4D,0x51,0x2D,0x51,0x4D,0x62,0x4F,0x49,0x4D,0x49,0x2D,0x51,0x4D,0x51,0x2D,
0x51,0x2D,0x51,0x4D,0x51,0x4D,0x51,0x4D,0x51,0x2D,0x51,0x4D,0x51,0x4D,0x51,0x4D,0x51,0x4D,0x51,0x4D,0x51,0x4D,0x51,0x4D,0x51,0x4D,0x51,0x4E,0x51,0x4E,0x51,0x6E,
0x51,0x6E,0x51,0x6E,0x59,0x6E,0x61,0x6E,0x69,0x70,0x79,0x72,0xCB,0xBA,0x91,0x73,0xB3,0x37,0xBA,0xF7,0x9A,0x13,0xCC,0x9A,0x72,0x53,0x95,0x5A,0x65,0x17,0x4C,0x74,
0x7E,0x1A,0x24,0x33,0x6D,0xF9,0x3C,0x75,0x54,0xD6,0x85,0x3A,0x4A,0xD6,0x94,0x5A,0x6A,0x36,0x93,0x59,0xA2,0xD7,0x9A,0x14,0xCB,0x97,0x99,0x4F,0xCB,0x76,0x91,0xAF,
0x71,0x4E,0x61,0x6E,0x59,0x4E,0x51,0x4D,0x51,0x4D,0x51,0x2D,0x51,0x2D,0x51,0x2D,0x51,0x2D,0x51,0x2D,0x49,0x2D,0x51,0x4D,0x51,0x2D,0x49,0x2D,0x49,0x2D,0x49,0x2D,
0x49,0x2D,0x49,0x2D,0x49,0x2D,0x49,0x2D,0x49,0x2D,0x49,0x2D,0x49,0x2D,0x49,0x2D,0x49,0x2D,0x49,0x0D,0x5A,0x0E,0x51,0xAE,0x49,0x0D,0x49,0x2D,0x51,0x2D,0x51,0x2D,
0x6A,0x10,0x61,0xF0,0x72,0x31,0x7A,0x71,0x59,0x8E,0x61,0xF0,0x59,0xAF,0x51,0x2D,0x49,0x2D,0x49,0x2D,0x49,0x0D,0x49,0x2D,0x49,0x2D,0x49,0x2D,0x49,0x2D,0x49,0x0D,
0x61,0xEF,0x49,0x2D,0x49,0x2D,0x49,0x2D,0x49,0x2D,0x49,0x2D,0x49,0x2D,0x49,0x2D,0x49,0x2D,0x49,0x2D,0x49,0x2D,0x49,0x2D,0x49,0x2D,0x49,0x2D,0x49,0x2D,0x49,0x2D,
0x49,0x2D,0x5A,0x6F,0x49,0x4D,0x49,0x2D,0x49,0x2D,0x49,0x2D,0x49,0x2D,0x49,0x2D,0x49,0x2D,0x49,0x2D,0x49,0x2D,0x49,0x2D,0x49,0x2D,0x49,0x2D,0x49,0x2D,0x49,0x2D,
0x49,0x2D,0x49,0x2D,0x49,0x2D,0x49,0x2D,0x49,0x2D,0x49,0x2D,0x49,0x2D,0x49,0x2D,0x49,0x2D,0x49,0x2D,0x49,0x2D,0x49,0x2D,0x49,0x2D,0x49,0x2D,0x49,0x2D,0x49,0x2D,
0x49,0x2D,0x49,0x2D,0x49,0x2D,0x49,0x2D,0x49,0x2D,0x49,0x2D,0x49,0x2D,0x49,0x2D,0x49,0x2D,0x49,0x2D,0x49,0x2D,0x49,0x2D,0x49,0x2D,0x49,0x2D,0x49,0x2D,0x49,0x2D,
0x51,0x2D,0x51,0x4E,0x51,0x4E,0x59,0x4E,0x59,0x4F,0x61,0xB1,0x8A,0xD7,0xEE,0x5E,0xFF,0xFF,0xD5,0x7D,0x59,0xEE,0x39,0xE7,0x39,0xE7,0x39,0xC7,0x39,0xE7,0x29,0x65,
0x00,0x00,0x00,0x00,0x00,0x00,0x00,0x00,0x00,0x00,0x00,0x00,0x00,0x00,0x00,0x00,0x00,0x00,0x00,0x00,0x00,0x00,0x00,0x00,0x00,0x00,0x00,0x00,0x00,0x00,0x00,0x00,
0x00,0x00,0x00,0x00,0x00,0x00,0x00,0x00,0x00,0x00,0x00,0x00,0x00,0x00,0x00,0x00,0x00,0x00,0x00,0x00,0x00,0x00,0x00,0x00,0x00,0x00,0x00,0x00,0x00,0x00,0x00,0x00,
0x39,0xE7,0x42,0x08,0x42,0x08,0x42,0x28,0x42,0x28,0x51,0x8D,0xCD,0x3C,0xFF,0xDF,0xEE,0x3E,0x8A,0xB6,0x69,0x90,0x59,0x4E,0x59,0x4E,0x51,0x4E,0x51,0x4E,0x51,0x2D,
0x51,0x2D,0x51,0x2D,0x51,0x2D,0x51,0x2D,0x49,0x2D,0x51,0x2D,0x49,0x2D,0x49,0x2D,0x49,0x2D,0x49,0x2D,0x49,0x2D,0x49,0x2D,0x49,0x2D,0x49,0x2D,0x49,0x2D,0x51,0x2D,
0x49,0x2D,0x51,0x2D,0x51,0x2D,0x49,0x2D,0x51,0x2D,0x51,0x4D,0x51,0x2D,0x51,0x2D,0x49,0x4D,0x51,0x2D,0x49,0x2D,0x49,0x2D,0x51,0x2D,0x49,0x2D,0x49,0x2D,0x49,0x2D,
0x49,0x2D,0x49,0x2D,0x49,0x2D,0x49,0x2D,0x49,0x2D,0x49,0x2D,0x49,0x2D,0x49,0x2D,0x49,0x2D,0x49,0x2D,0x49,0x2D,0x49,0x2D,0x49,0x2D,0x49,0x2D,0x49,0x2D,0x49,0x2D,
0x49,0x2D,0x49,0x2D,0x51,0x2D,0x49,0x2D,0x49,0x2D,0x49,0x2D,0x49,0x2D,0x51,0x4D,0x49,0x0D,0x52,0x0E,0x5A,0x0E,0x49,0x0D,0x49,0x4D,0x51,0x2D,0x49,0x2D,0x49,0x2D,
0x49,0x2D,0x49,0x2D,0x49,0x2D,0x49,0x2D,0x49,0x2D,0x49,0x2D,0x49,0x2D,0x49,0x2D,0x49,0x2D,0x49,0x2D,0x49,0x2D,0x49,0x2D,0x49,0x2D,0x49,0x2D,0x49,0x2D,0x49,0x4D,
0x49,0x0D,0x62,0x2F,0x59,0xCE,0x49,0x2D,0x51,0x4D,0x51,0x4D,0x51,0x4D,0x51,0x4D,0x51,0x4D,0x51,0x4D,0x51,0x4D,0x62,0x6F,0x51,0x4D,0x51,0x4D,0x51,0x2D,0x51,0x4D,
0x51,0x4D,0x51,0x4D,0x51,0x4D,0x51,0x4D,0x51,0x4D,0x51,0x4D,0x51,0x4D,0x51,0x4D,0x51,0x4D,0x51,0x4D,0x51,0x4E,0x51,0x4D,0x59,0x6E,0x59,0x6E,0x59,0x6E,0x59,0x6E,
0x59,0x6E,0x59,0x6E,0x59,0x6E,0x61,0x8E,0x69,0x90,0x79,0x72,0xCB,0xBA,0x99,0x93,0xBB,0x37,0xBA,0xF7,0x9A,0x34,0xCC,0x9A,0x7A,0x73,0x9D,0x5A,0x65,0x17,0x4C,0x74,
0x7E,0x3A,0x2C,0x33,0x75,0xF9,0x44,0x95,0x54,0xF7,0x85,0x3A,0x4A,0xD6,0x94,0x5B,0x72,0x56,0x93,0x79,0xA2,0xD7,0x9A,0x34,0xCB,0xB7,0x99,0x6F,0xCB,0x76,0x91,0xAF,
0x79,0x6E,0x61,0x6E,0x59,0x4E,0x59,0x4D,0x51,0x4D,0x51,0x4D,0x51,0x4D,0x51,0x4D,0x51,0x4D,0x51,0x2D,0x51,0x2D,0x51,0x2D,0x49,0x2D,0x51,0x2D,0x49,0x2D,0x49,0x2D,
0x49,0x2D,0x49,0x2D,0x49,0x2D,0x49,0x2D,0x49,0x2D,0x49,0x2D,0x49,0x2D,0x49,0x2D,0x49,0x2D,0x49,0x0D,0x5A,0x0E,0x51,0xAE,0x49,0x0D,0x51,0x4D,0x51,0x4D,0x51,0x4E,
0x51,0x4E,0x51,0x4E,0x59,0x8F,0x59,0x8E,0x51,0x6E,0x51,0x4E,0x59,0xAF,0x51,0x4D,0x51,0x2D,0x51,0x2D,0x49,0x2D,0x49,0x2D,0x49,0x2D,0x49,0x2D,0x49,0x2D,0x49,0x2D,
0x61,0xEF,0x51,0x4D,0x49,0x2D,0x49,0x2D,0x49,0x2D,0x49,0x2D,0x49,0x2D,0x49,0x2D,0x49,0x2D,0x49,0x2D,0x49,0x2D,0x49,0x2D,0x49,0x2D,0x49,0x2D,0x49,0x2D,0x49,0x2D,
0x49,0x4D,0x5A,0x6F,0x49,0x4D,0x49,0x2D,0x49,0x2D,0x49,0x2D,0x49,0x2D,0x49,0x2D,0x49,0x2D,0x49,0x2D,0x49,0x2D,0x49,0x2D,0x49,0x2D,0x49,0x2D,0x49,0x2D,0x49,0x2D,
0x49,0x2D,0x49,0x2D,0x49,0x2D,0x49,0x2D,0x49,0x2D,0x49,0x2D,0x49,0x2D,0x49,0x2D,0x49,0x2D,0x49,0x2D,0x49,0x2D,0x49,0x2D,0x49,0x2D,0x49,0x2D,0x49,0x2D,0x49,0x2D,
0x49,0x2D,0x49,0x2D,0x49,0x2D,0x49,0x2D,0x49,0x2D,0x49,0x2D,0x49,0x2D,0x49,0x2D,0x49,0x2D,0x49,0x2D,0x49,0x2D,0x49,0x2D,0x49,0x2D,0x49,0x2D,0x51,0x2D,0x51,0x2D,
0x51,0x4E,0x51,0x4E,0x51,0x4E,0x59,0x4F,0x59,0x4F,0x61,0xB1,0x8A,0xD7,0xEE,0x5E,0xFF,0xFF,0xDD,0x9D,0x59,0xEF,0x39,0xE7,0x39,0xE7,0x39,0xC7,0x39,0xE7,0x29,0x65,
0x00,0x00,0x00,0x00,0x00,0x00,0x00,0x00,0x00,0x00,0x00,0x00,0x00,0x00,0x00,0x00,0x00,0x00,0x00,0x00,0x00,0x00,0x00,0x00,0x00,0x00,0x00,0x00,0x00,0x00,0x00,0x00,
0x00,0x00,0x00,0x00,0x00,0x00,0x00,0x00,0x00,0x00,0x00,0x00,0x00,0x00,0x00,0x00,0x00,0x00,0x00,0x00,0x00,0x00,0x00,0x00,0x00,0x00,0x00,0x00,0x00,0x00,0x00,0x00,
0x39,0xE7,0x42,0x08,0x42,0x08,0x42,0x28,0x42,0x28,0x51,0x8D,0xD5,0x3C,0xFF,0xDF,0xEE,0x3E,0x8A,0xB6,0x61,0x90,0x59,0x4E,0x59,0x4F,0x59,0x4E,0x51,0x4E,0x51,0x2E,
0x51,0x2D,0x51,0x2D,0x51,0x2D,0x51,0x2D,0x51,0x2D,0x51,0x2D,0x51,0x2D,0x51,0x2D,0x51,0x2D,0x51,0x2D,0x51,0x2D,0x51,0x2D,0x51,0x2D,0x51,0x2D,0x51,0x2D,0x51,0x4D,
0x51,0x4D,0x51,0x4D,0x51,0x4D,0x51,0x4D,0x51,0x4D,0x51,0x4D,0x51,0x4D,0x51,0x4D,0x51,0x4D,0x51,0x4D,0x51,0x2D,0x51,0x2D,0x51,0x4D,0x51,0x4D,0x51,0x4E,0x51,0x2D,
0x51,0x2D,0x51,0x2D,0x51,0x2D,0x51,0x2D,0x51,0x2D,0x51,0x2D,0x51,0x2D,0x51,0x2D,0x51,0x2D,0x51,0x2D,0x51,0x2D,0x51,0x2D,0x51,0x2D,0x51,0x2D,0x51,0x2D,0x51,0x2D,
0x51,0x2D,0x51,0x2D,0x51,0x2D,0x51,0x2D,0x51,0x2D,0x51,0x2D,0x51,0x2D,0x51,0x4D,0x49,0x0D,0x5A,0x0E,0x5A,0x0E,0x49,0x2D,0x51,0x4D,0x51,0x2D,0x51,0x2D,0x51,0x2D,
0x51,0x2D,0x51,0x2D,0x51,0x2D,0x51,0x2D,0x51,0x2D,0x51,0x2D,0x49,0x2D,0x49,0x2D,0x51,0x2D,0x49,0x2D,0x49,0x2D,0x49,0x2D,0x51,0x2D,0x51,0x2D,0x49,0x2D,0x51,0x4D,
0x49,0x0D,0x62,0x2F,0x59,0xCE,0x51,0x2D,0x51,0x4E,0x51,0x4D,0x51,0x4D,0x51,0x4D,0x51,0x4D,0x51,0x4D,0x51,0x6D,0x62,0x6F,0x51,0x4D,0x51,0x4D,0x51,0x4D,0x51,0x4D,
0x51,0x4D,0x51,0x4D,0x51,0x4E,0x51,0x4D,0x51,0x4E,0x51,0x4D,0x51,0x4D,0x51,0x4E,0x51,0x4D,0x59,0x4E,0x59,0x6E,0x59,0x6D,0x59,0x6D,0x59,0x6E,0x59,0x6E,0x59,0x6E,
0x59,0x6E,0x61,0x6E,0x61,0x8E,0x61,0x8F,0x71,0x90,0x81,0x92,0xCB,0xBA,0x99,0x93,0xBB,0x37,0xBB,0x17,0xA2,0x34,0xCC,0x9A,0x7A,0x93,0x9D,0x7A,0x65,0x37,0x4C,0x74,
0x86,0x3A,0x2C,0x33,0x76,0x19,0x44,0x95,0x54,0xF7,0x85,0x5A,0x4A,0xF6,0x94,0x5B,0x72,0x56,0x9B,0x79,0xA2,0xF7,0x9A,0x34,0xCB,0xB7,0x99,0x8F,0xCB,0x96,0x91,0xD0,
0x79,0x6E,0x69,0x6E,0x61,0x6E,0x59,0x4E,0x59,0x6D,0x59,0x4D,0x59,0x4D,0x51,0x4D,0x51,0x4D,0x51,0x4D,0x51,0x2D,0x51,0x4D,0x51,0x2D,0x51,0x2D,0x51,0x2D,0x51,0x2D,
0x51,0x2D,0x51,0x2D,0x51,0x2D,0x51,0x2D,0x51,0x2D,0x51,0x2D,0x49,0x2D,0x49,0x4D,0x51,0x4D,0x49,0x0D,0x5A,0x0E,0x51,0xAE,0x49,0x2D,0x51,0x4D,0x51,0x4D,0x51,0x4E,
0x51,0x6E,0x51,0x4E,0x51,0x4E,0x51,0x4E,0x51,0x4E,0x51,0x6E,0x51,0x2D,0x51,0x4D,0x51,0x2D,0x51,0x2D,0x51,0x2D,0x51,0x2D,0x51,0x2D,0x51,0x2D,0x51,0x2D,0x49,0x2D,
0x61,0xEF,0x51,0x4D,0x49,0x2D,0x49,0x2D,0x49,0x2D,0x49,0x2D,0x49,0x2D,0x49,0x2D,0x49,0x2D,0x49,0x2D,0x49,0x2D,0x49,0x2D,0x49,0x2D,0x49,0x2D,0x49,0x2D,0x49,0x2D,
0x49,0x2D,0x5A,0x6F,0x49,0x4D,0x49,0x2D,0x49,0x2D,0x49,0x2D,0x49,0x2D,0x49,0x2D,0x49,0x2D,0x49,0x2D,0x49,0x2D,0x49,0x2D,0x49,0x2D,0x49,0x2D,0x49,0x2D,0x49,0x2D,
0x49,0x2D,0x49,0x2D,0x49,0x2D,0x49,0x2D,0x49,0x2D,0x49,0x2D,0x49,0x2D,0x49,0x2D,0x49,0x2D,0x51,0x2D,0x51,0x2D,0x51,0x2E,0x51,0x2D,0x51,0x2D,0x51,0x2D,0x51,0x2D,
0x51,0x4D,0x51,0x2D,0x51,0x2D,0x51,0x2D,0x51,0x2D,0x51,0x2D,0x51,0x2D,0x51,0x2D,0x51,0x2D,0x51,0x2D,0x49,0x2D,0x51,0x2D,0x51,0x2D,0x51,0x2D,0x51,0x4D,0x51,0x4E,
0x51,0x4E,0x51,0x4E,0x59,0x4E,0x59,0x4F,0x59,0x4F,0x69,0xB1,0x8A,0xD7,0xEE,0x5E,0xFF,0xFF,0xDD,0x7D,0x59,0xEE,0x39,0xE7,0x39,0xE7,0x39,0xC7,0x39,0xE7,0x29,0x65,
0x00,0x00,0x00,0x00,0x00,0x00,0x00,0x00,0x00,0x00,0x00,0x00,0x00,0x00,0x00,0x00,0x00,0x00,0x00,0x00,0x00,0x00,0x00,0x00,0x00,0x00,0x00,0x00,0x00,0x00,0x00,0x00,
0x00,0x00,0x00,0x00,0x00,0x00,0x00,0x00,0x00,0x00,0x00,0x00,0x00,0x00,0x00,0x00,0x00,0x00,0x00,0x00,0x00,0x00,0x00,0x00,0x00,0x00,0x00,0x00,0x00,0x00,0x00,0x00,
0x39,0xE7,0x42,0x08,0x42,0x07,0x42,0x28,0x42,0x28,0x51,0x8E,0xCD,0x3C,0xFF,0xDF,0xEE,0x3E,0x8A,0xB6,0x69,0xB1,0x59,0x4F,0x59,0x4F,0x59,0x4E,0x59,0x4E,0x51,0x2E,
0x51,0x2E,0x51,0x2D,0x51,0x2D,0x51,0x2D,0x51,0x2D,0x51,0x2D,0x51,0x2D,0x51,0x2D,0x51,0x2D,0x51,0x2D,0x51,0x2D,0x51,0x2D,0x51,0x2D,0x51,0x2D,0x51,0x2D,0x51,0x2D,
0x51,0x4D,0x51,0x2D,0x51,0x4D,0x51,0x4E,0x51,0x2E,0x51,0x4E,0x51,0x4E,0x51,0x2D,0x51,0x2D,0x51,0x4E,0x51,0x4E,0x51,0x2E,0x51,0x2D,0x51,0x4E,0x51,0x4E,0x51,0x4E,
0x51,0x2E,0x51,0x2D,0x51,0x2D,0x51,0x4D,0x51,0x4D,0x51,0x4D,0x51,0x4D,0x51,0x4D,0x51,0x4E,0x51,0x4D,0x51,0x4D,0x51,0x4E,0x51,0x2D,0x51,0x2D,0x51,0x4D,0x51,0x2D,
0x51,0x4D,0x51,0x2D,0x51,0x2D,0x51,0x2D,0x51,0x2D,0x51,0x2D,0x51,0x2E,0x51,0x4D,0x49,0x2D,0x5A,0x2E,0x5A,0x2E,0x49,0x2D,0x51,0x4D,0x51,0x4E,0x51,0x4D,0x51,0x4D,
0x51,0x2D,0x51,0x4D,0x51,0x2D,0x51,0x2D,0x51,0x2D,0x51,0x2D,0x51,0x2D,0x51,0x2D,0x51,0x2D,0x51,0x2D,0x51,0x2D,0x51,0x2D,0x51,0x2D,0x51,0x2D,0x51,0x2D,0x51,0x4D,
0x49,0x0D,0x62,0x2F,0x59,0xEF,0x51,0x2D,0x51,0x4E,0x51,0x4E,0x51,0x4E,0x51,0x4E,0x51,0x4D,0x51,0x4D,0x51,0x4D,0x62,0x6F,0x51,0x4D,0x51,0x4D,0x51,0x4E,0x51,0x4D,
0x51,0x4E,0x59,0x4E,0x51,0x4E,0x51,0x4D,0x51,0x6E,0x59,0x4E,0x59,0x6E,0x59,0x6E,0x59,0x6E,0x59,0x6E,0x59,0x6E,0x59,0x6E,0x59,0x6E,0x59,0x8E,0x59,0x6E,0x61,0x6E,
0x61,0x8E,0x61,0x8E,0x61,0x8E,0x69,0xAF,0x71,0x90,0x81,0x92,0xCB,0xBA,0x99,0xB3,0xBB,0x37,0xBB,0x17,0xA2,0x54,0xD4,0xBA,0x7A,0x93,0x9D,0x7A,0x65,0x37,0x54,0x95,
0x86,0x3A,0x2C,0x53,0x76,0x19,0x44,0x95,0x54,0xF7,0x85,0x5A,0x52,0xF6,0x9C,0x7B,0x7A,0x76,0x9B,0x99,0xAA,0xF7,0xA2,0x54,0xCB,0xB7,0xA1,0x8F,0xCB,0xB6,0x99,0xD0,
0x79,0x8E,0x69,0x8E,0x61,0x6E,0x61,0x6E,0x59,0x6E,0x59,0x6D,0x59,0x6D,0x59,0x6D,0x59,0x4D,0x59,0x4D,0x51,0x4D,0x51,0x4D,0x51,0x4D,0x51,0x2D,0x51,0x2D,0x51,0x4D,
0x51,0x2D,0x51,0x2D,0x51,0x2D,0x51,0x2D,0x51,0x2D,0x51,0x2D,0x51,0x2D,0x51,0x2D,0x51,0x4D,0x49,0x0D,0x5A,0x0E,0x59,0xCE,0x51,0x2D,0x51,0x4E,0x51,0x4E,0x51,0x4E,
0x51,0x4E,0x51,0x4E,0x51,0x4E,0x51,0x4E,0x51,0x4E,0x51,0x4E,0x51,0x4E,0x51,0x4D,0x51,0x4D,0x51,0x2D,0x51,0x2D,0x51,0x2D,0x51,0x2D,0x51,0x2D,0x51,0x2E,0x49,0x0D,
0x61,0xCF,0x51,0x4D,0x51,0x2D,0x51,0x2D,0x51,0x4D,0x49,0x2D,0x51,0x2D,0x51,0x2D,0x51,0x2D,0x51,0x2D,0x49,0x2D,0x51,0x2D,0x51,0x2D,0x51,0x2D,0x51,0x2D,0x51,0x2D,
0x49,0x2D,0x5A,0x6F,0x49,0x4D,0x51,0x2D,0x51,0x2D,0x51,0x2D,0x51,0x2D,0x49,0x2D,0x49,0x2D,0x51,0x2D,0x51,0x2D,0x49,0x2D,0x49,0x2D,0x49,0x2D,0x51,0x2D,0x51,0x2D,
0x49,0x2D,0x51,0x2D,0x51,0x2D,0x51,0x2D,0x51,0x2D,0x51,0x2D,0x51,0x2D,0x51,0x2D,0x51,0x2D,0x51,0x2D,0x51,0x2D,0x51,0x2E,0x51,0x4D,0x51,0x2D,0x51,0x2D,0x51,0x4D,
0x51,0x4D,0x51,0x4D,0x51,0x4D,0x51,0x4D,0x51,0x4D,0x51,0x4D,0x51,0x2D,0x51,0x4D,0x51,0x4D,0x51,0x2D,0x51,0x2D,0x51,0x2D,0x51,0x4D,0x51,0x2D,0x51,0x2D,0x51,0x4E,
0x51,0x4E,0x59,0x4E,0x59,0x4E,0x59,0x4F,0x59,0x4F,0x69,0xB1,0x8A,0xD7,0xEE,0x5E,0xFF,0xFF,0xDD,0x7D,0x59,0xEF,0x39,0xE7,0x39,0xE7,0x39,0xC7,0x39,0xE7,0x29,0x65,
0x00,0x00,0x00,0x00,0x00,0x00,0x00,0x00,0x00,0x00,0x00,0x00,0x00,0x00,0x00,0x00,0x00,0x00,0x00,0x00,0x00,0x00,0x00,0x00,0x00,0x00,0x00,0x00,0x00,0x00,0x00,0x00,
0x00,0x00,0x00,0x00,0x00,0x00,0x00,0x00,0x00,0x00,0x00,0x00,0x00,0x00,0x00,0x00,0x00,0x00,0x00,0x00,0x00,0x00,0x00,0x00,0x00,0x00,0x00,0x00,0x00,0x00,0x00,0x00,
0x39,0xE7,0x42,0x08,0x42,0x08,0x42,0x28,0x42,0x28,0x51,0x8E,0xD5,0x3C,0xFF,0xDF,0xEE,0x3E,0x8A,0xB6,0x69,0x91,0x61,0x4F,0x61,0x4F,0x59,0x4E,0x59,0x4E,0x59,0x2E,
0x51,0x2E,0x51,0x2E,0x51,0x2D,0x51,0x2E,0x51,0x2D,0x51,0x2D,0x51,0x2D,0x51,0x2E,0x51,0x2D,0x51,0x2E,0x51,0x2E,0x51,0x2D,0x51,0x2D,0x51,0x2D,0x51,0x2D,0x51,0x2D,
0x51,0x4D,0x51,0x4E,0x51,0x4E,0x51,0x4E,0x51,0x4E,0x51,0x4E,0x51,0x4E,0x51,0x4E,0x51,0x4E,0x51,0x4E,0x51,0x4E,0x51,0x4E,0x51,0x4E,0x51,0x4E,0x51,0x2E,0x51,0x4E,
0x51,0x4E,0x51,0x2E,0x51,0x4E,0x51,0x4E,0x51,0x4E,0x51,0x4E,0x51,0x4E,0x51,0x4D,0x51,0x4E,0x51,0x4E,0x51,0x4E,0x51,0x4E,0x51,0x4D,0x51,0x4E,0x51,0x2D,0x51,0x2D,
0x51,0x4E,0x51,0x2D,0x51,0x4E,0x51,0x2E,0x51,0x4E,0x51,0x4E,0x51,0x4E,0x51,0x4E,0x51,0x2D,0x5A,0x2E,0x5A,0x2E,0x51,0x2D,0x51,0x8E,0x51,0x4E,0x51,0x4E,0x51,0x4D,
0x51,0x4E,0x51,0x4E,0x51,0x4E,0x51,0x4D,0x51,0x4D,0x51,0x4D,0x51,0x2D,0x51,0x2E,0x51,0x2D,0x51,0x2D,0x51,0x2D,0x51,0x2D,0x51,0x2D,0x51,0x2D,0x51,0x2D,0x51,0x4E,
0x49,0x0D,0x62,0x2F,0x59,0xEF,0x51,0x2D,0x51,0x6E,0x51,0x4E,0x51,0x4E,0x51,0x4E,0x51,0x4E,0x51,0x4E,0x51,0x6D,0x6A,0x6F,0x51,0x4E,0x51,0x4E,0x59,0x4E,0x59,0x4E,
0x59,0x4E,0x59,0x6E,0x59,0x4E,0x59,0x6E,0x59,0x6E,0x59,0x6E,0x59,0x6E,0x59,0x6E,0x59,0x6E,0x59,0x6E,0x59,0x6E,0x59,0x8E,0x61,0x8E,0x61,0x8E,0x61,0x8E,0x61,0x8E,
0x61,0x8E,0x61,0x8E,0x61,0x8E,0x69,0xAF,0x71,0xB0,0x81,0xB2,0xCB,0xDA,0x99,0xB3,0xBB,0x37,0xBB,0x37,0xA2,0x74,0xD4,0xBA,0x82,0xB3,0x9D,0x7A,0x6D,0x37,0x54,0xB5,
0x86,0x3A,0x34,0x53,0x7E,0x19,0x44,0x96,0x5D,0x17,0x8D,0x5A,0x53,0x16,0x9C,0x7B,0x7A,0x76,0x9B,0x99,0xAB,0x17,0xA2,0x74,0xCB,0xD8,0xA1,0xB0,0xCB,0xB7,0x99,0xF0,
0x81,0x8E,0x71,0x8E,0x69,0x8E,0x61,0x6E,0x61,0x6E,0x59,0x6D,0x59,0x6D,0x59,0x6E,0x59,0x4D,0x59,0x4D,0x59,0x4D,0x59,0x4D,0x59,0x4D,0x59,0x4E,0x51,0x4D,0x51,0x4D,
0x51,0x4E,0x51,0x4D,0x51,0x4D,0x51,0x2D,0x51,0x2D,0x51,0x2D,0x51,0x2D,0x51,0x2D,0x51,0x2D,0x51,0x0D,0x62,0x0E,0x59,0xAE,0x51,0x2D,0x51,0x4E,0x51,0x4E,0x51,0x4E,
0x51,0x4E,0x51,0x4E,0x51,0x4E,0x51,0x4E,0x51,0x4E,0x51,0x4E,0x51,0x2E,0x51,0x4E,0x51,0x4E,0x51,0x2E,0x51,0x2E,0x51,0x2E,0x51,0x2D,0x51,0x2D,0x51,0x2E,0x49,0x2E,
0x61,0xEF,0x51,0x4E,0x51,0x2E,0x51,0x2D,0x51,0x2E,0x51,0x2D,0x51,0x2D,0x51,0x2D,0x51,0x2D,0x51,0x2D,0x51,0x2D,0x51,0x4D,0x51,0x2D,0x51,0x2D,0x51,0x4D,0x51,0x2D,
0x51,0x4D,0x5A,0x6F,0x49,0x4D,0x51,0x2D,0x51,0x2D,0x51,0x2D,0x51,0x2D,0x51,0x2D,0x51,0x2D,0x51,0x2D,0x51,0x2D,0x51,0x2D,0x51,0x2D,0x51,0x4D,0x51,0x4D,0x51,0x4D,
0x51,0x4D,0x51,0x2D,0x51,0x2D,0x51,0x2D,0x51,0x4D,0x51,0x2E,0x51,0x2D,0x51,0x4D,0x51,0x4D,0x51,0x4E,0x51,0x2E,0x51,0x4E,0x51,0x4E,0x51,0x4E,0x51,0x4E,0x51,0x4E,
0x51,0x4E,0x51,0x4E,0x51,0x4E,0x51,0x4E,0x51,0x4E,0x51,0x4E,0x51,0x4E,0x51,0x4E,0x51,0x4E,0x51,0x4E,0x51,0x2E,0x51,0x2E,0x51,0x4E,0x51,0x2E,0x51,0x2E,0x51,0x4E,
0x51,0x4E,0x59,0x4E,0x59,0x4E,0x61,0x6F,0x61,0x4F,0x69,0xB1,0x8A,0xD7,0xEE,0x5E,0xFF,0xFF,0xD5,0x9D,0x59,0xEE,0x39,0xE7,0x39,0xE7,0x39,0xC7,0x39,0xE7,0x29,0x65,
0x00,0x00,0x00,0x00,0x00,0x00,0x00,0x00,0x00,0x00,0x00,0x00,0x00,0x00,0x00,0x00,0x00,0x00,0x00,0x00,0x00,0x00,0x00,0x00,0x00,0x00,0x00,0x00,0x00,0x00,0x00,0x00,
0x00,0x00,0x00,0x00,0x00,0x00,0x00,0x00,0x00,0x00,0x00,0x00,0x00,0x00,0x00,0x00,0x00,0x00,0x00,0x00,0x00,0x00,0x00,0x00,0x00,0x00,0x00,0x00,0x00,0x00,0x00,0x00,
0x39,0xE7,0x42,0x08,0x42,0x08,0x42,0x28,0x42,0x29,0x51,0x8D,0xD5,0x3C,0xFF,0xDF,0xEE,0x3E,0x8A,0xB6,0x69,0xB1,0x61,0x6F,0x61,0x6F,0x59,0x4E,0x59,0x4E,0x59,0x4E,
0x59,0x4E,0x51,0x2E,0x51,0x2E,0x51,0x2E,0x51,0x2E,0x51,0x2E,0x51,0x2E,0x51,0x2E,0x51,0x2E,0x51,0x2E,0x51,0x2E,0x51,0x2E,0x51,0x4E,0x51,0x2E,0x51,0x4E,0x51,0x4E,
0x51,0x4E,0x51,0x4E,0x51,0x4E,0x51,0x4E,0x51,0x4E,0x51,0x4E,0x51,0x4E,0x51,0x4E,0x51,0x4E,0x51,0x4E,0x51,0x4E,0x51,0x4E,0x51,0x4E,0x51,0x4E,0x51,0x4E,0x51,0x4E,
0x51,0x4E,0x59,0x6E,0x51,0x4E,0x51,0x4E,0x51,0x4E,0x51,0x4E,0x51,0x4E,0x51,0x4E,0x51,0x4E,0x51,0x4E,0x51,0x4E,0x51,0x4E,0x51,0x4E,0x51,0x4E,0x51,0x2E,0x51,0x2E,
0x51,0x2E,0x51,0x4E,0x51,0x4E,0x51,0x4E,0x51,0x4E,0x51,0x4E,0x51,0x4E,0x51,0x4E,0x51,0x2D,0x5A,0x2E,0x62,0x2F,0x51,0x2E,0x59,0xAF,0x51,0x4E,0x51,0x4E,0x51,0x4E,
0x51,0x4E,0x51,0x4E,0x51,0x4E,0x51,0x2E,0x51,0x2E,0x51,0x2E,0x51,0x2E,0x51,0x2E,0x51,0x2E,0x51,0x2E,0x51,0x2E,0x51,0x2D,0x51,0x2E,0x51,0x2D,0x51,0x4D,0x51,0x4E,
0x49,0x2D,0x62,0x2F,0x59,0xEF,0x51,0x2D,0x59,0x4E,0x59,0x4E,0x59,0x4E,0x59,0x4E,0x59,0x4E,0x59,0x4E,0x51,0x6E,0x6A,0x6F,0x59,0x4D,0x59,0x4E,0x59,0x6E,0x59,0x4E,
0x59,0x6E,0x59,0x6E,0x59,0x6E,0x59,0x6E,0x59,0x6E,0x59,0x6E,0x59,0x6E,0x59,0x6E,0x61,0x6E,0x61,0x6E,0x61,0x6E,0x61,0x8E,0x61,0x8E,0x61,0x8E,0x61,0x8E,0x61,0xAE,
0x61,0xAE,0x69,0xAE,0x69,0xAF,0x71,0xCF,0x79,0xD0,0x81,0xB2,0xCB,0xDA,0x99,0xD3,0xBB,0x57,0xBB,0x37,0xAA,0x74,0xD4,0xBA,0x82,0xB3,0xA5,0x5A,0x6D,0x37,0x5C,0xB5,
0x86,0x3A,0x34,0x73,0x7E,0x3A,0x4C,0xB6,0x5D,0x17,0x8D,0x7A,0x5B,0x17,0x9C,0x7B,0x7A,0x96,0x9B,0xB9,0xAB,0x37,0xA2,0x74,0xCB,0xD7,0xA1,0xB0,0xCB,0xD7,0xA2,0x10,
0x81,0xAE,0x71,0xAE,0x69,0x8E,0x61,0x8E,0x61,0x8E,0x61,0x6E,0x59,0x6E,0x59,0x6E,0x59,0x6E,0x59,0x6D,0x59,0x6D,0x59,0x4D,0x59,0x4D,0x59,0x4D,0x59,0x4D,0x59,0x4E,
0x59,0x4E,0x51,0x4D,0x59,0x4E,0x51,0x4E,0x51,0x2E,0x51,0x2E,0x51,0x2D,0x51,0x4E,0x51,0x4E,0x51,0x0D,0x62,0x2F,0x59,0xAE,0x51,0x2D,0x51,0x4E,0x51,0x4E,0x51,0x4E,
0x51,0x4E,0x51,0x4E,0x51,0x4E,0x51,0x2E,0x51,0x4E,0x51,0x4E,0x51,0x2E,0x51,0x2E,0x51,0x2E,0x51,0x2E,0x51,0x2E,0x51,0x2E,0x51,0x2E,0x51,0x2E,0x51,0x2E,0x51,0x2E,
0x69,0xEF,0x51,0x4E,0x51,0x2E,0x51,0x4D,0x51,0x2D,0x51,0x2D,0x51,0x4D,0x51,0x2D,0x51,0x2D,0x51,0x2D,0x51,0x2D,0x51,0x2D,0x51,0x2D,0x51,0x2D,0x51,0x2D,0x51,0x2E,
0x51,0x4D,0x62,0x8F,0x51,0x4D,0x51,0x2E,0x51,0x2E,0x51,0x2E,0x51,0x2D,0x51,0x2D,0x51,0x2D,0x51,0x2D,0x51,0x2D,0x51,0x2D,0x51,0x2D,0x51,0x2D,0x51,0x2D,0x51,0x2D,
0x51,0x4E,0x51,0x4E,0x51,0x2E,0x51,0x2E,0x51,0x2E,0x51,0x2E,0x51,0x4E,0x51,0x4E,0x51,0x4E,0x51,0x4E,0x51,0x4E,0x51,0x2E,0x51,0x2E,0x51,0x4E,0x51,0x4E,0x51,0x4E,
0x51,0x4E,0x51,0x4E,0x51,0x4E,0x51,0x4E,0x51,0x4E,0x51,0x4E,0x51,0x4E,0x51,0x4E,0x51,0x4E,0x51,0x4E,0x51,0x4E,0x51,0x4E,0x51,0x2E,0x51,0x4E,0x51,0x4E,0x51,0x4E,
0x51,0x4E,0x59,0x4E,0x59,0x4E,0x61,0x6F,0x61,0x6F,0x69,0xB1,0x8A,0xB7,0xEE,0x5E,0xFF,0xFF,0xDD,0x9D,0x59,0xEE,0x39,0xE8,0x39,0xE7,0x39,0xC7,0x39,0xE7,0x29,0x65,
0x00,0x00,0x00,0x00,0x00,0x00,0x00,0x00,0x00,0x00,0x00,0x00,0x00,0x00,0x00,0x00,0x00,0x00,0x00,0x00,0x00,0x00,0x00,0x00,0x00,0x00,0x00,0x00,0x00,0x00,0x00,0x00,
0x00,0x00,0x00,0x00,0x00,0x00,0x00,0x00,0x00,0x00,0x00,0x00,0x00,0x00,0x00,0x00,0x00,0x00,0x00,0x00,0x00,0x00,0x00,0x00,0x00,0x00,0x00,0x00,0x00,0x00,0x00,0x00,
0x39,0xE7,0x42,0x08,0x42,0x07,0x42,0x28,0x42,0x28,0x51,0x8E,0xD5,0x3C,0xFF,0xDF,0xEE,0x3E,0x8A,0xB6,0x69,0xB1,0x61,0x6F,0x61,0x6F,0x59,0x4F,0x59,0x4E,0x59,0x4E,
0x59,0x2E,0x59,0x4E,0x51,0x4E,0x51,0x2E,0x51,0x2E,0x51,0x2E,0x51,0x2E,0x59,0x2E,0x59,0x4E,0x59,0x4E,0x59,0x4E,0x59,0x4E,0x51,0x4E,0x51,0x4E,0x59,0x4E,0x59,0x4E,
0x59,0x4E,0x59,0x4E,0x59,0x4E,0x59,0x4E,0x59,0x4E,0x59,0x4E,0x59,0x4E,0x59,0x4E,0x59,0x4E,0x59,0x4E,0x59,0x4E,0x59,0x4E,0x59,0x4E,0x59,0x4E,0x59,0x4E,0x59,0x4E,
0x59,0x4E,0x51,0x4E,0x51,0x4E,0x59,0x4E,0x59,0x6E,0x59,0x4E,0x51,0x4E,0x51,0x4E,0x59,0x4E,0x59,0x4E,0x59,0x4E,0x51,0x4E,0x51,0x4E,0x51,0x4E,0x51,0x4E,0x51,0x4E,
0x51,0x4E,0x59,0x4E,0x51,0x4E,0x59,0x4E,0x51,0x4E,0x59,0x4E,0x51,0x4E,0x59,0x4E,0x51,0x2E,0x5A,0x2E,0x62,0x2F,0x51,0x2E,0x51,0x6E,0x51,0x4E,0x51,0x4E,0x51,0x4E,
0x51,0x4E,0x51,0x4E,0x51,0x4E,0x51,0x4E,0x51,0x4E,0x51,0x4E,0x51,0x4E,0x51,0x4E,0x51,0x4E,0x51,0x4E,0x51,0x2E,0x51,0x4E,0x51,0x4E,0x51,0x4E,0x51,0x4E,0x51,0x4E,
0x51,0x2D,0x62,0x30,0x61,0xEF,0x51,0x2E,0x59,0x6E,0x59,0x4E,0x59,0x6E,0x59,0x6E,0x59,0x6E,0x59,0x4E,0x59,0x6E,0x6A,0x6F,0x59,0x6E,0x59,0x4E,0x59,0x6E,0x59,0x6E,
0x59,0x6E,0x59,0x6E,0x59,0x6E,0x59,0x6E,0x61,0x6E,0x61,0x6E,0x61,0x8E,0x61,0x8E,0x61,0x8E,0x61,0x8E,0x61,0x8E,0x61,0x8E,0x61,0x8E,0x69,0xAE,0x69,0xAE,0x69,0xAE,
0x69,0xAE,0x69,0xAF,0x69,0xCF,0x71,0xCF,0x79,0xD1,0x89,0xD2,0xCB,0xDA,0xA1,0xD4,0xBB,0x57,0xC3,0x37,0xAA,0x94,0xD4,0xDA,0x8A,0xD3,0xA5,0x7A,0x75,0x57,0x5C,0xD5,
0x8E,0x5A,0x3C,0x74,0x7E,0x3A,0x4C,0xD6,0x65,0x37,0x8D,0x7A,0x5B,0x37,0x9C,0x7B,0x82,0x96,0xA3,0xB9,0xAB,0x37,0xA2,0x94,0xCB,0xD8,0xA1,0xD0,0xCB,0xD7,0xA2,0x10,
0x89,0xAE,0x79,0xAE,0x69,0xAE,0x69,0x8E,0x61,0x8E,0x61,0x8E,0x61,0x8E,0x61,0x6E,0x61,0x6E,0x61,0x6E,0x59,0x6D,0x59,0x6E,0x59,0x6E,0x59,0x6E,0x59,0x4D,0x59,0x4E,
0x59,0x4E,0x59,0x4E,0x59,0x4D,0x59,0x4E,0x51,0x4E,0x59,0x4E,0x51,0x4E,0x59,0x4E,0x59,0x4E,0x51,0x2D,0x62,0x2F,0x59,0xAE,0x51,0x2E,0x59,0x4E,0x51,0x4E,0x51,0x4E,
0x59,0x4E,0x51,0x4E,0x51,0x4E,0x51,0x4E,0x51,0x4E,0x51,0x4E,0x51,0x2E,0x51,0x2E,0x51,0x4E,0x51,0x4E,0x51,0x4E,0x51,0x4E,0x51,0x4E,0x51,0x4E,0x59,0x4E,0x51,0x2E,
0x69,0xEF,0x59,0x4E,0x51,0x2E,0x51,0x4E,0x51,0x4E,0x51,0x2E,0x51,0x4E,0x51,0x4E,0x51,0x2E,0x51,0x4E,0x51,0x2E,0x51,0x4E,0x51,0x2E,0x51,0x4E,0x51,0x4E,0x51,0x4E,
0x51,0x4D,0x62,0x6F,0x51,0x4D,0x51,0x2E,0x51,0x2D,0x51,0x2D,0x51,0x2D,0x51,0x2D,0x51,0x2E,0x51,0x2D,0x51,0x2E,0x51,0x2D,0x51,0x2D,0x51,0x2D,0x51,0x2D,0x51,0x2E,
0x51,0x4E,0x51,0x4E,0x51,0x2E,0x51,0x4E,0x51,0x4E,0x51,0x2E,0x51,0x4E,0x51,0x4E,0x51,0x4E,0x51,0x4E,0x51,0x4E,0x51,0x4E,0x51,0x4E,0x51,0x4E,0x51,0x4E,0x51,0x4E,
0x51,0x4E,0x51,0x4E,0x51,0x4E,0x51,0x4E,0x51,0x4E,0x51,0x4E,0x51,0x4E,0x51,0x4E,0x51,0x4E,0x51,0x4E,0x51,0x4E,0x51,0x4E,0x51,0x4E,0x59,0x4E,0x51,0x4E,0x59,0x4E,
0x59,0x4E,0x59,0x4E,0x61,0x4F,0x61,0x6F,0x61,0x6F,0x69,0xB1,0x8A,0xB7,0xEE,0x5E,0xFF,0xFF,0xD5,0x9D,0x59,0xEF,0x3A,0x08,0x39,0xE7,0x39,0xC7,0x39,0xE7,0x29,0x65,
0x00,0x00,0x00,0x00,0x00,0x00,0x00,0x00,0x00,0x00,0x00,0x00,0x00,0x00,0x00,0x00,0x00,0x00,0x00,0x00,0x00,0x00,0x00,0x00,0x00,0x00,0x00,0x00,0x00,0x00,0x00,0x00,
0x00,0x00,0x00,0x00,0x00,0x00,0x00,0x00,0x00,0x00,0x00,0x00,0x00,0x00,0x00,0x00,0x00,0x00,0x00,0x00,0x00,0x00,0x00,0x00,0x00,0x00,0x00,0x00,0x00,0x00,0x00,0x00,
0x39,0xE7,0x42,0x08,0x42,0x08,0x42,0x28,0x42,0x29,0x51,0x8E,0xD5,0x3C,0xFF,0xDF,0xEE,0x3E,0x8A,0xB6,0x69,0xB1,0x61,0x6F,0x61,0x6F,0x61,0x6F,0x59,0x4E,0x59,0x4E,
0x59,0x4E,0x59,0x4E,0x59,0x4E,0x59,0x2E,0x59,0x4E,0x59,0x4E,0x59,0x4E,0x59,0x4E,0x59,0x4E,0x59,0x4E,0x59,0x4E,0x59,0x4E,0x59,0x4E,0x59,0x4E,0x59,0x4E,0x59,0x4E,
0x59,0x4E,0x59,0x4E,0x59,0x4E,0x59,0x4E,0x59,0x4E,0x59,0x4E,0x59,0x4E,0x59,0x4E,0x59,0x4E,0x59,0x4E,0x59,0x4E,0x59,0x4E,0x59,0x4E,0x59,0x4E,0x59,0x4E,0x59,0x4E,
0x59,0x4E,0x59,0x4E,0x59,0x4E,0x59,0x4E,0x59,0x4E,0x59,0x4E,0x59,0x4E,0x51,0x4E,0x59,0x4E,0x59,0x4E,0x59,0x4E,0x59,0x4E,0x51,0x4E,0x59,0x4E,0x51,0x4E,0x59,0x4E,
0x59,0x4E,0x59,0x4E,0x59,0x4E,0x59,0x4E,0x59,0x4E,0x59,0x4E,0x59,0x4E,0x59,0x4E,0x51,0x2D,0x62,0x2E,0x62,0x2F,0x51,0x2D,0x59,0x4E,0x59,0x4E,0x59,0x4E,0x59,0x4E,
0x59,0x4E,0x59,0x4E,0x59,0x4E,0x59,0x4E,0x51,0x4E,0x51,0x4E,0x51,0x4E,0x51,0x4E,0x59,0x2E,0x51,0x2E,0x51,0x2E,0x51,0x4E,0x51,0x4E,0x51,0x4E,0x51,0x4E,0x59,0x4E,
0x51,0x2D,0x62,0x10,0x61,0xEF,0x51,0x2E,0x59,0x6E,0x59,0x4E,0x59,0x4E,0x59,0x6E,0x59,0x6E,0x59,0x6E,0x59,0x6E,0x6A,0x6F,0x59,0x6E,0x59,0x4E,0x59,0x6E,0x59,0x6E,
0x59,0x6E,0x61,0x6E,0x61,0x6E,0x61,0x6E,0x61,0x8E,0x61,0x8E,0x61,0x8E,0x61,0x8E,0x61,0x8E,0x61,0x8E,0x61,0xAE,0x69,0xAE,0x69,0xAE,0x69,0xAE,0x69,0xAE,0x69,0xCE,
0x71,0xCE,0x71,0xCF,0x71,0xEF,0x79,0xEF,0x81,0xF1,0x89,0xD2,0xCB,0xDA,0xA1,0xF4,0xBB,0x77,0xC3,0x57,0xAA,0x94,0xD4,0xDB,0x8A,0xD4,0xAD,0x7A,0x75,0x77,0x64,0xD5,
0x8E,0x5A,0x3C,0x94,0x86,0x3A,0x54,0xD6,0x65,0x37,0x95,0x7A,0x5B,0x57,0xA4,0x9B,0x82,0xB6,0xA3,0xB9,0xB3,0x57,0xAA,0x94,0xCB,0xF8,0xA9,0xF0,0xD3,0xD7,0xA2,0x30,
0x89,0xCE,0x79,0xCE,0x71,0xAE,0x69,0xAE,0x69,0xAE,0x61,0xAE,0x61,0x8E,0x61,0x8E,0x61,0x6E,0x61,0x8E,0x61,0x6E,0x61,0x6E,0x61,0x6E,0x59,0x6E,0x59,0x6E,0x59,0x4E,
0x59,0x4E,0x59,0x4E,0x59,0x4E,0x59,0x4E,0x59,0x4E,0x59,0x4E,0x59,0x4E,0x59,0x4E,0x59,0x6E,0x51,0x2D,0x62,0x2F,0x61,0xCE,0x59,0x2E,0x59,0x4E,0x51,0x4E,0x51,0x4E,
0x59,0x4E,0x59,0x4E,0x59,0x4E,0x59,0x4E,0x59,0x4E,0x59,0x2E,0x59,0x4E,0x51,0x2E,0x51,0x2E,0x51,0x4E,0x51,0x4E,0x51,0x4E,0x59,0x4E,0x59,0x4E,0x59,0x4E,0x51,0x2E,
0x69,0xEF,0x59,0x6E,0x51,0x4E,0x51,0x4E,0x51,0x4E,0x51,0x4E,0x51,0x4E,0x51,0x4E,0x51,0x4E,0x51,0x4E,0x51,0x4E,0x51,0x4E,0x51,0x4E,0x51,0x4E,0x51,0x4E,0x59,0x4E,
0x51,0x4E,0x62,0x6F,0x51,0x4D,0x51,0x2E,0x51,0x2D,0x51,0x2E,0x51,0x4E,0x51,0x2E,0x51,0x2E,0x51,0x4E,0x51,0x2E,0x51,0x4E,0x51,0x4E,0x51,0x4E,0x51,0x4E,0x51,0x4E,
0x51,0x4E,0x51,0x4E,0x51,0x4E,0x51,0x4E,0x51,0x4E,0x51,0x4E,0x51,0x4E,0x51,0x4E,0x51,0x4E,0x51,0x4E,0x51,0x4E,0x59,0x4E,0x59,0x4E,0x59,0x4E,0x59,0x4E,0x59,0x4E,
0x59,0x4E,0x51,0x4E,0x59,0x4E,0x51,0x4E,0x59,0x4E,0x59,0x4E,0x59,0x4E,0x59,0x4E,0x59,0x4E,0x59,0x4E,0x59,0x4E,0x59,0x4E,0x59,0x4E,0x59,0x4E,0x59,0x4E,0x59,0x4E,
0x59,0x4F,0x59,0x4E,0x61,0x4F,0x61,0x6F,0x61,0x6F,0x69,0xB1,0x8A,0xB6,0xEE,0x5E,0xFF,0xFF,0xD5,0x9D,0x59,0xEE,0x3A,0x08,0x42,0x07,0x39,0xE7,0x39,0xE7,0x29,0x65,
0x00,0x00,0x00,0x00,0x00,0x00,0x00,0x00,0x00,0x00,0x00,0x00,0x00,0x00,0x00,0x00,0x00,0x00,0x00,0x00,0x00,0x00,0x00,0x00,0x00,0x00,0x00,0x00,0x00,0x00,0x00,0x00,
0x00,0x00,0x00,0x00,0x00,0x00,0x00,0x00,0x00,0x00,0x00,0x00,0x00,0x00,0x00,0x00,0x00,0x00,0x00,0x00,0x00,0x00,0x00,0x00,0x00,0x00,0x00,0x00,0x00,0x00,0x00,0x00,
0x39,0xE7,0x42,0x08,0x42,0x08,0x42,0x28,0x42,0x29,0x51,0xAE,0xD5,0x3C,0xFF,0xDF,0xEE,0x3E,0x8A,0xB6,0x69,0xB1,0x61,0x6F,0x61,0x6F,0x61,0x4F,0x61,0x4E,0x59,0x4E,
0x59,0x4E,0x59,0x4E,0x59,0x4E,0x59,0x4E,0x59,0x4E,0x59,0x4E,0x59,0x4E,0x59,0x4E,0x59,0x4E,0x59,0x4E,0x59,0x4E,0x59,0x4E,0x59,0x4E,0x59,0x4E,0x59,0x4E,0x59,0x4E,
0x59,0x4E,0x59,0x4E,0x59,0x4E,0x59,0x4E,0x59,0x4E,0x59,0x4E,0x59,0x4E,0x59,0x4E,0x59,0x4E,0x59,0x4E,0x59,0x4E,0x59,0x4E,0x59,0x4E,0x59,0x4E,0x59,0x4E,0x59,0x4E,
0x59,0x4E,0x59,0x4E,0x59,0x4E,0x59,0x4E,0x59,0x4E,0x59,0x4E,0x59,0x4E,0x59,0x4E,0x59,0x4E,0x59,0x4E,0x59,0x4E,0x59,0x4E,0x59,0x4E,0x59,0x4E,0x59,0x4E,0x59,0x4E,
0x59,0x4E,0x59,0x4E,0x59,0x4E,0x59,0x4E,0x59,0x4E,0x59,0x4E,0x59,0x4E,0x59,0x4E,0x59,0x2E,0x62,0x2F,0x62,0x2F,0x51,0x2E,0x59,0x4E,0x59,0x6E,0x59,0x4E,0x59,0x4E,
0x59,0x4E,0x59,0x4E,0x59,0x4E,0x59,0x4E,0x59,0x4E,0x59,0x4E,0x59,0x4E,0x59,0x4E,0x59,0x4E,0x59,0x4E,0x59,0x4E,0x59,0x4E,0x59,0x4E,0x59,0x4E,0x59,0x4E,0x59,0x6E,
0x51,0x2D,0x6A,0x30,0x61,0xEF,0x59,0x2E,0x59,0x6E,0x59,0x4E,0x59,0x4E,0x61,0x6E,0x59,0x6E,0x59,0x6E,0x59,0x6E,0x72,0x70,0x61,0x6E,0x59,0x4E,0x61,0x6E,0x61,0x6E,
0x61,0x6E,0x61,0x6E,0x61,0x8E,0x61,0x8E,0x61,0x8E,0x61,0x8E,0x61,0x8E,0x69,0x8E,0x69,0xAE,0x69,0xAE,0x69,0xAE,0x69,0xAE,0x69,0xCE,0x71,0xCE,0x71,0xCE,0x71,0xCE,
0x71,0xEE,0x71,0xEF,0x7A,0x0F,0x7A,0x0F,0x82,0x11,0x92,0x12,0xD3,0xFA,0xAA,0x14,0xC3,0x97,0xC3,0x57,0xB2,0xB5,0xD4,0xFA,0x8A,0xF4,0xAD,0x9A,0x7D,0x77,0x6C,0xF5,
0x96,0x5A,0x44,0x94,0x8E,0x5A,0x5C,0xD6,0x6D,0x37,0x95,0x7A,0x63,0x57,0xA4,0x9B,0x8A,0xD7,0xAB,0xDA,0xB3,0x78,0xAA,0xB4,0xD3,0xF7,0xA9,0xF0,0xD3,0xD6,0xA2,0x30,
0x89,0xCE,0x81,0xCE,0x71,0xCE,0x71,0xCE,0x69,0xCE,0x69,0xAE,0x69,0xAE,0x69,0xAE,0x69,0x8E,0x69,0x8E,0x69,0x8E,0x61,0x8E,0x61,0x8E,0x61,0x6E,0x61,0x6E,0x61,0x6E,
0x59,0x6E,0x59,0x6E,0x59,0x4E,0x59,0x4E,0x59,0x4E,0x59,0x4E,0x59,0x4E,0x59,0x4E,0x59,0x6E,0x59,0x4D,0x62,0x2F,0x61,0xAE,0x59,0x2E,0x59,0x4E,0x59,0x4E,0x59,0x4E,
0x59,0x4E,0x59,0x4E,0x59,0x4E,0x59,0x4E,0x59,0x4E,0x59,0x2E,0x59,0x2E,0x59,0x4E,0x51,0x2E,0x59,0x4E,0x59,0x4E,0x59,0x4E,0x59,0x4E,0x59,0x4E,0x59,0x4E,0x51,0x4E,
0x69,0xEF,0x59,0x6E,0x51,0x4E,0x59,0x4E,0x59,0x4E,0x59,0x4E,0x59,0x4E,0x59,0x4E,0x59,0x4E,0x59,0x4E,0x59,0x4E,0x59,0x4E,0x59,0x2E,0x59,0x4E,0x59,0x4E,0x59,0x2E,
0x59,0x4E,0x62,0x6F,0x51,0x4D,0x59,0x2E,0x59,0x2E,0x59,0x2E,0x59,0x4E,0x59,0x2E,0x59,0x2E,0x59,0x2E,0x59,0x4E,0x51,0x4E,0x59,0x2E,0x51,0x2E,0x51,0x2E,0x59,0x4E,
0x59,0x4E,0x59,0x2E,0x59,0x4E,0x59,0x4E,0x59,0x4E,0x59,0x4E,0x59,0x4E,0x59,0x4E,0x59,0x4E,0x59,0x4E,0x59,0x4E,0x59,0x4E,0x59,0x4E,0x59,0x4E,0x59,0x4E,0x59,0x4E,
0x59,0x4E,0x59,0x4E,0x59,0x4E,0x59,0x4E,0x59,0x4E,0x59,0x4E,0x59,0x4E,0x59,0x4E,0x59,0x4E,0x59,0x4E,0x59,0x4E,0x59,0x4E,0x59,0x4E,0x59,0x4E,0x59,0x4E,0x59,0x4E,
0x59,0x4F,0x61,0x4F,0x61,0x6F,0x61,0x6F,0x61,0x70,0x69,0xB2,0x8A,0xB7,0xEE,0x5E,0xFF,0xFF,0xD5,0x7D,0x59,0xEE,0x3A,0x08,0x39,0xE7,0x39,0xC7,0x39,0xE7,0x29,0x65,
0x00,0x00,0x00,0x00,0x00,0x00,0x00,0x00,0x00,0x00,0x00,0x00,0x00,0x00,0x00,0x00,0x00,0x00,0x00,0x00,0x00,0x00,0x00,0x00,0x00,0x00,0x00,0x00,0x00,0x00,0x00,0x00,
0x00,0x00,0x00,0x00,0x00,0x00,0x00,0x00,0x00,0x00,0x00,0x00,0x00,0x00,0x00,0x00,0x00,0x00,0x00,0x00,0x00,0x00,0x00,0x00,0x00,0x00,0x00,0x00,0x00,0x00,0x00,0x00,
0x39,0xE7,0x42,0x28,0x42,0x08,0x42,0x28,0x42,0x29,0x51,0xAE,0xD5,0x3C,0xFF,0xDF,0xEE,0x3E,0x8A,0xB6,0x69,0xB1,0x69,0x6F,0x61,0x6F,0x61,0x6F,0x61,0x6F,0x61,0x6E,
0x59,0x4E,0x59,0x4E,0x59,0x4E,0x59,0x4E,0x59,0x4E,0x59,0x4E,0x59,0x4E,0x59,0x4E,0x59,0x4E,0x59,0x4E,0x59,0x4E,0x59,0x4E,0x59,0x4E,0x59,0x4E,0x59,0x4E,0x59,0x4E,
0x59,0x4E,0x59,0x4E,0x59,0x4E,0x59,0x4E,0x59,0x4E,0x59,0x4E,0x59,0x4E,0x59,0x4E,0x59,0x4E,0x59,0x4E,0x59,0x4E,0x59,0x4E,0x59,0x4E,0x59,0x4E,0x59,0x4E,0x59,0x6E,
0x59,0x4E,0x59,0x4E,0x59,0x4E,0x59,0x4E,0x59,0x6E,0x59,0x4E,0x59,0x4E,0x59,0x4E,0x59,0x4E,0x59,0x4E,0x59,0x4E,0x59,0x4E,0x59,0x4E,0x59,0x4E,0x59,0x4E,0x59,0x4E,
0x59,0x4E,0x59,0x4E,0x59,0x4E,0x59,0x4E,0x59,0x4E,0x59,0x4E,0x59,0x4E,0x59,0x4E,0x59,0x4E,0x62,0x2F,0x62,0x2F,0x59,0x2E,0x59,0x4E,0x59,0x4E,0x59,0x6F,0x59,0x4E,
0x59,0x4E,0x59,0x4E,0x59,0x4E,0x59,0x4E,0x59,0x4E,0x59,0x4E,0x59,0x4E,0x59,0x4E,0x59,0x2E,0x59,0x4E,0x59,0x4E,0x59,0x4E,0x59,0x4E,0x59,0x4E,0x59,0x4E,0x59,0x6E,
0x59,0x2E,0x6A,0x30,0x61,0xEF,0x59,0x4E,0x59,0x6E,0x61,0x6E,0x61,0x6E,0x61,0x6E,0x61,0x6E,0x61,0x6E,0x61,0x8E,0x72,0x70,0x61,0x6E,0x61,0x6E,0x61,0x6E,0x61,0x6E,
0x61,0x8E,0x61,0x8E,0x61,0x8E,0x69,0x8E,0x69,0x8E,0x69,0xAE,0x69,0xAE,0x69,0xAE,0x69,0xAE,0x69,0xCE,0x71,0xCE,0x71,0xCE,0x71,0xCE,0x71,0xEE,0x79,0xEF,0x79,0xEE,
0x7A,0x0F,0x7A,0x0F,0x7A,0x0F,0x82,0x30,0x8A,0x31,0x92,0x33,0xD4,0x1A,0xAA,0x34,0xC3,0xB7,0xC3,0x77,0xB2,0xD5,0xDC,0xFA,0x93,0x14,0xB5,0xBA,0x85,0x97,0x75,0x15,
0x96,0x7A,0x4C,0xB4,0x96,0x7A,0x5C,0xF6,0x75,0x57,0x9D,0x9A,0x6B,0x97,0xAC,0xDB,0x8A,0xF7,0xAB,0xFA,0xB3,0x78,0xAA,0xB4,0xD4,0x17,0xAA,0x10,0xD3,0xD7,0xAA,0x50,
0x91,0xEF,0x81,0xEF,0x79,0xEE,0x71,0xCE,0x71,0xCE,0x71,0xCE,0x69,0xCE,0x69,0xAE,0x69,0xAE,0x69,0xAE,0x69,0x8E,0x71,0xCF,0x69,0xAE,0x69,0x8E,0x61,0x8E,0x61,0x6E,
0x61,0x6E,0x61,0x6E,0x59,0x6E,0x59,0x4E,0x59,0x4E,0x59,0x4E,0x59,0x4E,0x59,0x6E,0x59,0x6E,0x59,0x4E,0x62,0x2F,0x61,0xCE,0x59,0x2E,0x59,0x4E,0x59,0x4E,0x59,0x4E,
0x59,0x4E,0x59,0x4E,0x59,0x4E,0x59,0x4E,0x59,0x4E,0x59,0x4E,0x59,0x4E,0x59,0x4E,0x59,0x4E,0x59,0x4E,0x59,0x4E,0x59,0x4E,0x59,0x4E,0x59,0x4E,0x59,0x4E,0x59,0x4E,
0x69,0xCF,0x61,0x6E,0x59,0x4E,0x59,0x4E,0x59,0x4E,0x59,0x4E,0x59,0x4E,0x59,0x4E,0x59,0x4E,0x59,0x4E,0x59,0x4E,0x59,0x4E,0x59,0x4E,0x59,0x4E,0x59,0x4E,0x59,0x2E,
0x59,0x4E,0x62,0x6F,0x51,0x4D,0x59,0x2E,0x59,0x4E,0x59,0x2E,0x59,0x4E,0x59,0x4E,0x59,0x4E,0x59,0x4E,0x59,0x4E,0x59,0x2E,0x59,0x2E,0x59,0x2E,0x59,0x2E,0x59,0x2E,
0x59,0x4E,0x59,0x4E,0x59,0x4E,0x59,0x2E,0x59,0x4E,0x59,0x2E,0x59,0x4E,0x59,0x4E,0x59,0x4E,0x59,0x4E,0x59,0x4E,0x59,0x4E,0x59,0x4E,0x59,0x4E,0x59,0x4E,0x59,0x4E,
0x59,0x4E,0x59,0x4E,0x59,0x4E,0x59,0x4E,0x59,0x4E,0x59,0x4E,0x59,0x4E,0x59,0x4E,0x59,0x4E,0x59,0x4E,0x59,0x4E,0x59,0x4E,0x59,0x4E,0x59,0x4E,0x59,0x4E,0x59,0x4E,
0x61,0x4F,0x61,0x6F,0x61,0x6F,0x61,0x8F,0x61,0x70,0x69,0xB2,0x8A,0xD7,0xEE,0x5E,0xFF,0xFF,0xD5,0x7D,0x59,0xEE,0x42,0x08,0x39,0xE7,0x39,0xE7,0x39,0xE7,0x29,0x65,
0x00,0x00,0x00,0x00,0x00,0x00,0x00,0x00,0x00,0x00,0x00,0x00,0x00,0x00,0x00,0x00,0x00,0x00,0x00,0x00,0x00,0x00,0x00,0x00,0x00,0x00,0x00,0x00,0x00,0x00,0x00,0x00,
0x00,0x00,0x00,0x00,0x00,0x00,0x00,0x00,0x00,0x00,0x00,0x00,0x00,0x00,0x00,0x00,0x00,0x00,0x00,0x00,0x00,0x00,0x00,0x00,0x00,0x00,0x00,0x00,0x00,0x00,0x00,0x00,
0x39,0xE7,0x42,0x28,0x42,0x08,0x42,0x28,0x42,0x29,0x51,0x8E,0xCD,0x3C,0xFF,0xDF,0xEE,0x3E,0x8A,0x96,0x71,0xB1,0x69,0x6F,0x69,0x6F,0x61,0x6F,0x61,0x6F,0x61,0x4F,
0x61,0x4E,0x61,0x4E,0x59,0x4E,0x59,0x4E,0x59,0x4E,0x59,0x4E,0x59,0x4E,0x59,0x4E,0x59,0x4E,0x59,0x4E,0x59,0x4E,0x59,0x4E,0x59,0x4E,0x59,0x4E,0x59,0x4E,0x59,0x6E,
0x59,0x4E,0x59,0x6E,0x59,0x4E,0x59,0x6E,0x59,0x4E,0x59,0x4E,0x59,0x6E,0x59,0x4E,0x59,0x4E,0x61,0x6E,0x61,0x6E,0x59,0x4E,0x61,0x6E,0x61,0x6E,0x59,0x6E,0x59,0x6E,
0x59,0x6E,0x59,0x4E,0x59,0x4E,0x59,0x4E,0x59,0x4E,0x59,0x6E,0x59,0x6E,0x59,0x4E,0x59,0x4E,0x59,0x4E,0x59,0x4E,0x59,0x4E,0x59,0x4E,0x59,0x4E,0x59,0x4E,0x59,0x4E,
0x59,0x4E,0x59,0x4E,0x59,0x4E,0x59,0x4E,0x59,0x4E,0x59,0x4E,0x59,0x4E,0x59,0x6E,0x59,0x2E,0x62,0x2F,0x62,0x4F,0x59,0x2E,0x59,0x4E,0x59,0x4E,0x59,0x4E,0x59,0x4E,
0x59,0x4E,0x59,0x4E,0x59,0x4E,0x59,0x4E,0x59,0x4E,0x59,0x4E,0x59,0x4E,0x59,0x4E,0x59,0x4E,0x59,0x4E,0x59,0x4E,0x59,0x4E,0x59,0x4E,0x59,0x4E,0x59,0x6E,0x59,0x6E,
0x59,0x2E,0x6A,0x30,0x61,0xEF,0x59,0x4E,0x61,0x6E,0x61,0x6E,0x61,0x6E,0x61,0x6E,0x61,0x6E,0x61,0x6F,0x61,0x8E,0x72,0x70,0x61,0x6E,0x61,0x6E,0x61,0x8E,0x61,0x8E,
0x61,0x8E,0x69,0x8E,0x69,0x8E,0x69,0xAE,0x69,0xAE,0x69,0xAE,0x69,0xAE,0x69,0xAE,0x71,0xCE,0x71,0xCE,0x71,0xCE,0x71,0xCE,0x79,0xEE,0x79,0xEE,0x7A,0x0F,0x7A,0x0F,
0x82,0x2F,0x82,0x2F,0x82,0x4F,0x8A,0x50,0x92,0x51,0x9A,0x53,0xD4,0x3A,0xB2,0x54,0xC3,0xD7,0xCB,0x97,0xBA,0xF5,0xDC,0xFA,0x9B,0x34,0xB5,0xBA,0x85,0x97,0x75,0x36,
0x9E,0x7A,0x54,0xD4,0x96,0x7A,0x65,0x16,0x75,0x78,0x9D,0xBA,0x73,0xB8,0xAC,0xDB,0x93,0x17,0xB4,0x1A,0xBB,0x98,0xAA,0xD4,0xD4,0x17,0xB2,0x30,0xD3,0xD6,0xAA,0x50,
0x92,0x0F,0x82,0x0F,0x7A,0x0E,0x79,0xEE,0x79,0xEE,0x71,0xCE,0x71,0xCE,0x71,0xCE,0x71,0xCE,0x69,0xAE,0x7A,0x30,0x7A,0x50,0x72,0x0F,0x71,0xCF,0x69,0x8E,0x61,0x8E,
0x61,0x6E,0x61,0x6E,0x61,0x6E,0x61,0x6E,0x61,0x6E,0x61,0x6E,0x59,0x4E,0x59,0x6E,0x61,0x6E,0x59,0x4E,0x6A,0x2F,0x61,0xCF,0x59,0x4E,0x59,0x6E,0x59,0x4E,0x59,0x4E,
0x59,0x4E,0x59,0x4E,0x59,0x4E,0x59,0x4E,0x59,0x4E,0x59,0x4E,0x59,0x4E,0x59,0x2E,0x59,0x2E,0x59,0x4E,0x59,0x4E,0x59,0x4E,0x59,0x4E,0x59,0x4E,0x59,0x4E,0x59,0x4E,
0x69,0xCF,0x59,0x4E,0x59,0x2E,0x59,0x4E,0x59,0x4E,0x59,0x4E,0x59,0x4E,0x59,0x4E,0x59,0x4E,0x59,0x4E,0x59,0x4E,0x59,0x4E,0x59,0x4E,0x59,0x4E,0x59,0x4E,0x59,0x4E,
0x59,0x4E,0x62,0x4F,0x51,0x4E,0x59,0x2E,0x59,0x4E,0x59,0x2E,0x59,0x4E,0x59,0x4E,0x59,0x4E,0x59,0x4E,0x59,0x4E,0x59,0x4E,0x59,0x4E,0x59,0x4E,0x59,0x4E,0x59,0x4E,
0x59,0x2E,0x59,0x4E,0x59,0x4E,0x59,0x4E,0x59,0x4E,0x59,0x4E,0x59,0x4E,0x59,0x4E,0x59,0x4E,0x59,0x4E,0x59,0x4E,0x59,0x4E,0x59,0x4E,0x59,0x4E,0x59,0x4E,0x59,0x4E,
0x59,0x4E,0x59,0x4E,0x59,0x4E,0x59,0x4E,0x59,0x4E,0x59,0x4E,0x59,0x4E,0x59,0x4E,0x59,0x4E,0x59,0x4E,0x59,0x4E,0x59,0x4E,0x59,0x4E,0x59,0x4E,0x59,0x4E,0x61,0x4E,
0x61,0x6F,0x61,0x6F,0x61,0x6F,0x69,0x8F,0x69,0x70,0x71,0xB2,0x8A,0xB7,0xEE,0x5E,0xFF,0xFF,0xD5,0x7D,0x59,0xEE,0x3A,0x08,0x39,0xE7,0x39,0xE7,0x39,0xE7,0x29,0x65,
0x00,0x00,0x00,0x00,0x00,0x00,0x00,0x00,0x00,0x00,0x00,0x00,0x00,0x00,0x00,0x00,0x00,0x00,0x00,0x00,0x00,0x00,0x00,0x00,0x00,0x00,0x00,0x00,0x00,0x00,0x00,0x00,
0x00,0x00,0x00,0x00,0x00,0x00,0x00,0x00,0x00,0x00,0x00,0x00,0x00,0x00,0x00,0x00,0x00,0x00,0x00,0x00,0x00,0x00,0x00,0x00,0x00,0x00,0x00,0x00,0x00,0x00,0x00,0x00,
0x39,0xE7,0x42,0x28,0x42,0x08,0x42,0x28,0x42,0x29,0x51,0x8E,0xCD,0x3C,0xFF,0xDF,0xEE,0x3E,0x8A,0x96,0x71,0xB1,0x69,0x6F,0x69,0x6F,0x61,0x6F,0x61,0x6F,0x61,0x6F,
0x61,0x4F,0x61,0x4E,0x61,0x4E,0x61,0x4E,0x61,0x4E,0x61,0x4E,0x61,0x4E,0x61,0x4E,0x61,0x4E,0x61,0x4E,0x61,0x4E,0x61,0x4E,0x61,0x4E,0x61,0x4E,0x61,0x4E,0x61,0x6E,
0x61,0x6E,0x61,0x4E,0x61,0x6E,0x61,0x6F,0x61,0x6F,0x61,0x6F,0x61,0x6F,0x61,0x6F,0x61,0x6F,0x61,0x6F,0x61,0x6F,0x61,0x6F,0x61,0x6F,0x61,0x6F,0x61,0x6F,0x61,0x6F,
0x61,0x6F,0x61,0x6F,0x61,0x6F,0x61,0x6E,0x61,0x6F,0x61,0x6E,0x61,0x6E,0x61,0x6F,0x61,0x6E,0x61,0x4F,0x61,0x6E,0x61,0x6E,0x61,0x6E,0x61,0x6E,0x61,0x4E,0x61,0x6E,
0x61,0x6E,0x61,0x6E,0x61,0x6E,0x61,0x6E,0x61,0x6F,0x61,0x6F,0x61,0x6F,0x61,0x6F,0x59,0x4E,0x6A,0x2F,0x6A,0x2F,0x59,0x4E,0x61,0x6F,0x61,0x6E,0x61,0x6E,0x61,0x6E,
0x59,0x6E,0x61,0x6E,0x61,0x6E,0x61,0x6E,0x61,0x6E,0x61,0x6E,0x61,0x6E,0x59,0x4E,0x59,0x4E,0x61,0x4F,0x61,0x4F,0x59,0x4E,0x59,0x4E,0x61,0x6E,0x61,0x4E,0x61,0x6F,
0x59,0x4E,0x6A,0x30,0x6A,0x0F,0x59,0x4E,0x61,0x6E,0x61,0x6E,0x61,0x6E,0x61,0x6E,0x61,0x6E,0x69,0x8F,0x61,0x8E,0x72,0x70,0x61,0x8E,0x61,0x8E,0x69,0x8E,0x69,0x8E,
0x69,0x8E,0x69,0xAE,0x69,0xAE,0x69,0xAE,0x71,0xAE,0x71,0xAE,0x71,0xCE,0x71,0xCE,0x71,0xCE,0x71,0xEE,0x79,0xEF,0x79,0xEF,0x7A,0x0F,0x82,0x0F,0x82,0x2F,0x82,0x2F,
0x82,0x4F,0x8A,0x6F,0x8A,0x6F,0x92,0x70,0x9A,0x71,0xA2,0x73,0xD4,0x5A,0xB2,0x95,0xCB,0xF8,0xCB,0xB8,0xC3,0x16,0xDC,0xFA,0x9B,0x55,0xBD,0xDB,0x8D,0xB7,0x7D,0x76,
0xA6,0x9B,0x5C,0xF4,0x9E,0x7A,0x6D,0x56,0x7D,0x98,0xA5,0xDB,0x7B,0xF8,0xB4,0xFB,0x9B,0x57,0xB4,0x3A,0xBB,0xB8,0xB2,0xF4,0xD4,0x18,0xB2,0x31,0xD3,0xF6,0xAA,0x71,
0x9A,0x2F,0x8A,0x2F,0x82,0x2F,0x7A,0x0F,0x7A,0x0F,0x79,0xEF,0x79,0xEF,0x71,0xEE,0x71,0xEE,0x79,0xEF,0x7A,0x0F,0xAB,0xD4,0xAB,0xF4,0x69,0xAE,0x69,0x8E,0x69,0x8E,
0x69,0x8E,0x61,0x6E,0x61,0x6E,0x61,0x6E,0x61,0x6E,0x61,0x6E,0x61,0x6E,0x61,0x6E,0x61,0x6E,0x59,0x4E,0x6A,0x4F,0x61,0xCF,0x59,0x4E,0x59,0x6E,0x59,0x4E,0x59,0x4E,
0x59,0x4E,0x61,0x4E,0x59,0x4E,0x59,0x4E,0x59,0x4E,0x59,0x4E,0x59,0x4E,0x59,0x4E,0x59,0x4E,0x59,0x4E,0x59,0x4E,0x59,0x4E,0x59,0x4E,0x59,0x4E,0x59,0x4F,0x59,0x4E,
0x69,0xAF,0x59,0x4F,0x59,0x4E,0x59,0x4E,0x59,0x4E,0x59,0x4E,0x59,0x4E,0x59,0x4E,0x59,0x4E,0x59,0x4E,0x59,0x4E,0x59,0x4F,0x59,0x4F,0x59,0x4F,0x59,0x4E,0x59,0x4E,
0x59,0x4E,0x62,0x6F,0x59,0x4E,0x59,0x4E,0x59,0x4E,0x59,0x4E,0x59,0x4E,0x59,0x4E,0x59,0x4E,0x59,0x4E,0x59,0x4E,0x59,0x4E,0x59,0x4E,0x59,0x4E,0x59,0x4E,0x59,0x4E,
0x59,0x4E,0x59,0x4E,0x59,0x4E,0x59,0x4E,0x59,0x4E,0x59,0x4E,0x59,0x4E,0x59,0x4E,0x59,0x4E,0x59,0x4E,0x59,0x4E,0x59,0x4E,0x59,0x4E,0x59,0x4E,0x59,0x4E,0x59,0x4E,
0x59,0x6E,0x59,0x4E,0x59,0x4E,0x59,0x4E,0x59,0x4E,0x59,0x4E,0x59,0x4E,0x59,0x4E,0x59,0x4E,0x59,0x4E,0x59,0x6E,0x59,0x4E,0x61,0x4E,0x61,0x4F,0x61,0x4F,0x61,0x6F,
0x61,0x6F,0x61,0x6F,0x69,0x6F,0x69,0x90,0x69,0x90,0x71,0xB2,0x8A,0xD6,0xEE,0x5E,0xFF,0xFF,0xD5,0x9D,0x59,0xEF,0x39,0xE8,0x39,0xE7,0x39,0xE7,0x39,0xE7,0x29,0x65,
0x00,0x00,0x00,0x00,0x00,0x00,0x00,0x00,0x00,0x00,0x00,0x00,0x00,0x00,0x00,0x00,0x00,0x00,0x00,0x00,0x00,0x00,0x00,0x00,0x00,0x00,0x00,0x00,0x00,0x00,0x00,0x00,
0x00,0x00,0x00,0x00,0x00,0x00,0x00,0x00,0x00,0x00,0x00,0x00,0x00,0x00,0x00,0x00,0x00,0x00,0x00,0x00,0x00,0x00,0x00,0x00,0x00,0x00,0x00,0x00,0x00,0x00,0x00,0x00,
0x39,0xE7,0x42,0x28,0x42,0x08,0x42,0x28,0x4A,0x29,0x51,0x8D,0xCD,0x1C,0xFF,0xDF,0xEE,0x3E,0x8A,0x95,0x71,0xB1,0x69,0x6F,0x69,0x8F,0x69,0x6F,0x61,0x6F,0x61,0x6F,
0x61,0x4F,0x61,0x4E,0x61,0x4E,0x61,0x4E,0x61,0x4E,0x61,0x4E,0x61,0x4E,0x61,0x4E,0x61,0x4E,0x61,0x4E,0x61,0x4E,0x61,0x4E,0x61,0x4E,0x61,0x4E,0x61,0x4E,0x61,0x4F,
0x61,0x4E,0x61,0x4F,0x61,0x4F,0x61,0x4E,0x61,0x4F,0x61,0x6F,0x61,0x6F,0x61,0x6F,0x61,0x6F,0x61,0x6F,0x61,0x6F,0x61,0x6F,0x61,0x6F,0x61,0x6F,0x61,0x6F,0x61,0x4F,
0x61,0x6F,0x61,0x6F,0x61,0x6F,0x61,0x6F,0x61,0x6F,0x61,0x6F,0x61,0x6F,0x61,0x4F,0x61,0x4E,0x61,0x4F,0x61,0x4F,0x61,0x4F,0x61,0x4E,0x61,0x4F,0x61,0x4F,0x61,0x4E,
0x61,0x4E,0x61,0x4F,0x61,0x4F,0x61,0x6F,0x61,0x6F,0x61,0x6F,0x61,0x6E,0x61,0x6F,0x59,0x4E,0x6A,0x2F,0x6A,0x2F,0x59,0x4E,0x61,0x6F,0x61,0x6F,0x61,0x4E,0x61,0x6F,
0x61,0x4F,0x61,0x4F,0x61,0x4F,0x61,0x4F,0x61,0x4E,0x61,0x4F,0x61,0x4E,0x61,0x4E,0x61,0x4F,0x61,0x4F,0x61,0x4F,0x61,0x6F,0x61,0x6F,0x61,0x6F,0x61,0x6E,0x61,0x6F,
0x59,0x4E,0x72,0x30,0x6A,0x0F,0x61,0x4E,0x61,0x8E,0x61,0x6F,0x61,0x6E,0x61,0x6E,0x69,0x8F,0x69,0x8F,0x69,0xAE,0x7A,0x70,0x69,0x8E,0x69,0x8E,0x69,0x8F,0x69,0x8F,
0x69,0xAE,0x69,0xCF,0x71,0xAE,0x71,0xAE,0x71,0xCE,0x71,0xCE,0x71,0xCE,0x79,0xCF,0x79,0xEE,0x7A,0x0E,0x7A,0x0E,0x7A,0x0E,0x82,0x2F,0x82,0x4F,0x8A,0x4F,0x8A,0x4F,
0x8A,0x6F,0x92,0x8F,0x92,0x8F,0x9A,0xB0,0xA2,0xB1,0xAA,0xB3,0xDC,0x9A,0xBA,0xD5,0xCC,0x38,0xD3,0xF8,0xCB,0x56,0xDD,0x1A,0xA3,0x95,0xBD,0xDB,0x8D,0xD8,0x85,0x76,
0xAE,0xBB,0x65,0x35,0xA6,0xBA,0x75,0x77,0x85,0xD8,0xAD,0xFB,0x84,0x38,0xB5,0x3C,0x9B,0x78,0xBC,0x5A,0xC3,0xD8,0xB3,0x15,0xD4,0x37,0xB2,0x51,0xDB,0xF6,0xB2,0x91,
0x9A,0x4F,0x92,0x4F,0x8A,0x4F,0x82,0x2F,0x82,0x0F,0x7A,0x0E,0x7A,0x0F,0x79,0xEF,0x79,0xEF,0x79,0xEF,0x7A,0x0F,0x9B,0x32,0x8A,0xD1,0x71,0xAE,0x71,0xAF,0x69,0x8E,
0x69,0x8E,0x69,0x8E,0x69,0x8E,0x61,0x6E,0x61,0x6E,0x61,0x6E,0x61,0x6E,0x61,0x6E,0x61,0x6E,0x59,0x4E,0x6A,0x4F,0x69,0xCF,0x61,0x4E,0x61,0x6E,0x61,0x4E,0x61,0x4E,
0x61,0x4E,0x61,0x4E,0x61,0x4E,0x61,0x4E,0x59,0x4E,0x59,0x4E,0x59,0x4E,0x59,0x4E,0x59,0x4E,0x59,0x4E,0x59,0x4E,0x61,0x4E,0x61,0x4E,0x61,0x4E,0x61,0x4F,0x59,0x4E,
0x69,0xAF,0x61,0x4F,0x59,0x4E,0x59,0x4E,0x59,0x4F,0x59,0x4F,0x59,0x4E,0x59,0x4E,0x59,0x4F,0x61,0x4F,0x61,0x4F,0x61,0x4F,0x61,0x4E,0x61,0x4E,0x61,0x4E,0x61,0x4E,
0x59,0x4E,0x62,0x4F,0x59,0x4E,0x59,0x4E,0x59,0x4E,0x59,0x4E,0x59,0x4E,0x59,0x4E,0x59,0x4E,0x59,0x4E,0x59,0x4E,0x59,0x4E,0x59,0x4E,0x59,0x4E,0x59,0x4E,0x61,0x4E,
0x59,0x4E,0x59,0x4E,0x59,0x4E,0x61,0x4E,0x61,0x4E,0x59,0x4E,0x59,0x4E,0x59,0x4E,0x59,0x4E,0x59,0x4E,0x61,0x4E,0x61,0x4E,0x59,0x4E,0x59,0x4E,0x61,0x4E,0x59,0x6E,
0x61,0x4E,0x61,0x4E,0x61,0x4E,0x59,0x4E,0x59,0x4E,0x59,0x4E,0x59,0x4E,0x59,0x4E,0x61,0x4E,0x61,0x4E,0x61,0x4E,0x61,0x4E,0x61,0x4E,0x61,0x4E,0x61,0x6F,0x61,0x6F,
0x61,0x6F,0x61,0x6F,0x69,0x8F,0x69,0x90,0x69,0x90,0x71,0xD2,0x92,0xD7,0xEE,0x7E,0xFF,0xFF,0xD5,0x9D,0x59,0xEF,0x39,0xE8,0x39,0xE7,0x39,0xE7,0x39,0xE7,0x29,0x65,
0x00,0x00,0x00,0x00,0x00,0x00,0x00,0x00,0x00,0x00,0x00,0x00,0x00,0x00,0x00,0x00,0x00,0x00,0x00,0x00,0x00,0x00,0x00,0x00,0x00,0x00,0x00,0x00,0x00,0x00,0x00,0x00,
0x00,0x00,0x00,0x00,0x00,0x00,0x00,0x00,0x00,0x00,0x00,0x00,0x00,0x00,0x00,0x00,0x00,0x00,0x00,0x00,0x00,0x00,0x00,0x00,0x00,0x00,0x00,0x00,0x00,0x00,0x00,0x00,
0x39,0xE7,0x42,0x28,0x42,0x08,0x42,0x28,0x4A,0x29,0x51,0xAD,0xCD,0x1C,0xFF,0xDF,0xEE,0x3E,0x8A,0x95,0x71,0xB1,0x69,0x6F,0x69,0x90,0x69,0x6F,0x69,0x6F,0x69,0x6F,
0x61,0x6F,0x61,0x4F,0x61,0x4E,0x61,0x4E,0x61,0x4E,0x61,0x4E,0x61,0x4E,0x61,0x4E,0x61,0x6E,0x61,0x4E,0x61,0x4F,0x61,0x4F,0x61,0x4F,0x61,0x6F,0x61,0x4F,0x61,0x4F,
0x61,0x6F,0x61,0x6F,0x61,0x6F,0x61,0x6F,0x61,0x6F,0x61,0x6F,0x61,0x6F,0x61,0x6F,0x61,0x6F,0x61,0x6F,0x61,0x6F,0x61,0x6F,0x61,0x6F,0x61,0x6F,0x61,0x6F,0x61,0x6F,
0x61,0x6F,0x61,0x6F,0x61,0x6F,0x61,0x6F,0x61,0x6F,0x61,0x6F,0x61,0x6F,0x61,0x6F,0x61,0x6F,0x61,0x6F,0x61,0x6F,0x61,0x6F,0x61,0x6F,0x61,0x6F,0x61,0x6F,0x61,0x6F,
0x61,0x6F,0x61,0x6F,0x61,0x6F,0x61,0x6F,0x61,0x6F,0x61,0x6F,0x61,0x6F,0x61,0x6F,0x61,0x4E,0x6A,0x2F,0x6A,0x2F,0x61,0x4E,0x61,0x6F,0x61,0x6F,0x61,0x6F,0x61,0x6F,
0x61,0x4F,0x61,0x6F,0x61,0x4F,0x61,0x4F,0x61,0x4F,0x61,0x4F,0x61,0x4F,0x61,0x4F,0x61,0x6F,0x61,0x6F,0x61,0x6F,0x61,0x6F,0x61,0x6F,0x61,0x6F,0x61,0x6F,0x61,0x6F,
0x61,0x4E,0x72,0x50,0x6A,0x0F,0x61,0x4E,0x69,0x8F,0x69,0x6F,0x69,0x8F,0x69,0x8F,0x69,0x8F,0x69,0x8F,0x69,0xAE,0x7A,0x70,0x69,0xAF,0x69,0xAF,0x69,0xAE,0x69,0xAF,
0x71,0xAF,0x71,0xCF,0x71,0xCF,0x71,0xCE,0x71,0xCE,0x79,0xEE,0x79,0xEF,0x7A,0x0E,0x7A,0x0E,0x82,0x0F,0x82,0x2E,0x82,0x2F,0x8A,0x4F,0x8A,0x6F,0x8A,0x6F,0x92,0x8F,
0x92,0xAF,0x9A,0xAF,0x9A,0xD0,0xA2,0xF0,0xAA,0xF2,0xB2,0xF4,0xDC,0xBB,0xC2,0xF6,0xCC,0x58,0xD4,0x18,0xCB,0x36,0xDD,0x1A,0xA3,0x74,0xBD,0xBA,0x8D,0xD7,0x85,0x96,
0xAE,0xBB,0x6D,0x75,0xA6,0xBA,0x7D,0x97,0x85,0xF8,0xA5,0xFB,0x84,0x38,0xBD,0x5C,0xA3,0xB8,0xBC,0x7B,0xC3,0xF8,0xBB,0x15,0xDC,0x37,0xBA,0x71,0xDC,0x16,0xB2,0xB1,
0xA2,0x6F,0x92,0x6F,0x8A,0x4F,0x8A,0x4F,0x82,0x4F,0x82,0x2F,0x82,0x2F,0x7A,0x0F,0x7A,0x0F,0x7A,0x0F,0x7A,0x0F,0x71,0xCE,0x71,0xCE,0x71,0xCF,0x71,0xAE,0x71,0xAF,
0x71,0xAF,0x69,0x8F,0x69,0x8F,0x69,0x8E,0x69,0x8E,0x69,0x6E,0x69,0x6E,0x61,0x6E,0x61,0x6E,0x61,0x4E,0x6A,0x4F,0x69,0xCF,0x61,0x4E,0x61,0x6F,0x61,0x4F,0x61,0x4E,
0x61,0x4F,0x61,0x4E,0x61,0x4E,0x61,0x4E,0x61,0x4E,0x61,0x4E,0x61,0x4E,0x61,0x4E,0x61,0x4F,0x61,0x4E,0x61,0x4F,0x61,0x4F,0x61,0x4E,0x61,0x4E,0x61,0x4E,0x61,0x4E,
0x69,0xCF,0x61,0x6F,0x61,0x4E,0x61,0x4E,0x61,0x4E,0x61,0x4F,0x61,0x4F,0x61,0x4F,0x61,0x4F,0x61,0x4F,0x61,0x4F,0x61,0x4F,0x61,0x4F,0x61,0x4F,0x61,0x4F,0x61,0x4F,
0x61,0x6E,0x6A,0x4F,0x59,0x4E,0x61,0x6F,0x61,0x6F,0x61,0x4F,0x61,0x4E,0x61,0x4F,0x61,0x4E,0x61,0x4E,0x61,0x6E,0x61,0x4E,0x61,0x4F,0x61,0x4E,0x61,0x4E,0x61,0x4E,
0x61,0x4E,0x61,0x4E,0x61,0x4E,0x61,0x4F,0x61,0x4E,0x61,0x4F,0x61,0x4F,0x61,0x4F,0x61,0x4E,0x61,0x4E,0x61,0x4E,0x61,0x4E,0x61,0x4E,0x61,0x6E,0x61,0x6E,0x61,0x6F,
0x61,0x4F,0x61,0x6E,0x61,0x6F,0x61,0x6F,0x61,0x4E,0x61,0x4E,0x61,0x4F,0x61,0x4E,0x61,0x4E,0x61,0x4E,0x61,0x4F,0x61,0x4F,0x61,0x4F,0x61,0x6F,0x61,0x6F,0x61,0x6F,
0x69,0x6F,0x69,0x8F,0x69,0x90,0x69,0x90,0x71,0x90,0x71,0xD2,0x92,0xD7,0xEE,0x7E,0xFF,0xFF,0xD5,0x9D,0x59,0xEF,0x39,0xE8,0x39,0xE7,0x39,0xE7,0x39,0xE7,0x29,0x65,
0x00,0x00,0x00,0x00,0x00,0x00,0x00,0x00,0x00,0x00,0x00,0x00,0x00,0x00,0x00,0x00,0x00,0x00,0x00,0x00,0x00,0x00,0x00,0x00,0x00,0x00,0x00,0x00,0x00,0x00,0x00,0x00,
0x00,0x00,0x00,0x00,0x00,0x00,0x00,0x00,0x00,0x00,0x00,0x00,0x00,0x00,0x00,0x00,0x00,0x00,0x00,0x00,0x00,0x00,0x00,0x00,0x00,0x00,0x00,0x00,0x00,0x00,0x00,0x00,
0x39,0xE7,0x42,0x28,0x42,0x08,0x42,0x28,0x42,0x29,0x51,0x8E,0xCD,0x1C,0xFF,0xDF,0xEE,0x3E,0x8A,0x95,0x71,0xB1,0x71,0x70,0x71,0x70,0x69,0x6F,0x69,0x6F,0x69,0x6F,
0x61,0x6F,0x61,0x6F,0x61,0x6F,0x61,0x6F,0x61,0x4F,0x61,0x4F,0x61,0x6F,0x61,0x4F,0x61,0x4F,0x61,0x4F,0x61,0x6F,0x61,0x6F,0x61,0x6F,0x61,0x6F,0x61,0x6F,0x61,0x6F,
0x61,0x6F,0x61,0x6F,0x61,0x6F,0x61,0x6F,0x61,0x6F,0x69,0x6F,0x61,0x6F,0x61,0x6F,0x61,0x6F,0x61,0x6F,0x61,0x6F,0x69,0x6F,0x61,0x6F,0x61,0x6F,0x61,0x6F,0x61,0x6F,
0x61,0x6F,0x61,0x6F,0x61,0x6F,0x61,0x6F,0x61,0x6F,0x69,0x6F,0x61,0x6F,0x61,0x6F,0x61,0x6F,0x61,0x6F,0x61,0x6F,0x61,0x6F,0x61,0x6F,0x61,0x6F,0x61,0x6F,0x61,0x6F,
0x61,0x6F,0x61,0x6F,0x61,0x6F,0x61,0x6F,0x61,0x6F,0x61,0x6F,0x61,0x6F,0x61,0x6F,0x61,0x4E,0x6A,0x2F,0x6A,0x2F,0x61,0x4E,0x61,0x8F,0x61,0x6F,0x61,0x6F,0x61,0x6F,
0x61,0x6F,0x61,0x6F,0x61,0x6F,0x61,0x6F,0x61,0x6F,0x61,0x6F,0x61,0x6F,0x61,0x6F,0x61,0x6F,0x61,0x6F,0x61,0x6F,0x61,0x6F,0x61,0x6F,0x61,0x6F,0x61,0x6F,0x61,0x6F,
0x61,0x4E,0x72,0x50,0x72,0x0F,0x61,0x6E,0x69,0x8F,0x69,0x8F,0x69,0x8F,0x69,0x8F,0x69,0x8F,0x69,0x8F,0x69,0xAF,0x7A,0x70,0x71,0xAF,0x71,0xAF,0x71,0xAE,0x71,0xAE,
0x71,0xAE,0x71,0xCE,0x71,0xCE,0x79,0xEF,0x79,0xEF,0x79,0xEF,0x7A,0x0E,0x82,0x2F,0x82,0x2F,0x82,0x2F,0x82,0x4F,0x8A,0x4F,0x92,0x6F,0x92,0x8F,0x92,0xAF,0x9A,0xAF,
0x9A,0xEF,0xA2,0xEF,0xA3,0x10,0xAB,0x31,0xB3,0x12,0xB3,0x13,0xDC,0xDA,0xCB,0x35,0xD4,0x78,0xDC,0xD8,0xDC,0x56,0xE5,0xD9,0xC5,0x16,0xD6,0x7A,0xBE,0xF9,0xB6,0xD7,
0xCF,0x5B,0xA6,0xD7,0xCF,0x5B,0xAE,0xB8,0xB6,0xD9,0xC6,0x9C,0xA5,0x19,0xC5,0x9B,0xA3,0xD8,0xBC,0x7A,0xC3,0xF8,0xBB,0x14,0xDC,0x57,0xC2,0xB1,0xDC,0x36,0xBA,0xF1,
0xAA,0x8F,0x9A,0x8F,0x92,0x6F,0x92,0x6F,0x8A,0x6F,0x8A,0x4F,0x82,0x4F,0x82,0x2F,0x82,0x2F,0x82,0x0F,0x7A,0x0F,0x7A,0x0F,0x79,0xEF,0x71,0xCF,0x71,0xCF,0x71,0xAF,
0x71,0xAF,0x71,0xAF,0x69,0x8F,0x69,0x8F,0x69,0x8F,0x69,0x8F,0x69,0x8E,0x69,0x8E,0x69,0x8E,0x61,0x4E,0x72,0x2F,0x69,0xCF,0x61,0x4F,0x61,0x6F,0x61,0x6F,0x61,0x6F,
0x61,0x6F,0x61,0x6F,0x61,0x4E,0x61,0x4E,0x61,0x6E,0x61,0x4E,0x61,0x4F,0x61,0x4E,0x61,0x4E,0x61,0x4F,0x61,0x4F,0x61,0x4F,0x61,0x4F,0x61,0x6F,0x61,0x6F,0x61,0x6F,
0x69,0xCF,0x61,0x6F,0x61,0x4F,0x61,0x4F,0x61,0x4F,0x61,0x4F,0x61,0x4F,0x61,0x4F,0x61,0x4F,0x61,0x4F,0x61,0x4F,0x61,0x4F,0x61,0x4F,0x61,0x4F,0x61,0x6F,0x61,0x4F,
0x61,0x6E,0x6A,0x70,0x59,0x6E,0x61,0x6F,0x61,0x4F,0x61,0x4F,0x61,0x4E,0x61,0x4F,0x61,0x4E,0x61,0x4E,0x61,0x6F,0x59,0x2E,0x61,0x4E,0x61,0x4F,0x61,0x4F,0x61,0x4F,
0x61,0x4E,0x61,0x4F,0x61,0x4F,0x61,0x4F,0x61,0x4E,0x61,0x4F,0x61,0x4F,0x61,0x4F,0x61,0x4E,0x61,0x4F,0x61,0x4E,0x61,0x4E,0x61,0x4E,0x61,0x6F,0x61,0x6E,0x61,0x4E,
0x61,0x6F,0x61,0x4F,0x61,0x4F,0x61,0x4F,0x61,0x4F,0x61,0x4F,0x61,0x4F,0x61,0x4F,0x61,0x4F,0x61,0x4F,0x61,0x4F,0x61,0x6F,0x61,0x6F,0x61,0x6F,0x69,0x6F,0x69,0x8F,
0x69,0x90,0x69,0x90,0x71,0xB0,0x71,0xB0,0x71,0xB0,0x71,0xD2,0x92,0xD7,0xEE,0x7E,0xFF,0xFF,0xD5,0x9D,0x59,0xEF,0x39,0xE8,0x39,0xE7,0x39,0xE7,0x39,0xE7,0x29,0x65,
0x00,0x00,0x00,0x00,0x00,0x00,0x00,0x00,0x00,0x00,0x00,0x00,0x00,0x00,0x00,0x00,0x00,0x00,0x00,0x00,0x00,0x00,0x00,0x00,0x00,0x00,0x00,0x00,0x00,0x00,0x00,0x00,
0x00,0x00,0x00,0x00,0x00,0x00,0x00,0x00,0x00,0x00,0x00,0x00,0x00,0x00,0x00,0x00,0x00,0x00,0x00,0x00,0x00,0x00,0x00,0x00,0x00,0x00,0x00,0x00,0x00,0x00,0x00,0x00,
0x39,0xE7,0x42,0x28,0x42,0x08,0x42,0x28,0x42,0x29,0x59,0xAE,0xCD,0x1C,0xFF,0xDF,0xEE,0x3E,0x8A,0x95,0x71,0xB1,0x71,0x90,0x71,0x90,0x69,0x8F,0x69,0x6F,0x69,0x6F,
0x69,0x6F,0x69,0x6F,0x69,0x6F,0x61,0x6F,0x69,0x6F,0x69,0x6F,0x61,0x6F,0x69,0x6F,0x61,0x6F,0x61,0x6F,0x61,0x6F,0x61,0x6F,0x61,0x6F,0x61,0x6F,0x61,0x6F,0x61,0x6F,
0x69,0x6F,0x69,0x6F,0x61,0x6F,0x61,0x6F,0x69,0x6F,0x69,0x6F,0x69,0x6F,0x69,0x6F,0x69,0x6F,0x69,0x6F,0x69,0x6F,0x69,0x6F,0x69,0x6F,0x69,0x6F,0x69,0x6F,0x69,0x6F,
0x69,0x6F,0x69,0x6F,0x69,0x6F,0x69,0x6F,0x69,0x6F,0x69,0x6F,0x69,0x6F,0x61,0x6F,0x69,0x6F,0x69,0x6F,0x69,0x6F,0x69,0x6F,0x61,0x6F,0x69,0x6F,0x61,0x6F,0x69,0x6F,
0x69,0x6F,0x61,0x6F,0x61,0x6F,0x69,0x6F,0x69,0x6F,0x69,0x6F,0x61,0x6F,0x69,0x6F,0x61,0x4E,0x6A,0x2F,0x6A,0x2F,0x61,0x4F,0x61,0x6F,0x61,0x6F,0x61,0x6F,0x69,0x6F,
0x61,0x6F,0x61,0x6F,0x61,0x6F,0x61,0x6F,0x69,0x4F,0x61,0x4F,0x61,0x6F,0x61,0x6F,0x69,0x6F,0x69,0x6F,0x69,0x6F,0x69,0x6F,0x69,0x6F,0x69,0x6F,0x69,0x6F,0x69,0x8F,
0x61,0x4E,0x72,0x30,0x72,0x10,0x69,0x6E,0x69,0x8F,0x69,0x8F,0x69,0x8F,0x69,0x8F,0x71,0xAF,0x71,0x8F,0x71,0xAF,0x82,0x90,0x71,0xAF,0x71,0xAF,0x71,0xAF,0x71,0xCF,
0x71,0xCF,0x79,0xEE,0x79,0xEE,0x79,0xEF,0x7A,0x0F,0x82,0x0F,0x82,0x2F,0x82,0x2F,0x8A,0x4E,0x8A,0x4F,0x8A,0x6F,0x92,0x6F,0x92,0x8F,0x9A,0xAF,0x9A,0xCF,0xA3,0x0F,
0xA3,0x2F,0xAB,0x2F,0xAB,0x30,0xAB,0x50,0xBB,0x91,0xCC,0x14,0xED,0x7A,0xED,0x16,0xED,0xD8,0xF6,0x19,0xF5,0xF8,0xF6,0x99,0xDE,0x36,0xE6,0xFA,0xC7,0x58,0xBF,0x37,
0xD7,0x9A,0xB7,0x37,0xD7,0x9B,0xC7,0x39,0xCF,0x59,0xE7,0x1C,0xD6,0x3A,0xE6,0x9D,0xD5,0x5A,0xDD,0x9B,0xDC,0xD8,0xCB,0xD5,0xDC,0x96,0xC2,0xB1,0xDC,0x36,0xC3,0x31,
0xB2,0xCF,0xA2,0xCF,0x9A,0xAF,0x92,0x8F,0x92,0x8F,0x92,0x6F,0x8A,0x6F,0x8A,0x4F,0x82,0x2F,0x82,0x2F,0x82,0x2F,0x7A,0x0F,0x79,0xEF,0x79,0xEF,0x71,0xCF,0x71,0xCF,
0x71,0xAF,0x71,0xAF,0x71,0xAF,0x71,0xAF,0x69,0x8F,0x69,0x8E,0x69,0x8E,0x69,0x8E,0x69,0x8E,0x69,0x6E,0x72,0x4F,0x69,0xCF,0x69,0x4F,0x69,0x6F,0x69,0x6F,0x69,0x6F,
0x61,0x6F,0x69,0x4F,0x61,0x4F,0x61,0x4F,0x61,0x4F,0x61,0x4E,0x61,0x4F,0x61,0x4E,0x61,0x4E,0x61,0x4F,0x61,0x4F,0x61,0x4F,0x61,0x4F,0x61,0x4F,0x61,0x4F,0x61,0x4F,
0x69,0xCF,0x61,0x6F,0x61,0x4F,0x61,0x6F,0x61,0x6F,0x61,0x6F,0x61,0x6F,0x61,0x6F,0x61,0x6F,0x61,0x6F,0x61,0x6F,0x61,0x6F,0x61,0x6F,0x61,0x6F,0x61,0x6F,0x61,0x6F,
0x61,0x6E,0x6A,0x70,0x61,0x6E,0x61,0x4F,0x61,0x6F,0x61,0x6F,0x61,0x6F,0x61,0x6F,0x61,0x6F,0x61,0x6F,0x61,0x6F,0x59,0x2D,0x61,0x4E,0x61,0x6F,0x61,0x4F,0x61,0x6F,
0x61,0x6F,0x61,0x4F,0x61,0x4F,0x61,0x6F,0x61,0x6F,0x61,0x4F,0x61,0x4F,0x61,0x6F,0x61,0x6F,0x61,0x6F,0x61,0x6F,0x61,0x6F,0x61,0x6F,0x61,0x6F,0x61,0x4F,0x61,0x4F,
0x61,0x6F,0x61,0x6F,0x61,0x4F,0x61,0x4F,0x61,0x4F,0x61,0x6F,0x61,0x6F,0x61,0x4F,0x61,0x4F,0x61,0x6F,0x61,0x6F,0x61,0x6F,0x61,0x6F,0x69,0x6F,0x71,0x90,0x71,0xB0,
0x79,0xF1,0x79,0xD1,0x71,0x90,0x71,0xB1,0x71,0xB1,0x79,0xD3,0x92,0xB7,0xEE,0x7E,0xFF,0xFF,0xD5,0x7D,0x59,0xEF,0x39,0xE8,0x39,0xE7,0x39,0xC7,0x39,0xE7,0x29,0x65,
0x00,0x00,0x00,0x00,0x00,0x00,0x00,0x00,0x00,0x00,0x00,0x00,0x00,0x00,0x00,0x00,0x00,0x00,0x00,0x00,0x00,0x00,0x00,0x00,0x00,0x00,0x00,0x00,0x00,0x00,0x00,0x00,
0x00,0x00,0x00,0x00,0x00,0x00,0x00,0x00,0x00,0x00,0x00,0x00,0x00,0x00,0x00,0x00,0x00,0x00,0x00,0x00,0x00,0x00,0x00,0x00,0x00,0x00,0x00,0x00,0x00,0x00,0x00,0x00,
0x39,0xE7,0x42,0x28,0x42,0x08,0x42,0x28,0x42,0x29,0x59,0x8E,0xCD,0x1C,0xFF,0xDF,0xEE,0x3E,0x8A,0x95,0x71,0xB1,0x71,0x90,0x71,0x90,0x71,0x8F,0x69,0x6F,0x69,0x6F,
0x69,0x6F,0x69,0x6F,0x69,0x6F,0x69,0x6F,0x69,0x6F,0x69,0x6F,0x69,0x6F,0x69,0x6F,0x69,0x6F,0x69,0x6F,0x69,0x6F,0x69,0x6F,0x69,0x6F,0x69,0x6F,0x69,0x6F,0x69,0x6F,
0x69,0x6F,0x69,0x6F,0x69,0x6F,0x69,0x6F,0x69,0x6F,0x69,0x6F,0x69,0x6F,0x69,0x6F,0x69,0x6F,0x69,0x6F,0x69,0x6F,0x69,0x6F,0x69,0x6F,0x69,0x6F,0x69,0x6F,0x69,0x6F,
0x69,0x6F,0x69,0x6F,0x69,0x6F,0x69,0x6F,0x69,0x6F,0x69,0x6F,0x69,0x6F,0x69,0x6F,0x69,0x6F,0x69,0x6F,0x69,0x6F,0x69,0x6F,0x69,0x6F,0x69,0x6F,0x69,0x6F,0x69,0x6F,
0x69,0x6F,0x69,0x6F,0x69,0x6F,0x69,0x6F,0x69,0x6F,0x69,0x6F,0x69,0x6F,0x69,0x6F,0x61,0x4F,0x72,0x2F,0x6A,0x30,0x61,0x4F,0x69,0x6F,0x69,0x6F,0x69,0x6F,0x69,0x6F,
0x69,0x6F,0x69,0x6F,0x69,0x6F,0x69,0x6F,0x69,0x6F,0x69,0x6F,0x69,0x6F,0x69,0x6F,0x69,0x6F,0x69,0x6F,0x69,0x6F,0x69,0x6F,0x69,0x6F,0x69,0x6F,0x69,0x6F,0x69,0x8F,
0x69,0x6F,0x7A,0x30,0x72,0x10,0x69,0x6E,0x71,0x8F,0x71,0x8F,0x71,0xAF,0x71,0xAF,0x71,0xAF,0x71,0xAF,0x71,0xCF,0x82,0x90,0x71,0xCF,0x71,0xCF,0x79,0xCF,0x79,0xCF,
0x79,0xEF,0x79,0xEF,0x79,0xEF,0x7A,0x0F,0x82,0x0F,0x82,0x2F,0x8A,0x2F,0x8A,0x4F,0x8A,0x6F,0x92,0x8F,0x92,0x8F,0x9A,0xAF,0x9A,0xCF,0xA2,0xEF,0xA3,0x2F,0xAB,0x2F,
0xAB,0x2F,0xAB,0x8F,0xC4,0x6F,0xDD,0x71,0xED,0xF3,0xF5,0xD5,0xF5,0xF9,0xF5,0xB6,0xED,0xF8,0xF5,0xF8,0xF5,0xD7,0xF6,0x99,0xDE,0x37,0xE6,0xFA,0xC7,0x59,0xBF,0x37,
0xCF,0x9A,0xB7,0x17,0xD7,0x7B,0xC7,0x18,0xC7,0x39,0xDE,0xFB,0xCE,0x19,0xE6,0x7C,0xDD,0xD9,0xE6,0x1A,0xF5,0xF9,0xED,0x97,0xED,0x97,0xDB,0xF3,0xE4,0x56,0xC3,0x31,
0xB3,0x0F,0xAB,0x10,0xA2,0xEF,0xA2,0xCF,0x9A,0xAF,0x92,0x8F,0x92,0x8F,0x92,0x6F,0x8A,0x4F,0x8A,0x4F,0x82,0x2F,0x82,0x0F,0x82,0x0F,0x79,0xEF,0x79,0xEF,0x79,0xCF,
0x71,0xCE,0x71,0xAF,0x71,0xAF,0x71,0xAF,0x71,0xAF,0x69,0xAF,0x69,0xAF,0x69,0x8F,0x69,0x8F,0x69,0x6E,0x72,0x2F,0x71,0xCF,0x69,0x4F,0x69,0x6F,0x69,0x6F,0x69,0x6F,
0x69,0x6F,0x69,0x6F,0x69,0x6F,0x69,0x4F,0x69,0x4F,0x69,0x4F,0x69,0x6F,0x59,0x2D,0x59,0x4E,0x69,0x6F,0x61,0x6F,0x69,0x6F,0x61,0x6F,0x61,0x6F,0x61,0x6F,0x61,0x4F,
0x69,0xCF,0x61,0x6F,0x61,0x6F,0x69,0x6F,0x69,0x6F,0x61,0x6F,0x69,0x6F,0x69,0x6F,0x69,0x6F,0x61,0x6F,0x69,0x6F,0x69,0x6F,0x69,0x6F,0x69,0x6F,0x69,0x6F,0x69,0x6F,
0x69,0x8F,0x72,0x70,0x61,0x6F,0x69,0x6F,0x69,0x6F,0x69,0x6F,0x69,0x6F,0x69,0x6F,0x69,0x6F,0x69,0x6F,0x69,0x6F,0x59,0x2D,0x61,0x4F,0x69,0x6F,0x69,0x6F,0x69,0x6F,
0x69,0x6F,0x69,0x6F,0x61,0x6F,0x61,0x6F,0x61,0x6F,0x69,0x6F,0x69,0x6F,0x69,0x4F,0x69,0x6F,0x69,0x6F,0x61,0x6F,0x61,0x6F,0x69,0x6F,0x61,0x6F,0x61,0x6F,0x61,0x6F,
0x61,0x6F,0x69,0x6F,0x61,0x6F,0x61,0x6F,0x61,0x6F,0x69,0x6F,0x69,0x6F,0x61,0x6F,0x61,0x6F,0x69,0x6F,0x61,0x6F,0x69,0x6F,0x69,0x6F,0x69,0x8F,0x82,0x31,0x79,0xF1,
0x8A,0x52,0x79,0xF1,0x82,0x12,0x82,0x12,0x79,0xB1,0x79,0xF3,0x92,0xB7,0xEE,0x7E,0xFF,0xFF,0xD5,0x7D,0x59,0xEE,0x39,0xE8,0x39,0xE7,0x39,0xE7,0x41,0xE7,0x31,0x65,
0x00,0x00,0x00,0x00,0x00,0x00,0x00,0x00,0x00,0x00,0x00,0x00,0x00,0x00,0x00,0x00,0x00,0x00,0x00,0x00,0x00,0x00,0x00,0x00,0x00,0x00,0x00,0x00,0x00,0x00,0x00,0x00,
0x00,0x00,0x00,0x00,0x00,0x00,0x00,0x00,0x00,0x00,0x00,0x00,0x00,0x00,0x00,0x00,0x00,0x00,0x00,0x00,0x00,0x00,0x00,0x00,0x00,0x00,0x00,0x00,0x00,0x00,0x00,0x00,
0x39,0xE7,0x42,0x28,0x42,0x08,0x42,0x28,0x4A,0x29,0x59,0xAE,0xD5,0x3C,0xFF,0xDF,0xEE,0x3E,0x8A,0x95,0x79,0xD1,0x71,0x90,0x71,0x90,0x71,0x90,0x69,0x6F,0x69,0x6F,
0x69,0x6F,0x69,0x6F,0x69,0x6F,0x69,0x6F,0x69,0x4F,0x69,0x6F,0x69,0x6F,0x69,0x6F,0x69,0x6F,0x69,0x6F,0x69,0x6F,0x69,0x6F,0x69,0x6F,0x69,0x6F,0x69,0x6F,0x69,0x6F,
0x69,0x6F,0x69,0x6F,0x69,0x6F,0x69,0x6F,0x69,0x6F,0x69,0x6F,0x69,0x6F,0x69,0x6F,0x69,0x6F,0x69,0x6F,0x69,0x6F,0x69,0x6F,0x69,0x6F,0x69,0x6F,0x69,0x6F,0x69,0x6F,
0x69,0x6F,0x69,0x6F,0x69,0x6F,0x69,0x6F,0x69,0x6F,0x69,0x6F,0x69,0x6F,0x69,0x6F,0x69,0x6F,0x69,0x6F,0x69,0x6F,0x69,0x6F,0x69,0x6F,0x69,0x6F,0x69,0x6F,0x69,0x6F,
0x69,0x6F,0x69,0x6F,0x69,0x6F,0x69,0x6F,0x69,0x6F,0x69,0x6F,0x69,0x6F,0x69,0x6F,0x69,0x4F,0x72,0x0F,0x6A,0x2F,0x61,0x4F,0x69,0x6F,0x69,0x6F,0x69,0x6F,0x69,0x6F,
0x69,0x6F,0x69,0x6F,0x69,0x6F,0x69,0x6F,0x69,0x6F,0x69,0x6F,0x69,0x6F,0x69,0x6F,0x69,0x6F,0x69,0x6F,0x69,0x6F,0x69,0x8F,0x69,0x8F,0x69,0x8F,0x69,0x8F,0x69,0x8F,
0x69,0x6F,0x7A,0x30,0x72,0x10,0x69,0x6E,0x71,0xAF,0x71,0x8F,0x71,0xAF,0x71,0xAF,0x71,0xAF,0x71,0xAF,0x71,0xCF,0x82,0x70,0x79,0xEF,0x79,0xCF,0x79,0xEF,0x79,0xEF,
0x81,0xEF,0x7A,0x0F,0x82,0x0F,0x82,0x2F,0x82,0x2F,0x8A,0x4F,0x8A,0x4F,0x92,0x6F,0x92,0x8F,0x92,0xAF,0x9A,0xCF,0xA2,0xEF,0xA3,0x0F,0xAB,0x2F,0xAB,0x2F,0xB3,0xAE,
0xCC,0xCF,0xEE,0x10,0xFE,0xB0,0xFE,0xB1,0xF6,0x52,0xED,0xD4,0xF5,0xF9,0xF5,0x96,0xED,0xD7,0xF5,0xD8,0xF5,0xD8,0xF6,0x9A,0xDE,0x37,0xDE,0xFA,0xC7,0x59,0xC7,0x38,
0xD7,0x7A,0xB7,0x17,0xD7,0x7B,0xC7,0x19,0xC7,0x39,0xDE,0xFB,0xCE,0x19,0xE6,0x7C,0xDD,0xB9,0xE6,0x1A,0xED,0xF8,0xED,0x97,0xF5,0xF7,0xF5,0x34,0xF5,0x78,0xE4,0xD2,
0xCC,0x0F,0xB3,0x4F,0xAB,0x2F,0xAB,0x2F,0xA3,0x0F,0x9A,0xCF,0x9A,0xAF,0x92,0x8F,0x92,0x8F,0x8A,0x6F,0x8A,0x4F,0x8A,0x2F,0x82,0x2F,0x82,0x0F,0x79,0xEF,0x79,0xEF,
0x79,0xEF,0x79,0xCF,0x79,0xCF,0x71,0xAF,0x71,0xAF,0x71,0xAF,0x71,0xAF,0x71,0xAF,0x71,0xAF,0x69,0x6E,0x72,0x4F,0x71,0xEF,0x69,0x6F,0x69,0x6F,0x69,0x6F,0x69,0x6F,
0x69,0x6F,0x69,0x6F,0x69,0x6F,0x69,0x6F,0x69,0x4F,0x69,0x4F,0x69,0x6F,0x51,0x2C,0x59,0x2D,0x69,0x6F,0x69,0x6F,0x69,0x6F,0x69,0x6F,0x69,0x6F,0x69,0x6F,0x69,0x6F,
0x69,0xAF,0x69,0x6F,0x69,0x6F,0x69,0x6F,0x69,0x6F,0x69,0x6F,0x69,0x6F,0x69,0x6F,0x69,0x6F,0x69,0x6F,0x69,0x6F,0x69,0x6F,0x69,0x6F,0x69,0x6F,0x69,0x6F,0x69,0x6F,
0x69,0x8F,0x72,0x70,0x61,0x8F,0x69,0x6F,0x69,0x6F,0x69,0x4F,0x69,0x6F,0x69,0x6F,0x69,0x6F,0x69,0x6F,0x61,0x6F,0x59,0x2D,0x61,0x4E,0x69,0x6F,0x69,0x6F,0x69,0x6F,
0x69,0x6F,0x69,0x6F,0x69,0x6F,0x69,0x4F,0x69,0x6F,0x69,0x6F,0x69,0x6F,0x69,0x4F,0x69,0x6F,0x69,0x6F,0x69,0x6F,0x69,0x6F,0x69,0x6F,0x69,0x6F,0x69,0x6F,0x69,0x6F,
0x69,0x6F,0x69,0x6F,0x69,0x6F,0x69,0x4F,0x69,0x6F,0x69,0x6F,0x69,0x6F,0x69,0x4F,0x69,0x6F,0x69,0x6F,0x69,0x6F,0x69,0x6F,0x69,0x6F,0x71,0xB0,0x92,0xD3,0x82,0x32,
0x8A,0xB2,0x92,0xD3,0x8A,0x73,0x81,0xF2,0x79,0xD1,0x79,0xF3,0x92,0xB7,0xEE,0x7F,0xFF,0xFF,0xD5,0x7D,0x59,0xEE,0x42,0x08,0x42,0x08,0x39,0xE7,0x42,0x07,0x29,0x65,
0x00,0x00,0x00,0x00,0x00,0x00,0x00,0x00,0x00,0x00,0x00,0x00,0x00,0x00,0x00,0x00,0x00,0x00,0x00,0x00,0x00,0x00,0x00,0x00,0x00,0x00,0x00,0x00,0x00,0x00,0x00,0x00,
0x00,0x00,0x00,0x00,0x00,0x00,0x00,0x00,0x00,0x00,0x00,0x00,0x00,0x00,0x00,0x00,0x00,0x00,0x00,0x00,0x00,0x00,0x00,0x00,0x00,0x00,0x00,0x00,0x00,0x00,0x00,0x00,
0x39,0xE7,0x42,0x28,0x42,0x08,0x42,0x28,0x4A,0x29,0x51,0xAE,0xD5,0x3C,0xFF,0xFF,0xEE,0x3E,0x8A,0x95,0x79,0xD1,0x79,0x90,0x71,0x90,0x71,0x90,0x71,0x6F,0x71,0x6F,
0x69,0x6F,0x69,0x6F,0x69,0x6F,0x69,0x6F,0x69,0x6F,0x69,0x6F,0x69,0x6F,0x69,0x6F,0x69,0x6F,0x69,0x6F,0x69,0x6F,0x69,0x6F,0x69,0x6F,0x69,0x6F,0x69,0x6F,0x69,0x6F,
0x69,0x6F,0x69,0x6F,0x69,0x6F,0x69,0x6F,0x69,0x6F,0x69,0x6F,0x69,0x6F,0x69,0x8F,0x69,0x8F,0x69,0x8F,0x69,0x8F,0x69,0x8F,0x69,0x6F,0x69,0x6F,0x69,0x6F,0x69,0x6F,
0x69,0x6F,0x69,0x6F,0x69,0x6F,0x69,0x6F,0x69,0x8F,0x69,0x6F,0x69,0x6F,0x69,0x6F,0x69,0x6F,0x69,0x6F,0x69,0x6F,0x69,0x6F,0x69,0x6F,0x69,0x6F,0x69,0x6F,0x69,0x6F,
0x69,0x6F,0x69,0x6F,0x69,0x6F,0x69,0x6F,0x69,0x6F,0x69,0x6F,0x69,0x6F,0x69,0x6F,0x69,0x6F,0x72,0x0F,0x72,0x2F,0x69,0x6F,0x69,0x6F,0x69,0x6F,0x69,0x6F,0x69,0x6F,
0x69,0x6F,0x69,0x6F,0x69,0x6F,0x69,0x6F,0x69,0x6F,0x69,0x6F,0x69,0x6F,0x69,0x6F,0x69,0x6F,0x69,0x8F,0x69,0x6F,0x69,0x8F,0x69,0x8F,0x71,0x8F,0x71,0x8F,0x71,0x8F,
0x69,0x6F,0x7A,0x30,0x7A,0x10,0x69,0x6E,0x71,0xAF,0x71,0xAF,0x71,0xAF,0x71,0xAF,0x71,0xAF,0x79,0xAF,0x79,0xCF,0x82,0x70,0x79,0xEF,0x79,0xEF,0x79,0xEF,0x81,0xEF,
0x82,0x0F,0x82,0x0F,0x82,0x2F,0x8A,0x2F,0x8A,0x4F,0x8A,0x6F,0x92,0x6F,0x92,0x8F,0x9A,0xAF,0x9A,0xCF,0xA2,0xEF,0xAB,0x2F,0xAB,0x2F,0xB3,0x8F,0xCC,0xCF,0xEE,0x30,
0xFE,0xCF,0xFE,0xCF,0xF6,0xAF,0xF6,0x90,0xF6,0x52,0xED,0xD4,0xF5,0xF9,0xF5,0x97,0xED,0xD8,0xF5,0xB8,0xF5,0xB7,0xEE,0x79,0xDE,0x17,0xDE,0xFA,0xC7,0x59,0xC7,0x38,
0xD7,0x7A,0xB7,0x17,0xD7,0x7B,0xBF,0x19,0xC7,0x39,0xD6,0xFB,0xC6,0x19,0xE6,0x9C,0xDD,0xB9,0xE6,0x1A,0xED,0xF8,0xED,0x97,0xF5,0xF7,0xED,0x13,0xF5,0x97,0xF5,0xB2,
0xF6,0x10,0xE5,0x90,0xC4,0x4F,0xAB,0x4E,0xAB,0x2F,0xAB,0x2F,0xA2,0xEF,0x9A,0xCF,0x9A,0xAF,0x92,0x8F,0x92,0x6F,0x8A,0x4F,0x8A,0x2F,0x82,0x2F,0x82,0x0F,0x81,0xEF,
0x79,0xEF,0x79,0xCF,0x79,0xCF,0x79,0xCF,0x79,0xAF,0x71,0xAF,0x71,0xAF,0x71,0xAF,0x71,0xAF,0x69,0x8F,0x7A,0x2F,0x71,0xCF,0x69,0x6F,0x69,0x8F,0x69,0x6F,0x69,0x6F,
0x69,0x6F,0x69,0x6F,0x69,0x6F,0x69,0x6F,0x69,0x6F,0x69,0x6F,0x69,0x6F,0x51,0x0C,0x59,0x2D,0x69,0x8F,0x69,0x6F,0x69,0x6F,0x69,0x6F,0x69,0x6F,0x69,0x6F,0x69,0x6F,
0x71,0xB0,0x69,0x6F,0x69,0x6F,0x69,0x6F,0x69,0x6F,0x69,0x6F,0x69,0x6F,0x69,0x6F,0x69,0x6F,0x69,0x6F,0x69,0x6F,0x69,0x6F,0x69,0x6F,0x69,0x6F,0x69,0x6F,0x69,0x6F,
0x69,0x8F,0x72,0x70,0x69,0x8F,0x69,0x6F,0x69,0x6F,0x69,0x6F,0x69,0x6F,0x69,0x6F,0x69,0x6F,0x69,0x6F,0x69,0x6F,0x59,0x2D,0x61,0x4E,0x69,0x6F,0x69,0x6F,0x69,0x6F,
0x69,0x6F,0x69,0x6F,0x69,0x6F,0x69,0x6F,0x69,0x6F,0x69,0x6F,0x69,0x6F,0x69,0x6F,0x69,0x6F,0x69,0x6F,0x69,0x6F,0x69,0x6F,0x69,0x6F,0x69,0x6F,0x69,0x6F,0x69,0x6F,
0x69,0x6F,0x69,0x6F,0x69,0x6F,0x69,0x6F,0x69,0x6F,0x69,0x6F,0x69,0x6F,0x69,0x6F,0x69,0x6F,0x69,0x6F,0x69,0x6F,0x69,0x6F,0x69,0x6F,0x71,0xB0,0x79,0xF1,0x71,0x90,
0xCD,0x19,0xDD,0xFB,0x82,0x31,0x82,0x12,0x79,0xF1,0x79,0xF3,0x92,0xB7,0xEE,0x5E,0xFF,0xFF,0xD5,0x7D,0x59,0xCE,0x42,0x08,0x39,0xE7,0x39,0xE7,0x42,0x07,0x29,0x65,
0x00,0x00,0x00,0x00,0x00,0x00,0x00,0x00,0x00,0x00,0x00,0x00,0x00,0x00,0x00,0x00,0x00,0x00,0x00,0x00,0x00,0x00,0x00,0x00,0x00,0x00,0x00,0x00,0x00,0x00,0x00,0x00,
0x00,0x00,0x00,0x00,0x00,0x00,0x00,0x00,0x00,0x00,0x00,0x00,0x00,0x00,0x00,0x00,0x00,0x00,0x00,0x00,0x00,0x00,0x00,0x00,0x00,0x00,0x00,0x00,0x00,0x00,0x00,0x00,
0x39,0xE7,0x42,0x28,0x42,0x08,0x42,0x28,0x4A,0x29,0x59,0xAE,0xD5,0x3C,0xFF,0xFF,0xEE,0x3E,0x8A,0x95,0x79,0xD1,0x79,0xB0,0x79,0x90,0x71,0x90,0x71,0x90,0x71,0x6F,
0x71,0x6F,0x71,0x6F,0x71,0x6F,0x71,0x6F,0x71,0x6F,0x71,0x6F,0x71,0x6F,0x71,0x6F,0x71,0x6F,0x71,0x6F,0x69,0x6F,0x71,0x6F,0x71,0x6F,0x69,0x6F,0x71,0x6F,0x69,0x6F,
0x69,0x6F,0x69,0x8F,0x69,0x6F,0x71,0x8F,0x69,0x8F,0x69,0x8F,0x71,0x8F,0x69,0x8F,0x71,0x8F,0x71,0x8F,0x71,0x8F,0x71,0x8F,0x71,0x8F,0x71,0x8F,0x71,0x8F,0x71,0x8F,
0x71,0x8F,0x71,0x8F,0x71,0x8F,0x71,0x8F,0x71,0x8F,0x69,0x8F,0x69,0x6F,0x71,0x6F,0x71,0x8F,0x71,0x8F,0x71,0x8F,0x71,0x8F,0x71,0x90,0x71,0x8F,0x69,0x8F,0x69,0x8F,
0x69,0x8F,0x69,0x8F,0x69,0x8F,0x69,0x6F,0x69,0x6F,0x69,0x6F,0x69,0x6F,0x69,0x6F,0x69,0x4F,0x72,0x0F,0x72,0x0F,0x69,0x6F,0x69,0x8F,0x69,0x6F,0x69,0x6F,0x69,0x6F,
0x69,0x6F,0x69,0x6F,0x69,0x6F,0x69,0x6F,0x69,0x6F,0x69,0x6F,0x69,0x6F,0x71,0x6F,0x69,0x6F,0x71,0x8F,0x71,0x6F,0x71,0x8F,0x71,0x8F,0x71,0x8F,0x71,0x8F,0x71,0xAF,
0x69,0x6F,0x7A,0x30,0x7A,0x10,0x71,0x8F,0x71,0xAF,0x71,0xCF,0x79,0xAF,0x79,0xAF,0x79,0xCF,0x79,0xCF,0x79,0xEF,0x82,0x70,0x82,0x0F,0x81,0xEF,0x81,0xEF,0x82,0x0F,
0x82,0x2F,0x8A,0x2F,0x8A,0x2F,0x8A,0x4F,0x92,0x6F,0x92,0x8F,0x9A,0xAF,0x9A,0xAF,0xA2,0xCF,0xA3,0x0F,0xAB,0x2F,0xAB,0x4E,0xC4,0x8F,0xEE,0x0F,0xFE,0xCF,0xF6,0xCE,
0xF6,0xAE,0xF6,0xAE,0xF6,0xAF,0xF6,0x90,0xF6,0x52,0xED,0xD5,0xF6,0x1A,0xF5,0x97,0xED,0xD8,0xF5,0xB8,0xF5,0x97,0xF6,0x59,0xDE,0x17,0xE6,0xFB,0xCF,0x59,0xC7,0x38,
0xD7,0x7B,0xB7,0x17,0xD7,0x7B,0xBF,0x19,0xC7,0x39,0xD6,0xFB,0xC6,0x19,0xE6,0x9C,0xDD,0xB9,0xE5,0xFA,0xED,0xD8,0xED,0x96,0xF5,0xF7,0xED,0x13,0xF5,0xB7,0xF5,0x92,
0xF6,0x0F,0xFE,0x90,0xFE,0x90,0xDD,0x90,0xBC,0x0F,0xAB,0x4F,0xAB,0x2F,0xA3,0x0F,0x9A,0xCF,0x9A,0xAF,0x92,0x8F,0x92,0x6F,0x8A,0x4F,0x8A,0x2F,0x8A,0x2F,0x82,0x0F,
0x82,0x0F,0x79,0xEF,0x79,0xCF,0x79,0xCF,0x79,0xCF,0x79,0xCF,0x71,0xCF,0x71,0xAF,0x71,0xAF,0x71,0x8F,0x7A,0x2F,0x71,0xF0,0x71,0x8F,0x71,0x8F,0x71,0x8F,0x71,0x8F,
0x71,0x6F,0x69,0x8F,0x69,0x8F,0x69,0x8F,0x69,0x6F,0x69,0x6F,0x71,0x90,0x51,0x0C,0x59,0x4D,0x69,0x6F,0x69,0x6F,0x69,0x6F,0x69,0x6F,0x69,0x6F,0x69,0x6F,0x69,0x6F,
0x71,0xD0,0x69,0x8F,0x69,0x6F,0x69,0x6F,0x69,0x6F,0x69,0x6F,0x69,0x6F,0x69,0x6F,0x69,0x6F,0x69,0x6F,0x69,0x6F,0x69,0x6F,0x69,0x6F,0x69,0x6F,0x69,0x8F,0x69,0x8F,
0x69,0x8F,0x72,0x70,0x69,0x8F,0x69,0x8F,0x69,0x6F,0x69,0x6F,0x69,0x6F,0x69,0x6F,0x69,0x6F,0x69,0x6F,0x69,0x6F,0x59,0x2D,0x69,0x6F,0x69,0x6F,0x69,0x6F,0x69,0x6F,
0x69,0x6F,0x69,0x8F,0x69,0x6F,0x69,0x6F,0x69,0x6F,0x69,0x6F,0x69,0x6F,0x69,0x6F,0x69,0x6F,0x69,0x6F,0x69,0x6F,0x69,0x6F,0x69,0x6F,0x69,0x6F,0x69,0x6F,0x69,0x6F,
0x69,0x6F,0x69,0x6F,0x69,0x6F,0x69,0x6F,0x69,0x6F,0x69,0x6F,0x69,0x6F,0x69,0x6F,0x69,0x6F,0x69,0x6F,0x69,0x6F,0x69,0x6F,0x69,0x6F,0x71,0x8F,0x71,0x90,0x79,0xD1,
0xAB,0xF5,0xBC,0x77,0x8A,0x72,0x8A,0x33,0x81,0xF1,0x81,0xF3,0x92,0xB7,0xEE,0x5E,0xFF,0xFF,0xD5,0x7D,0x59,0xEE,0x42,0x08,0x42,0x07,0x39,0xE7,0x42,0x07,0x29,0x65,
0x00,0x00,0x00,0x00,0x00,0x00,0x00,0x00,0x00,0x00,0x00,0x00,0x00,0x00,0x00,0x00,0x00,0x00,0x00,0x00,0x00,0x00,0x00,0x00,0x00,0x00,0x00,0x00,0x00,0x00,0x00,0x00,
0x00,0x00,0x00,0x00,0x00,0x00,0x00,0x00,0x00,0x00,0x00,0x00,0x00,0x00,0x00,0x00,0x00,0x00,0x00,0x00,0x00,0x00,0x00,0x00,0x00,0x00,0x00,0x00,0x00,0x00,0x00,0x00,
0x39,0xE7,0x42,0x28,0x42,0x08,0x42,0x28,0x4A,0x29,0x59,0xAE,0xD5,0x3C,0xFF,0xFF,0xEE,0x3E,0x8A,0x95,0x79,0xD1,0x79,0xB0,0x79,0xB0,0x71,0x90,0x71,0x90,0x71,0x90,
0x71,0x6F,0x71,0x6F,0x71,0x6F,0x71,0x6F,0x71,0x6F,0x71,0x6F,0x71,0x6F,0x71,0x6F,0x71,0x6F,0x71,0x6F,0x71,0x6F,0x71,0x6F,0x71,0x6F,0x69,0x6F,0x71,0x6F,0x71,0x6F,
0x71,0x6F,0x71,0x6F,0x71,0x6F,0x71,0x8F,0x71,0x8F,0x69,0x8F,0x71,0x8F,0x71,0x8F,0x71,0x8F,0x71,0x8F,0x71,0x8F,0x71,0x8F,0x71,0x8F,0x71,0x90,0x71,0x8F,0x71,0x8F,
0x71,0x8F,0x71,0x8F,0x71,0x90,0x71,0x90,0x71,0x8F,0x71,0x6F,0x71,0x6F,0x71,0x8F,0x71,0x8F,0x71,0x8F,0x71,0x8F,0x71,0x8F,0x71,0x90,0x71,0x90,0x71,0x90,0x71,0x8F,
0x71,0x90,0x71,0x8F,0x71,0xD0,0x71,0xD0,0x69,0x6F,0x71,0x70,0x69,0x6F,0x69,0x6F,0x69,0x6F,0x72,0x0F,0x72,0x2F,0x69,0x6F,0x71,0x8F,0x69,0x6F,0x69,0x6F,0x69,0x6F,
0x69,0x6F,0x71,0x6F,0x71,0x6F,0x71,0x6F,0x71,0x6F,0x71,0x6F,0x71,0x6F,0x71,0x6F,0x71,0x6F,0x71,0x6F,0x71,0x8F,0x71,0x8F,0x71,0x8F,0x71,0x8F,0x71,0x8F,0x71,0xAF,
0x71,0x8F,0x7A,0x30,0x7A,0x10,0x71,0x8F,0x71,0xAF,0x79,0xAF,0x79,0xAF,0x79,0xCF,0x79,0xCF,0x79,0xCF,0x79,0xEF,0x8A,0x70,0x82,0x0F,0x82,0x0F,0x82,0x0F,0x8A,0x2F,
0x8A,0x2F,0x8A,0x4F,0x8A,0x6F,0x92,0x6F,0x92,0x8F,0x9A,0xAF,0x9A,0xAF,0xA2,0xEF,0xAB,0x0F,0xAB,0x2E,0xB3,0xCE,0xDD,0x8F,0xF6,0xAF,0xF6,0xAE,0xF6,0x8D,0xF6,0xAE,
0xF6,0xAE,0xF6,0xAE,0xF6,0x8F,0xF6,0x70,0xF6,0x52,0xED,0xF5,0xF6,0x3A,0xF5,0xB8,0xED,0xF9,0xF5,0x98,0xF5,0x77,0xEE,0x39,0xDD,0xD7,0xDE,0xDB,0xCF,0x39,0xC7,0x38,
0xD7,0x7B,0xB6,0xF8,0xCF,0x7B,0xBE,0xF9,0xC7,0x39,0xD6,0xFC,0xC6,0x19,0xE6,0x9C,0xDD,0xB9,0xE5,0xF9,0xED,0xD8,0xED,0x96,0xF5,0xF7,0xF5,0x13,0xF5,0xB7,0xF5,0x92,
0xF6,0x10,0xF6,0x6F,0xF6,0x8F,0xFE,0xAF,0xF6,0x70,0xD4,0xEF,0xB3,0x8E,0xAB,0x4F,0xAB,0x2F,0xA2,0xEF,0x9A,0xCF,0x9A,0x8F,0x92,0x6F,0x92,0x4F,0x8A,0x4F,0x8A,0x2F,
0x82,0x0F,0x82,0x0F,0x81,0xEF,0x79,0xEF,0x79,0xEF,0x79,0xCF,0x79,0xCF,0x79,0xCF,0x79,0xCF,0x71,0xAF,0x7A,0x2F,0x79,0xF0,0x71,0x8F,0x71,0x8F,0x71,0x8F,0x71,0x8F,
0x71,0x8F,0x71,0x6F,0x71,0x8F,0x71,0x6F,0x69,0x6F,0x71,0x8F,0x69,0x8F,0x48,0xEB,0x61,0x6D,0x71,0xB0,0x69,0x6F,0x69,0x4F,0x69,0x6F,0x69,0x6F,0x69,0x6F,0x69,0x6F,
0x71,0xB0,0x69,0x8F,0x69,0x6F,0x69,0x6F,0x69,0x6F,0x69,0x6F,0x71,0x6F,0x69,0x6F,0x69,0x6F,0x69,0x6F,0x71,0x6F,0x71,0x6F,0x71,0x6F,0x71,0x6F,0x71,0x90,0x71,0x6F,
0x71,0x8F,0x7A,0x70,0x69,0x8F,0x71,0x6F,0x69,0x6F,0x69,0x6F,0x69,0x6F,0x69,0x6F,0x69,0x6F,0x69,0x6F,0x69,0x6F,0x59,0x2D,0x69,0x6F,0x69,0x6F,0x69,0x6F,0x69,0x6F,
0x69,0x6F,0x69,0x6F,0x69,0x6F,0x69,0x6F,0x69,0x6F,0x69,0x6F,0x69,0x6F,0x69,0x6F,0x69,0x6F,0x69,0x6F,0x69,0x6F,0x69,0x6F,0x69,0x6F,0x69,0x6F,0x69,0x6F,0x69,0x6F,
0x69,0x6F,0x69,0x6F,0x69,0x6F,0x69,0x4F,0x69,0x6F,0x69,0x6F,0x69,0x6F,0x69,0x6F,0x69,0x6F,0x69,0x6F,0x69,0x6F,0x69,0x6F,0x69,0x6F,0x69,0x6F,0x71,0xB0,0x82,0x12,
0x71,0xB0,0x79,0xF1,0x8A,0x32,0x81,0xD2,0x81,0xD2,0x81,0xF3,0x92,0xB7,0xEE,0x5E,0xFF,0xFF,0xD5,0x7D,0x59,0xEE,0x42,0x08,0x42,0x08,0x39,0xE7,0x42,0x08,0x31,0x65,
0x00,0x00,0x00,0x00,0x00,0x00,0x00,0x00,0x00,0x00,0x00,0x00,0x00,0x00,0x00,0x00,0x00,0x00,0x00,0x00,0x00,0x00,0x00,0x00,0x00,0x00,0x00,0x00,0x00,0x00,0x00,0x00,
0x00,0x00,0x00,0x00,0x00,0x00,0x00,0x00,0x00,0x00,0x00,0x00,0x00,0x00,0x00,0x00,0x00,0x00,0x00,0x00,0x00,0x00,0x00,0x00,0x00,0x00,0x00,0x00,0x00,0x00,0x00,0x00,
0x39,0xE7,0x42,0x28,0x42,0x08,0x42,0x28,0x4A,0x29,0x59,0xAE,0xD5,0x3C,0xFF,0xFF,0xEE,0x3E,0x8A,0x95,0x79,0xD1,0x79,0xB0,0x79,0xB0,0x79,0x90,0x79,0x90,0x71,0x90,
0x71,0x6F,0x71,0x6F,0x71,0x6F,0x71,0x6F,0x71,0x6F,0x71,0x6F,0x71,0x6F,0x71,0x6F,0x71,0x6F,0x71,0x6F,0x71,0x6F,0x71,0x6F,0x71,0x6F,0x71,0x6F,0x71,0x6F,0x71,0x6F,
0x71,0x6F,0x71,0x6F,0x71,0x6F,0x71,0x6F,0x71,0x6F,0x71,0x6F,0x71,0x8F,0x71,0x8F,0x71,0x8F,0x71,0x8F,0x71,0x8F,0x71,0x8F,0x71,0x8F,0x71,0x70,0x71,0x6F,0x71,0x6F,
0x71,0x6F,0x71,0x6F,0x71,0x6F,0x71,0x90,0x71,0x6F,0x71,0x6F,0x71,0x70,0x71,0x6F,0x71,0x8F,0x71,0x90,0x71,0x6F,0x71,0x90,0x71,0x90,0x71,0x90,0x71,0x90,0x71,0x90,
0x71,0x90,0x71,0x6F,0x79,0xB0,0x79,0xD0,0x71,0x6F,0x71,0x6F,0x71,0x6F,0x71,0x90,0x69,0x6F,0x72,0x10,0x72,0x30,0x69,0x6F,0x71,0x8F,0x71,0x8F,0x71,0x8F,0x71,0x6F,
0x71,0x6F,0x71,0x6F,0x71,0x6F,0x71,0x8F,0x71,0x6F,0x71,0x6F,0x71,0x8F,0x71,0x6F,0x71,0x6F,0x71,0x8F,0x71,0x8F,0x71,0x8F,0x71,0x8F,0x71,0x8F,0x71,0x8F,0x79,0xAF,
0x71,0x8F,0x7A,0x30,0x7A,0x30,0x71,0x8F,0x79,0xCF,0x79,0xAF,0x79,0xCF,0x79,0xCF,0x81,0xCF,0x81,0xCF,0x82,0x0F,0x92,0xB1,0x82,0x2F,0x8A,0x0F,0x8A,0x2F,0x8A,0x2F,
0x8A,0x4F,0x92,0x4F,0x92,0x8F,0x9A,0x8F,0x9A,0xAF,0x9A,0xCF,0xA2,0xEF,0xAB,0x2F,0xAB,0x2E,0xCC,0x8E,0xF6,0x4F,0xF6,0xAE,0xF6,0x8D,0xF6,0x8E,0xF6,0x8E,0xF6,0xAE,
0xF6,0xAE,0xF6,0xAE,0xF6,0xAF,0xF6,0x70,0xF6,0x32,0xED,0xF5,0xF6,0x5A,0xF5,0xB9,0xE5,0x98,0xF5,0x98,0xF5,0x57,0xEE,0x39,0xDD,0xD7,0xDE,0xDA,0xCF,0x3A,0xC7,0x18,
0xD7,0x7B,0xB6,0xF8,0xCF,0x7B,0xBE,0xF9,0xC7,0x1A,0xD6,0xFB,0xC6,0x19,0xE6,0x7C,0xDD,0xB9,0xE6,0x19,0xED,0xD8,0xED,0x96,0xF5,0xF7,0xF5,0x14,0xF5,0xB7,0xF5,0x92,
0xF6,0x10,0xF6,0x4F,0xF6,0x8F,0xF6,0x6E,0xF6,0x6E,0xF6,0x8F,0xE5,0xCF,0xBC,0x0E,0xAB,0x4E,0xAB,0x4F,0xA2,0xEF,0x9A,0xCF,0x9A,0xAF,0x92,0x8F,0x92,0x4F,0x8A,0x4F,
0x8A,0x2F,0x82,0x0F,0x82,0x0F,0x81,0xEF,0x81,0xEF,0x79,0xEF,0x79,0xCF,0x79,0xCF,0x79,0xCF,0x79,0xAF,0x7A,0x30,0x79,0xF0,0x71,0x8F,0x71,0x8F,0x71,0x8F,0x71,0x8F,
0x71,0x8F,0x71,0x8F,0x71,0x8F,0x69,0x6F,0x71,0xB0,0x59,0x4C,0x20,0x66,0x20,0x66,0x41,0x09,0x49,0x0B,0x61,0x4D,0x69,0x6F,0x69,0x6F,0x71,0x6F,0x71,0x6F,0x69,0x6F,
0x71,0xB0,0x71,0x8F,0x69,0x6F,0x69,0x6F,0x69,0x6F,0x69,0x6F,0x71,0x6F,0x71,0x6F,0x71,0x6F,0x71,0x6F,0x71,0x6F,0x71,0x6F,0x71,0x70,0x71,0x90,0x71,0x90,0x71,0x90,
0x71,0x8F,0x7A,0x70,0x69,0x8F,0x71,0x6F,0x69,0x6F,0x69,0x6F,0x69,0x8F,0x69,0x6F,0x69,0x6F,0x69,0x6F,0x69,0x6F,0x59,0x2D,0x69,0x6F,0x71,0x6F,0x71,0x6F,0x71,0x6F,
0x71,0x6F,0x71,0x6F,0x69,0x6F,0x71,0x6F,0x71,0x6F,0x71,0x6F,0x69,0x6F,0x69,0x6F,0x69,0x6F,0x69,0x6F,0x69,0x6F,0x69,0x6F,0x69,0x6F,0x69,0x6F,0x69,0x6F,0x69,0x6F,
0x69,0x6F,0x69,0x6F,0x69,0x6F,0x69,0x6F,0x69,0x6F,0x69,0x6F,0x69,0x6F,0x69,0x6F,0x69,0x6F,0x69,0x6F,0x69,0x6F,0x69,0x6F,0x69,0x6F,0x71,0x70,0x79,0xB0,0x71,0x90,
0x79,0xB1,0x79,0xD1,0x81,0xD1,0x81,0xF2,0x81,0xD1,0x81,0xF3,0x92,0xB7,0xEE,0x5E,0xFF,0xDF,0xD5,0x7D,0x59,0xEE,0x42,0x08,0x42,0x08,0x39,0xE7,0x42,0x08,0x29,0x65,
0x00,0x00,0x00,0x00,0x00,0x00,0x00,0x00,0x00,0x00,0x00,0x00,0x00,0x00,0x00,0x00,0x00,0x00,0x00,0x00,0x00,0x00,0x00,0x00,0x00,0x00,0x00,0x00,0x00,0x00,0x00,0x00,
0x00,0x00,0x00,0x00,0x00,0x00,0x00,0x00,0x00,0x00,0x00,0x00,0x00,0x00,0x00,0x00,0x00,0x00,0x00,0x00,0x00,0x00,0x00,0x00,0x00,0x00,0x00,0x00,0x00,0x00,0x00,0x00,
0x39,0xE7,0x42,0x28,0x42,0x08,0x42,0x28,0x4A,0x29,0x59,0xAE,0xD5,0x1C,0xFF,0xFF,0xEE,0x3E,0x8A,0x95,0x81,0xF1,0x79,0xB0,0x79,0xB0,0x79,0xB0,0x79,0x90,0x79,0x90,
0x79,0x90,0x71,0x6F,0x71,0x6F,0x71,0x8F,0x71,0x6F,0x71,0x6F,0x71,0x6F,0x71,0x6F,0x71,0x6F,0x71,0x6F,0x71,0x6F,0x71,0x6F,0x71,0x6F,0x71,0x6F,0x71,0x8F,0x71,0x6F,
0x71,0x6F,0x71,0x6F,0x71,0x8F,0x71,0x90,0x71,0x90,0x71,0x90,0x71,0x90,0x71,0x8F,0x71,0x8F,0x71,0x90,0x71,0x90,0x71,0x90,0x71,0x90,0x71,0x8F,0x71,0x90,0x71,0x8F,
0x71,0x90,0x71,0x90,0x71,0x90,0x71,0x90,0x79,0x90,0x71,0x90,0x71,0x90,0x71,0x90,0x71,0x90,0x71,0x90,0x71,0x90,0x71,0x90,0x71,0x90,0x71,0x90,0x71,0x90,0x71,0x90,
0x71,0x90,0x71,0x90,0x71,0x8F,0x71,0x70,0x71,0x90,0x71,0x90,0x71,0x90,0x71,0x90,0x71,0x6F,0x72,0x10,0x7A,0x30,0x71,0x6F,0x71,0x8F,0x71,0x8F,0x71,0x8F,0x71,0x8F,
0x71,0x6F,0x71,0x8F,0x71,0x6F,0x71,0x8F,0x71,0x6F,0x71,0x8F,0x71,0x6F,0x71,0x6F,0x71,0x8F,0x71,0x8F,0x71,0x8F,0x71,0x8F,0x71,0x8F,0x79,0x8F,0x79,0xAF,0x79,0xAF,
0x79,0x8F,0x82,0x30,0x7A,0x30,0x71,0x8F,0x79,0xCF,0x79,0xCF,0x79,0xCF,0x81,0xCF,0x81,0xEF,0x81,0xEF,0x82,0x0F,0x9B,0x12,0x8A,0x70,0x8A,0x2F,0x8A,0x4F,0x92,0x4F,
0x92,0x6F,0x92,0x8F,0x9A,0xAF,0x9A,0xCF,0xA2,0xEF,0xAB,0x0F,0xAB,0x0F,0xB3,0x6E,0xDD,0x2F,0xF6,0x8F,0xF6,0x8D,0xF6,0x6D,0xF6,0x8E,0xF6,0x8E,0xF6,0xAE,0xF6,0x8E,
0xF6,0xAE,0xF6,0xAE,0xF6,0x8F,0xF6,0x70,0xF6,0x32,0xED,0xD5,0xF6,0x5B,0xF5,0x99,0xDD,0x58,0xF5,0x98,0xF5,0x77,0xEE,0x39,0xDD,0xD7,0xDE,0xDA,0xCF,0x3A,0xC7,0x18,
0xD7,0x7B,0xB6,0xF8,0xCF,0x7B,0xBE,0xF9,0xC7,0x1A,0xD6,0xFB,0xC6,0x19,0xE6,0x7B,0xDD,0xB9,0xE5,0xF9,0xED,0xD8,0xED,0x96,0xF5,0xF7,0xF5,0x14,0xF5,0xB7,0xF5,0x92,
0xF5,0xF0,0xF6,0x4F,0xF6,0x6E,0xF6,0x6E,0xF6,0x6E,0xF6,0x6E,0xF6,0x8E,0xF6,0x4F,0xC4,0x8E,0xAB,0x4E,0xAB,0x4F,0xA3,0x0F,0xA2,0xCF,0x9A,0xAF,0x92,0x6F,0x92,0x4F,
0x8A,0x4F,0x8A,0x2F,0x8A,0x0F,0x82,0x0F,0x81,0xEF,0x81,0xEF,0x79,0xEF,0x79,0xEF,0x79,0xCF,0x79,0xCF,0x7A,0x30,0x79,0xF0,0x79,0x8F,0x79,0xAF,0x79,0xAF,0x71,0xAF,
0x71,0x8F,0x71,0x8F,0x71,0x8F,0x71,0x8F,0x59,0x6D,0x20,0x66,0x18,0x45,0x18,0x65,0x10,0x44,0x08,0x03,0x40,0xCA,0x71,0x90,0x71,0x6F,0x71,0x6F,0x71,0x6F,0x71,0x90,
0x79,0xB0,0x71,0x90,0x71,0x70,0x71,0x90,0x71,0x90,0x71,0x90,0x71,0x90,0x71,0x6F,0x71,0x70,0x71,0x6F,0x71,0x70,0x71,0x90,0x71,0x90,0x71,0x90,0x71,0x90,0x71,0x90,
0x71,0x8F,0x7A,0x50,0x71,0x8F,0x71,0x8F,0x71,0x8F,0x71,0x8F,0x71,0x8F,0x71,0x6F,0x71,0x6F,0x71,0x6F,0x71,0x6F,0x59,0x2D,0x71,0x6F,0x71,0x70,0x71,0x6F,0x71,0x6F,
0x71,0x6F,0x71,0x6F,0x71,0x6F,0x71,0x6F,0x71,0x6F,0x71,0x6F,0x71,0x6F,0x71,0x6F,0x71,0x6F,0x71,0x6F,0x71,0x6F,0x71,0x6F,0x69,0x6F,0x69,0x6F,0x71,0x6F,0x71,0x6F,
0x71,0x6F,0x71,0x6F,0x71,0x6F,0x71,0x6F,0x71,0x6F,0x71,0x6F,0x71,0x6F,0x71,0x6F,0x71,0x6F,0x71,0x6F,0x71,0x6F,0x71,0x6F,0x71,0x6F,0x71,0x90,0x71,0x90,0x71,0x90,
0x79,0xB0,0x79,0xB0,0x79,0xB1,0x81,0xB1,0x81,0xD1,0x81,0xF3,0x92,0xB7,0xEE,0x5E,0xFF,0xFF,0xD5,0x7D,0x59,0xEF,0x42,0x08,0x42,0x07,0x39,0xE7,0x42,0x08,0x31,0x86,
0x00,0x00,0x00,0x00,0x00,0x00,0x00,0x00,0x00,0x00,0x00,0x00,0x00,0x00,0x00,0x00,0x00,0x00,0x00,0x00,0x00,0x00,0x00,0x00,0x00,0x00,0x00,0x00,0x00,0x00,0x00,0x00,
0x00,0x00,0x00,0x00,0x00,0x00,0x00,0x00,0x00,0x00,0x00,0x00,0x00,0x00,0x00,0x00,0x00,0x00,0x00,0x00,0x00,0x00,0x00,0x00,0x00,0x00,0x00,0x00,0x00,0x00,0x00,0x00,
0x39,0xE7,0x42,0x28,0x42,0x08,0x42,0x28,0x4A,0x29,0x51,0xAE,0xCD,0x3C,0xFF,0xFF,0xEE,0x3E,0x8A,0x95,0x81,0xF1,0x81,0xB1,0x79,0xB1,0x79,0xB0,0x79,0xB0,0x79,0x90,
0x79,0x90,0x79,0x8F,0x71,0x8F,0x71,0x6F,0x71,0x6F,0x71,0x6F,0x71,0x6F,0x71,0x6F,0x71,0x6F,0x71,0x6F,0x71,0x6F,0x71,0x6F,0x71,0x6F,0x71,0x6F,0x71,0x8F,0x71,0x8F,
0x71,0x8F,0x71,0x8F,0x71,0x8F,0x71,0x8F,0x71,0x8F,0x71,0x8F,0x71,0x8F,0x71,0x8F,0x71,0x8F,0x71,0x8F,0x71,0x90,0x71,0x8F,0x71,0x90,0x71,0x8F,0x71,0x90,0x71,0x8F,
0x79,0x8F,0x71,0x90,0x71,0x90,0x71,0x90,0x71,0x90,0x71,0x8F,0x71,0x90,0x69,0x6F,0x71,0x90,0x79,0x8F,0x71,0x90,0x71,0x90,0x71,0x8F,0x71,0x8F,0x71,0x90,0x71,0x8F,
0x71,0x90,0x71,0x90,0x71,0x90,0x71,0x90,0x71,0x8F,0x71,0x90,0x71,0x90,0x71,0x90,0x71,0x6F,0x7A,0x10,0x7A,0x30,0x71,0x6F,0x71,0x8F,0x71,0x8F,0x71,0x8F,0x71,0x8F,
0x71,0x6F,0x71,0x8F,0x71,0x8F,0x71,0x8F,0x71,0x8F,0x71,0x8F,0x71,0x8F,0x79,0x8F,0x79,0x8F,0x71,0x8F,0x79,0x8F,0x79,0x8F,0x79,0xAF,0x79,0xAF,0x79,0xAF,0x79,0xAF,
0x79,0x8F,0x82,0x50,0x7A,0x30,0x79,0xAF,0x79,0xCF,0x79,0xCF,0x81,0xCF,0x81,0xEF,0x81,0xEF,0x81,0xEF,0x8A,0x2F,0x92,0xB1,0x92,0x70,0x92,0x90,0x92,0x4F,0x92,0x6F,
0x9A,0x8F,0x9A,0xAF,0xA2,0xCF,0xA2,0xEF,0xAB,0x2F,0xAB,0x2F,0xB3,0xAE,0xE5,0xAF,0xF6,0x8E,0xF6,0x6D,0xF6,0x6D,0xF6,0x6D,0xF6,0x8E,0xF6,0x8E,0xF6,0x8D,0xF6,0x8E,
0xF6,0x8E,0xF6,0x8E,0xF6,0x8F,0xF6,0x70,0xF6,0x32,0xED,0xD4,0xF6,0x5B,0xF5,0x59,0xE5,0x58,0xF5,0xB8,0xF5,0x77,0xEE,0x39,0xDD,0xD7,0xDE,0xDB,0xC7,0x3A,0xBF,0x18,
0xD7,0x5B,0xB6,0xF8,0xCF,0x7B,0xB6,0xF9,0xBF,0x1A,0xD6,0xFC,0xC6,0x19,0xDE,0x7B,0xDD,0xB9,0xE5,0xF9,0xED,0xD8,0xED,0x96,0xF5,0xF7,0xF5,0x14,0xF5,0xB7,0xF5,0x92,
0xFD,0xF0,0xF6,0x4F,0xF6,0x6E,0xF6,0x6E,0xF6,0x6E,0xF6,0x6E,0xF6,0x6E,0xF6,0x8E,0xF6,0x8F,0xD4,0xEF,0xAB,0x6E,0xAB,0x4F,0xAB,0x0F,0xA2,0xCF,0x9A,0xAF,0x9A,0x8F,
0x92,0x4F,0x8A,0x4F,0x8A,0x2F,0x8A,0x2F,0x8A,0x0F,0x81,0xEF,0x81,0xEF,0x81,0xEF,0x81,0xEF,0x79,0xCF,0x82,0x30,0x81,0xF0,0x79,0xAF,0x79,0xAF,0x79,0xAF,0x79,0xAF,
0x71,0xAF,0x71,0x8F,0x79,0xAF,0x61,0x6D,0x18,0x45,0x18,0x65,0x18,0x44,0x10,0x24,0x18,0x65,0x10,0x24,0x40,0xEA,0x79,0xB0,0x71,0x6F,0x71,0x6F,0x61,0x4E,0x51,0x2C,
0x49,0x2B,0x49,0x0B,0x49,0x0B,0x59,0x2C,0x51,0x2C,0x51,0x2C,0x61,0x4E,0x71,0x8F,0x71,0x70,0x71,0x8F,0x71,0x8F,0x71,0x90,0x71,0x90,0x71,0x90,0x71,0x90,0x71,0x90,
0x71,0x8F,0x7A,0x50,0x71,0x8F,0x71,0x90,0x71,0x90,0x71,0x6F,0x71,0x6F,0x71,0x6F,0x71,0x6F,0x71,0x6F,0x71,0x90,0x61,0x2D,0x69,0x8F,0x71,0xB0,0x79,0xB0,0x71,0xB0,
0x71,0x90,0x71,0x6F,0x71,0x6F,0x71,0x6F,0x71,0x6F,0x71,0x6F,0x71,0x6F,0x71,0x6F,0x71,0x6F,0x71,0x6F,0x71,0x6F,0x71,0x6F,0x61,0x4E,0x71,0x6F,0x71,0x6F,0x71,0x6F,
0x71,0x6F,0x71,0x6F,0x71,0x6F,0x71,0x6F,0x71,0x6F,0x71,0x6F,0x71,0x6F,0x71,0x6F,0x71,0x6F,0x71,0x6F,0x71,0x8F,0x71,0x6F,0x71,0x6F,0x71,0x90,0x71,0x90,0x71,0x90,
0x71,0x90,0x79,0xB0,0x79,0xB0,0x79,0xB1,0x81,0xB1,0x81,0xF3,0x92,0xB7,0xEE,0x5E,0xFF,0xFF,0xD5,0x7D,0x59,0xEF,0x42,0x08,0x42,0x08,0x39,0xE7,0x42,0x08,0x31,0x86,
0x00,0x00,0x00,0x00,0x00,0x00,0x00,0x00,0x00,0x00,0x00,0x00,0x00,0x00,0x00,0x00,0x00,0x00,0x00,0x00,0x00,0x00,0x00,0x00,0x00,0x00,0x00,0x00,0x00,0x00,0x00,0x00,
0x00,0x00,0x00,0x00,0x00,0x00,0x00,0x00,0x00,0x00,0x00,0x00,0x00,0x00,0x00,0x00,0x00,0x00,0x00,0x00,0x00,0x00,0x00,0x00,0x00,0x00,0x00,0x00,0x00,0x00,0x00,0x00,
0x39,0xE7,0x42,0x28,0x42,0x08,0x42,0x28,0x4A,0x49,0x51,0x8E,0xCD,0x1C,0xFF,0xFF,0xE6,0x3E,0x8A,0xB5,0x81,0xF1,0x81,0xB1,0x81,0xB1,0x79,0xB0,0x79,0xB0,0x79,0x90,
0x79,0x90,0x79,0x90,0x79,0x90,0x79,0x8F,0x79,0x6F,0x79,0x6F,0x79,0x6F,0x79,0x8F,0x71,0x6F,0x79,0x6F,0x71,0x6F,0x71,0x6F,0x71,0x8F,0x79,0x8F,0x79,0x8F,0x79,0x8F,
0x79,0x8F,0x79,0x8F,0x79,0x8F,0x79,0x8F,0x79,0x8F,0x79,0x90,0x79,0x90,0x79,0x90,0x79,0x90,0x79,0x90,0x79,0x8F,0x79,0x90,0x71,0x90,0x71,0x90,0x79,0x90,0x79,0x90,
0x79,0x90,0x79,0x90,0x79,0x90,0x79,0x90,0x79,0x90,0x79,0x90,0x79,0xB0,0x69,0x6E,0x79,0x8F,0x79,0x90,0x79,0xB0,0x79,0xB0,0x79,0xB0,0x79,0x90,0x79,0x90,0x79,0x90,
0x79,0x90,0x79,0x90,0x71,0x90,0x71,0x90,0x71,0x90,0x71,0x90,0x71,0x90,0x71,0x90,0x71,0x70,0x7A,0x10,0x7A,0x30,0x71,0x6F,0x71,0x8F,0x71,0x8F,0x79,0x8F,0x71,0x6F,
0x71,0x6F,0x71,0x8F,0x71,0x8F,0x79,0x8F,0x79,0x8F,0x79,0x8F,0x79,0x8F,0x79,0x8F,0x79,0x8F,0x79,0x8F,0x79,0x8F,0x79,0xAF,0x79,0xAF,0x79,0xAF,0x79,0xAF,0x79,0xB0,
0x79,0xAF,0x82,0x50,0x82,0x30,0x79,0xAF,0x81,0xCF,0x81,0xCF,0x81,0xCF,0x81,0xEF,0x81,0xEF,0x82,0x0F,0x8A,0x2F,0xAB,0x73,0x9A,0xB1,0x9A,0xB1,0x92,0x8F,0x9A,0x8F,
0x9A,0xAF,0xA2,0xCF,0xA2,0xEF,0xAB,0x2F,0xAB,0x2F,0xBB,0xEE,0xED,0xEF,0xF6,0x8E,0xF6,0x6D,0xF6,0x6D,0xF6,0x6D,0xF6,0x6D,0xF6,0x6D,0xF6,0x6D,0xF6,0x8E,0xF6,0x8E,
0xF6,0x8E,0xF6,0x8E,0xF6,0x8F,0xF6,0x70,0xF6,0x12,0xED,0xB4,0xF6,0x3B,0xED,0x18,0xDD,0x18,0xF5,0xD9,0xF5,0x77,0xEE,0x59,0xDD,0xD7,0xDE,0xBB,0xC7,0x1A,0xBF,0x18,
0xD7,0x7B,0xB6,0xF8,0xCF,0x7B,0xBE,0xF9,0xBF,0x1A,0xD6,0xFB,0xC6,0x19,0xE6,0x7C,0xDD,0xB9,0xE5,0xF9,0xED,0xD8,0xED,0x96,0xF5,0xF7,0xF5,0x14,0xF5,0xB7,0xF5,0x92,
0xF5,0xF0,0xF6,0x2F,0xF6,0x6E,0xF6,0x6E,0xF6,0x6E,0xF6,0x6E,0xF6,0x6E,0xF6,0x6E,0xF6,0x6E,0xFE,0xAF,0xDD,0x2F,0xAB,0x6E,0xAB,0x4F,0xAB,0x0F,0xA2,0xCF,0x9A,0xAF,
0x9A,0x8F,0x92,0x6F,0x92,0x4F,0x8A,0x2F,0x8A,0x2F,0x8A,0x0F,0x82,0x0F,0x81,0xEF,0x81,0xEF,0x81,0xCF,0x82,0x50,0x82,0x10,0x79,0xB0,0x79,0xB0,0x79,0xAF,0x79,0xAF,
0x79,0xAF,0x79,0xAF,0x71,0x8E,0x28,0x87,0x18,0x64,0x18,0x44,0x28,0xE8,0x29,0x29,0x18,0x45,0x18,0x24,0x48,0xEA,0x79,0xB0,0x71,0x6F,0x79,0xB0,0x48,0xEA,0x10,0x04,
0x10,0x25,0x18,0x45,0x28,0x66,0x18,0x25,0x10,0x05,0x10,0x25,0x20,0x66,0x69,0x6E,0x79,0x90,0x79,0x90,0x79,0x90,0x79,0x90,0x79,0x90,0x79,0x90,0x79,0x90,0x79,0x90,
0x79,0x90,0x7A,0x30,0x71,0x8F,0x71,0x90,0x71,0x90,0x71,0x90,0x71,0x8F,0x71,0x8F,0x71,0x8F,0x71,0x8F,0x69,0x8F,0x40,0xEA,0x28,0x87,0x38,0xC9,0x40,0xCA,0x40,0xCA,
0x61,0x4D,0x71,0x90,0x71,0x6F,0x71,0x6F,0x71,0x6F,0x71,0x6F,0x71,0x6F,0x71,0x6F,0x71,0x6F,0x71,0x6F,0x71,0x6F,0x71,0x6F,0x61,0x2D,0x71,0x6F,0x71,0x6F,0x71,0x6F,
0x71,0x6F,0x71,0x6F,0x71,0x6F,0x71,0x6F,0x71,0x6F,0x71,0x8F,0x71,0x6F,0x71,0x6F,0x71,0x6F,0x71,0x6F,0x71,0x8F,0x71,0x6F,0x71,0x6F,0x71,0x90,0x71,0x90,0x79,0x90,
0x79,0x90,0x79,0x90,0x79,0xB0,0x81,0xB1,0x81,0xB1,0x81,0xD3,0x92,0xB7,0xEE,0x5E,0xFF,0xFF,0xD5,0x7D,0x59,0xEF,0x42,0x08,0x42,0x08,0x39,0xE7,0x42,0x08,0x31,0x86,
0x00,0x00,0x00,0x00,0x00,0x00,0x00,0x00,0x00,0x00,0x00,0x00,0x00,0x00,0x00,0x00,0x00,0x00,0x00,0x00,0x00,0x00,0x00,0x00,0x00,0x00,0x00,0x00,0x00,0x00,0x00,0x00,
0x00,0x00,0x00,0x00,0x00,0x00,0x00,0x00,0x00,0x00,0x00,0x00,0x00,0x00,0x00,0x00,0x00,0x00,0x00,0x00,0x00,0x00,0x00,0x00,0x00,0x00,0x00,0x00,0x00,0x00,0x00,0x00,
0x39,0xE7,0x42,0x28,0x42,0x28,0x42,0x28,0x4A,0x29,0x51,0x8E,0xCD,0x1C,0xFF,0xFF,0xE6,0x3E,0x8A,0x95,0x81,0xF1,0x81,0xB1,0x81,0xB1,0x79,0xB0,0x79,0xB0,0x79,0xB0,
0x79,0x90,0x79,0x90,0x79,0x90,0x79,0x8F,0x79,0x8F,0x79,0x8F,0x79,0x6F,0x79,0x6F,0x79,0x6F,0x79,0x70,0x79,0x6F,0x79,0x90,0x79,0x90,0x79,0x8F,0x79,0x90,0x79,0x8F,
0x79,0x8F,0x79,0x8F,0x79,0x8F,0x79,0x8F,0x79,0x8F,0x79,0x8F,0x79,0x90,0x79,0x90,0x79,0x90,0x79,0x90,0x79,0x90,0x79,0x8F,0x79,0x90,0x79,0x90,0x79,0xB0,0x79,0x90,
0x79,0x90,0x79,0x90,0x79,0x90,0x79,0x90,0x79,0x90,0x79,0x90,0x79,0xB0,0x69,0x4E,0x79,0x8F,0x79,0x90,0x79,0x90,0x79,0x90,0x79,0x90,0x79,0x90,0x79,0x90,0x79,0x90,
0x79,0x90,0x79,0x90,0x79,0x90,0x79,0x90,0x79,0x90,0x79,0x90,0x79,0x90,0x79,0x90,0x71,0x90,0x7A,0x30,0x7A,0x10,0x71,0x6F,0x79,0x90,0x79,0x8F,0x79,0x8F,0x79,0x90,
0x79,0x6F,0x79,0x8F,0x79,0x8F,0x79,0x8F,0x79,0x8F,0x79,0x8F,0x79,0x8F,0x79,0x8F,0x79,0x8F,0x79,0x8F,0x79,0x8F,0x79,0xAF,0x79,0xAF,0x79,0xAF,0x79,0xB0,0x81,0xD0,
0x79,0xAF,0x82,0x51,0x82,0x50,0x79,0xAF,0x81,0xCF,0x81,0xCF,0x81,0xEF,0x89,0xEF,0x89,0xEF,0x8A,0x0F,0x8A,0x2F,0x9A,0xB1,0x92,0x70,0x92,0x4F,0x9A,0x8F,0x9A,0xAF,
0xA2,0xCF,0xA2,0xEF,0xAB,0x2F,0xAB,0x2F,0xBB,0xEE,0xEE,0x0F,0xF6,0x8D,0xF6,0x4D,0xF6,0x6D,0xF6,0x6D,0xF6,0x6D,0xF6,0x6D,0xF6,0x6D,0xF6,0x6D,0xF6,0x6E,0xF6,0x8E,
0xF6,0x8E,0xF6,0x8E,0xF6,0x8F,0xF6,0x50,0xF6,0x12,0xED,0xB4,0xF6,0x1B,0xEC,0xD8,0xDC,0xF8,0xFD,0xF9,0xFD,0xB8,0xEE,0x59,0xD5,0xD7,0xDE,0xBB,0xC7,0x1A,0xBE,0xF8,
0xD7,0x5B,0xB6,0xD7,0xCF,0x7B,0xBE,0xF9,0xC7,0x1A,0xD6,0xFC,0xC5,0xF9,0xE6,0x7C,0xDD,0xB9,0xE5,0xF9,0xED,0xD8,0xED,0x96,0xF5,0xF7,0xF5,0x14,0xF5,0xB7,0xF5,0x92,
0xF5,0xF0,0xF6,0x2F,0xF6,0x4E,0xF6,0x6E,0xF6,0x6E,0xF6,0x6E,0xF6,0x6E,0xF6,0x6E,0xF6,0x6E,0xF6,0x6E,0xFE,0x8F,0xDD,0x4F,0xB3,0x6E,0xAB,0x4F,0xAB,0x0F,0xA2,0xCF,
0x9A,0xAF,0x9A,0x8F,0x92,0x6F,0x92,0x4F,0x8A,0x2F,0x8A,0x2F,0x8A,0x0F,0x82,0x0F,0x82,0x0F,0x81,0xEF,0x8A,0x30,0x82,0x10,0x81,0xCF,0x81,0xCF,0x79,0xB0,0x79,0xAF,
0x79,0xAF,0x79,0xB0,0x51,0x2B,0x18,0x44,0x18,0x65,0x10,0x24,0x29,0x29,0x39,0x6B,0x18,0x45,0x18,0x66,0x49,0x0B,0x79,0xB0,0x71,0x6F,0x79,0xB0,0x48,0xEA,0x10,0x24,
0x18,0x44,0x18,0x64,0x18,0x44,0x20,0xC7,0x18,0xA6,0x10,0x44,0x18,0x45,0x69,0x8E,0x79,0x90,0x79,0x90,0x79,0x90,0x79,0x90,0x79,0x90,0x79,0x90,0x79,0x90,0x79,0x90,
0x79,0x90,0x7A,0x30,0x71,0xAF,0x79,0x90,0x79,0x90,0x79,0x90,0x79,0x90,0x79,0x90,0x79,0x90,0x79,0xB0,0x30,0x88,0x18,0x45,0x10,0x45,0x10,0x45,0x10,0x45,0x10,0x24,
0x48,0xEB,0x79,0x90,0x71,0x6F,0x71,0x6F,0x71,0x6F,0x71,0x6F,0x71,0x90,0x71,0x90,0x71,0x6F,0x71,0x6F,0x71,0x6F,0x71,0x6F,0x59,0x2D,0x71,0x6F,0x71,0x90,0x71,0x70,
0x71,0x70,0x71,0x6F,0x71,0x6F,0x71,0x6F,0x71,0x6F,0x71,0x6F,0x71,0x6F,0x71,0x6F,0x71,0x6F,0x71,0x6F,0x71,0x6F,0x71,0x6F,0x71,0x6F,0x71,0x90,0x71,0x90,0x79,0x90,
0x79,0x90,0x79,0xB0,0x79,0xB0,0x81,0xB1,0x81,0xB1,0x81,0xF3,0x92,0xD7,0xEE,0x5E,0xFF,0xFF,0xD5,0x7D,0x59,0xEE,0x42,0x08,0x42,0x08,0x39,0xE7,0x42,0x08,0x31,0x86,
0x00,0x00,0x00,0x00,0x00,0x00,0x00,0x00,0x00,0x00,0x00,0x00,0x00,0x00,0x00,0x00,0x00,0x00,0x00,0x00,0x00,0x00,0x00,0x00,0x00,0x00,0x00,0x00,0x00,0x00,0x00,0x00,
0x00,0x00,0x00,0x00,0x00,0x00,0x00,0x00,0x00,0x00,0x00,0x00,0x00,0x00,0x00,0x00,0x00,0x00,0x00,0x00,0x00,0x00,0x00,0x00,0x00,0x00,0x00,0x00,0x00,0x00,0x00,0x00,
0x39,0xE7,0x42,0x28,0x42,0x08,0x42,0x28,0x4A,0x29,0x51,0xAE,0xCD,0x3C,0xFF,0xFF,0xE6,0x3E,0x8A,0xB5,0x81,0xF2,0x81,0xD1,0x81,0xD1,0x81,0xB0,0x79,0xB0,0x79,0xB0,
0x79,0x90,0x79,0x90,0x79,0x90,0x79,0x8F,0x79,0x90,0x79,0x6F,0x79,0x90,0x79,0x90,0x79,0x8F,0x79,0x8F,0x79,0x8F,0x79,0x8F,0x79,0x90,0x79,0x8F,0x79,0x8F,0x79,0x8F,
0x79,0x8F,0x79,0x8F,0x79,0x8F,0x79,0x8F,0x79,0x8F,0x79,0x90,0x79,0x90,0x79,0x90,0x79,0x90,0x79,0x8F,0x79,0x90,0x79,0x8F,0x79,0x90,0x79,0x90,0x79,0xB0,0x79,0x90,
0x79,0x90,0x79,0x90,0x79,0x90,0x79,0x90,0x79,0x90,0x79,0x90,0x79,0xB0,0x69,0x6E,0x79,0xB0,0x79,0x90,0x79,0x90,0x79,0x90,0x79,0x90,0x79,0x90,0x79,0x90,0x79,0x90,
0x79,0x90,0x79,0x90,0x79,0x90,0x79,0x90,0x79,0x90,0x79,0x90,0x79,0x90,0x79,0x90,0x79,0x90,0x7A,0x30,0x7A,0x10,0x79,0x6F,0x79,0x90,0x79,0x8F,0x79,0x90,0x79,0x90,
0x79,0x8F,0x79,0x8F,0x79,0x8F,0x79,0x8F,0x79,0x8F,0x79,0x8F,0x79,0x8F,0x79,0x8F,0x79,0x8F,0x79,0x8F,0x79,0x8F,0x79,0xAF,0x79,0xAF,0x79,0xAF,0x79,0xAF,0x81,0xCF,
0x79,0xAF,0x8A,0x51,0x82,0x50,0x81,0xCF,0x81,0xEF,0x81,0xEF,0x81,0xEF,0x89,0xEF,0x8A,0x0F,0x8A,0x0F,0x8A,0x2F,0x92,0x50,0x92,0x70,0x9A,0x6F,0x9A,0x8F,0xA2,0xAF,
0xA2,0xCF,0xAB,0x0F,0xB3,0x2F,0xBB,0xCE,0xEE,0x0F,0xF6,0x6E,0xF6,0x4D,0xF6,0x6D,0xF6,0x6D,0xF6,0x6D,0xF6,0x6E,0xF6,0x6D,0xF6,0x6D,0xF6,0x6D,0xF6,0x6E,0xF6,0x6E,
0xF6,0x6E,0xF6,0x8E,0xF6,0x6F,0xF6,0x50,0xF6,0x12,0xED,0xB4,0xF6,0x1C,0xCB,0x55,0xC4,0x17,0xED,0x7A,0xE4,0x97,0xEE,0x3B,0xDD,0xF8,0xDE,0xBB,0xC7,0x1A,0xBE,0xF8,
0xD7,0x7B,0xB6,0xF8,0xCF,0x5B,0xBE,0xF9,0xC7,0x1A,0xD6,0xFC,0xC5,0xF9,0xE6,0x7C,0xDD,0xB9,0xE5,0xFA,0xF5,0xD8,0xED,0x97,0xF5,0xF8,0xF5,0x14,0xF5,0xB7,0xF5,0x92,
0xF5,0xD0,0xF6,0x2F,0xF6,0x4E,0xF6,0x4E,0xF6,0x6E,0xF6,0x6E,0xF6,0x6E,0xF6,0x6E,0xF6,0x6E,0xF6,0x6E,0xF6,0x6E,0xFE,0x8F,0xDD,0x2F,0xB3,0x6E,0xB3,0x4F,0xAB,0x0F,
0xA2,0xCF,0xA2,0xAF,0x9A,0x6F,0x92,0x6F,0x92,0x4F,0x92,0x2F,0x8A,0x0F,0x8A,0x10,0x8A,0x10,0x81,0xF0,0x8A,0x30,0x82,0x10,0x81,0xD0,0x81,0xD0,0x81,0xD0,0x79,0xCF,
0x79,0xAF,0x81,0xB0,0x51,0x2B,0x10,0x44,0x18,0x44,0x18,0x65,0x10,0x24,0x10,0x24,0x18,0x65,0x28,0xC8,0x51,0x2B,0x81,0xB0,0x79,0x8F,0x81,0xB0,0x48,0xEB,0x10,0x24,
0x18,0x44,0x18,0x65,0x31,0x69,0x29,0x6A,0x31,0x8A,0x10,0x24,0x18,0x66,0x69,0x8E,0x79,0xB0,0x79,0xB0,0x79,0xB0,0x79,0x90,0x79,0x90,0x79,0x90,0x79,0x90,0x79,0x90,
0x79,0x8F,0x7A,0x30,0x79,0x8F,0x79,0x90,0x79,0x8F,0x79,0x90,0x79,0x90,0x79,0x90,0x79,0x90,0x79,0xB0,0x28,0x67,0x10,0x45,0x18,0x65,0x10,0x65,0x18,0x65,0x10,0x25,
0x40,0xEA,0x79,0xB0,0x71,0x6F,0x71,0x6F,0x79,0x8F,0x79,0x8F,0x79,0x8F,0x79,0x8F,0x71,0x90,0x71,0x8F,0x71,0x6F,0x71,0x8F,0x59,0x2D,0x71,0x6F,0x79,0x6F,0x71,0x6F,
0x79,0x6F,0x79,0x6F,0x71,0x6F,0x79,0x6F,0x79,0x6F,0x79,0x6F,0x79,0x6F,0x79,0x6F,0x79,0x6F,0x79,0x6F,0x71,0x6F,0x71,0x8F,0x71,0x8F,0x79,0x8F,0x79,0x90,0x79,0x90,
0x79,0x90,0x79,0xB0,0x81,0xB0,0x81,0xB1,0x81,0xB1,0x81,0xF3,0x92,0xD7,0xEE,0x5E,0xFF,0xFF,0xD5,0x7D,0x59,0xEE,0x42,0x08,0x42,0x08,0x39,0xE7,0x42,0x08,0x31,0x86,
0x00,0x00,0x00,0x00,0x00,0x00,0x00,0x00,0x00,0x00,0x00,0x00,0x00,0x00,0x00,0x00,0x00,0x00,0x00,0x00,0x00,0x00,0x00,0x00,0x00,0x00,0x00,0x00,0x00,0x00,0x00,0x00,
0x00,0x00,0x00,0x00,0x00,0x00,0x00,0x00,0x00,0x00,0x00,0x00,0x00,0x00,0x00,0x00,0x00,0x00,0x00,0x00,0x00,0x00,0x00,0x00,0x00,0x00,0x00,0x00,0x00,0x00,0x00,0x00,
0x39,0xE7,0x42,0x28,0x42,0x08,0x42,0x48,0x4A,0x49,0x51,0xAE,0xD5,0x3C,0xFF,0xFF,0xEE,0x3E,0x8A,0xB5,0x81,0xF2,0x89,0xD1,0x81,0xD1,0x81,0xB0,0x81,0xB0,0x81,0xB0,
0x79,0x90,0x79,0x90,0x79,0x90,0x79,0x90,0x79,0x90,0x79,0x90,0x79,0x90,0x79,0x90,0x79,0x90,0x79,0x90,0x79,0x90,0x79,0x70,0x79,0x90,0x79,0x90,0x79,0x90,0x79,0x8F,
0x79,0x8F,0x79,0x8F,0x79,0x6F,0x79,0x90,0x79,0x90,0x79,0x90,0x79,0x90,0x79,0x90,0x79,0x90,0x79,0x90,0x79,0x90,0x79,0x90,0x79,0x70,0x79,0x70,0x79,0x6F,0x79,0x6F,
0x79,0x70,0x79,0x90,0x79,0x90,0x79,0x90,0x79,0x90,0x79,0xB0,0x81,0xB0,0x69,0x6E,0x79,0x90,0x81,0xB0,0x79,0x90,0x79,0xB0,0x79,0x90,0x79,0x90,0x79,0x90,0x79,0x90,
0x79,0x90,0x79,0x90,0x79,0x90,0x79,0x90,0x79,0x90,0x79,0x90,0x79,0x90,0x79,0x90,0x79,0x90,0x7A,0x10,0x7A,0x10,0x79,0x6F,0x79,0x8F,0x79,0x8F,0x79,0x8F,0x79,0x6F,
0x79,0x6F,0x79,0x8F,0x79,0x8F,0x79,0x8F,0x79,0x8F,0x79,0x8F,0x79,0x8F,0x79,0x8F,0x79,0x8F,0x79,0x8F,0x79,0xAF,0x81,0xAF,0x81,0xAF,0x81,0xAF,0x81,0xCF,0x81,0xD0,
0x81,0xAF,0x8A,0x51,0x8A,0x50,0x81,0xCF,0x81,0xEF,0x89,0xEF,0x89,0xEF,0x89,0xEF,0x8A,0x0F,0x8A,0x0F,0x92,0x2F,0x92,0x50,0x9A,0x70,0x9A,0x8F,0xA2,0xAF,0xA2,0xCF,
0xAB,0x0F,0xB3,0x0F,0xBB,0xAE,0xED,0xEF,0xF6,0x6E,0xF6,0x4D,0xF6,0x4E,0xF6,0x4D,0xF6,0x4D,0xF6,0x6D,0xF6,0x6D,0xF6,0x6D,0xF6,0x6D,0xF6,0x6D,0xF6,0x6E,0xF6,0x6E,
0xF6,0x6E,0xF6,0x6E,0xF6,0x6F,0xF6,0x50,0xF5,0xF2,0xED,0x95,0xE5,0x7B,0x70,0x8F,0xA3,0x14,0xA2,0xF5,0x81,0x11,0xB3,0x96,0xBC,0xB7,0xDE,0xFC,0xC7,0x19,0xB6,0xD8,
0xCF,0x7B,0xAE,0xD8,0xCF,0x5B,0xBE,0xF9,0xBF,0x1A,0xDE,0xDC,0xCD,0xDA,0xE6,0x5C,0xDD,0xB9,0xE5,0xF9,0xED,0xD8,0xED,0x77,0xF5,0xF8,0xEC,0xF4,0xF5,0xB7,0xF5,0x73,
0xF5,0xD0,0xF6,0x2F,0xF6,0x2E,0xF6,0x4E,0xF6,0x6E,0xF6,0x4E,0xF6,0x6E,0xF6,0x6E,0xF6,0x6E,0xF6,0x6E,0xF6,0x6E,0xF6,0x6E,0xFE,0x8F,0xD4,0xEE,0xB3,0x4E,0xB3,0x4F,
0xAB,0x0F,0xA2,0xCF,0x9A,0x8F,0x9A,0x6F,0x92,0x4F,0x92,0x4F,0x92,0x2F,0x8A,0x2F,0x8A,0x10,0x8A,0x0F,0x8A,0x30,0x8A,0x10,0x81,0xF0,0x81,0xD0,0x81,0xD0,0x81,0xCF,
0x79,0xAF,0x81,0xD0,0x51,0x0A,0x29,0x49,0x20,0xA6,0x10,0x44,0x18,0x45,0x18,0x65,0x18,0x65,0x18,0x45,0x49,0x0B,0x81,0xB0,0x79,0x8F,0x81,0xB0,0x48,0xEA,0x10,0x24,
0x18,0x45,0x18,0x45,0x20,0xC7,0x10,0x04,0x10,0x25,0x10,0x45,0x18,0x46,0x69,0x8E,0x79,0xB0,0x79,0xB0,0x79,0xB0,0x79,0xB0,0x79,0xB0,0x79,0x90,0x79,0x90,0x79,0x90,
0x79,0x90,0x82,0x10,0x79,0x8F,0x79,0x90,0x79,0x90,0x79,0x90,0x79,0x90,0x79,0x90,0x79,0x90,0x79,0xB0,0x28,0x87,0x10,0x45,0x18,0x66,0x18,0x65,0x10,0x65,0x18,0x86,
0x41,0x0A,0x79,0xB0,0x71,0x6F,0x79,0x8F,0x79,0x8F,0x79,0x8F,0x79,0x90,0x79,0x90,0x79,0x8F,0x79,0x70,0x79,0x70,0x71,0x90,0x59,0x0D,0x71,0x6F,0x79,0x6F,0x79,0x6F,
0x79,0x8F,0x79,0x8F,0x79,0x8F,0x79,0x90,0x79,0x90,0x79,0x90,0x79,0x90,0x79,0x90,0x79,0x90,0x79,0x90,0x79,0x90,0x79,0x90,0x79,0x90,0x79,0x90,0x79,0x90,0x79,0x90,
0x79,0x90,0x79,0xB0,0x81,0xB1,0x81,0xB1,0x81,0xB1,0x81,0xF3,0x92,0xB7,0xEE,0x5E,0xFF,0xFF,0xD5,0x7D,0x59,0xEF,0x42,0x08,0x42,0x08,0x39,0xE7,0x42,0x08,0x31,0x86,
0x00,0x00,0x00,0x00,0x00,0x00,0x00,0x00,0x00,0x00,0x00,0x00,0x00,0x00,0x00,0x00,0x00,0x00,0x00,0x00,0x00,0x00,0x00,0x00,0x00,0x00,0x00,0x00,0x00,0x00,0x00,0x00,
0x00,0x00,0x00,0x00,0x00,0x00,0x00,0x00,0x00,0x00,0x00,0x00,0x00,0x00,0x00,0x00,0x00,0x00,0x00,0x00,0x00,0x00,0x00,0x00,0x00,0x00,0x00,0x00,0x00,0x00,0x00,0x00,
0x3A,0x08,0x42,0x28,0x42,0x28,0x4A,0x48,0x4A,0x49,0x59,0xAE,0xD5,0x3C,0xFF,0xFF,0xEE,0x3E,0x8A,0xB5,0x81,0xF2,0x89,0xB1,0x81,0xB1,0x81,0xB0,0x81,0xB0,0x81,0xB0,
0x81,0x90,0x81,0x90,0x81,0x90,0x81,0x90,0x79,0x90,0x79,0x90,0x79,0x8F,0x79,0x8F,0x79,0x8F,0x79,0x8F,0x79,0x8F,0x79,0x6F,0x79,0x90,0x79,0x8F,0x79,0x6F,0x79,0x6F,
0x79,0x6F,0x79,0x8F,0x79,0x8F,0x79,0x8F,0x79,0x90,0x79,0x90,0x81,0x90,0x81,0x90,0x81,0x90,0x81,0x90,0x81,0x90,0x81,0x90,0x81,0x90,0x81,0x90,0x81,0x70,0x79,0x70,
0x79,0x70,0x79,0x90,0x79,0x90,0x81,0x90,0x81,0x90,0x81,0xB0,0x81,0xB0,0x69,0x6E,0x81,0xB0,0x81,0xB0,0x81,0x90,0x81,0x90,0x79,0x90,0x81,0x90,0x81,0x90,0x81,0x90,
0x79,0x90,0x81,0x90,0x81,0xB0,0x81,0xB0,0x81,0x90,0x81,0xB0,0x81,0xB0,0x81,0xB0,0x79,0x90,0x82,0x10,0x82,0x10,0x79,0x6F,0x79,0x8F,0x79,0x90,0x79,0x90,0x71,0x6F,
0x71,0x4E,0x81,0x8F,0x81,0x8F,0x81,0x8F,0x79,0x8F,0x81,0x8F,0x81,0x8F,0x81,0x8F,0x81,0x8F,0x81,0xAF,0x81,0xAF,0x81,0xAF,0x81,0xB0,0x81,0xD0,0x81,0xD0,0x81,0xD0,
0x81,0xB0,0x8A,0x50,0x8A,0x50,0x81,0xCF,0x89,0xEF,0x89,0xEF,0x89,0xEF,0x8A,0x0F,0x92,0x0F,0x92,0x2F,0x92,0x4F,0x9A,0x70,0x9A,0x90,0xA2,0xAF,0xA2,0xCF,0xAA,0xEF,
0xB3,0x30,0xB3,0x4E,0xE5,0x8F,0xF6,0x6E,0xF6,0x2D,0xF6,0x4D,0xF6,0x4D,0xF6,0x4D,0xF6,0x4D,0xF6,0x4D,0xF6,0x4D,0xF6,0x6D,0xF6,0x6E,0xF6,0x6E,0xF6,0x6E,0xF6,0x6E,
0xF6,0x6E,0xF6,0x6E,0xF6,0x4F,0xF6,0x30,0xF5,0xF1,0xED,0x95,0xE5,0x3B,0x78,0xB1,0xB3,0xB7,0xAB,0x16,0x89,0x73,0xAB,0x35,0xA3,0x95,0xE7,0x1D,0xC6,0xF9,0xBE,0xD8,
0xD7,0x5B,0xAE,0xD7,0xCF,0x7B,0xB6,0xF9,0xBF,0x1A,0xD6,0xDC,0xCD,0xFA,0xE6,0x5C,0xDD,0xB9,0xE5,0xFA,0xED,0xB8,0xED,0x76,0xF5,0xF8,0xEC,0xF4,0xF5,0xB7,0xF5,0x73,
0xF5,0xB0,0xF6,0x0F,0xF6,0x4E,0xF6,0x4E,0xF6,0x4E,0xF6,0x4E,0xF6,0x4E,0xF6,0x4E,0xF6,0x4E,0xF6,0x4E,0xF6,0x4E,0xF6,0x4E,0xF6,0x4E,0xF6,0x6F,0xCC,0x8E,0xB3,0x4E,
0xB3,0x2F,0xAA,0xEF,0xA2,0xAF,0x9A,0x8F,0x9A,0x6F,0x92,0x4F,0x92,0x4F,0x92,0x2F,0x8A,0x2F,0x8A,0x0F,0x8A,0x30,0x8A,0x10,0x81,0xF0,0x81,0xF0,0x81,0xD0,0x81,0xD0,
0x81,0xAF,0x81,0xD0,0x51,0x0A,0x20,0xC7,0x18,0x86,0x18,0x44,0x10,0x24,0x52,0xAF,0x31,0x8A,0x10,0x25,0x49,0x0B,0x81,0xB0,0x79,0x8F,0x81,0xB0,0x48,0xEA,0x10,0x24,
0x10,0x44,0x10,0x45,0x31,0x48,0x41,0x49,0x20,0xA6,0x10,0x44,0x20,0x46,0x69,0x8E,0x81,0xB0,0x79,0xB0,0x79,0x90,0x79,0x90,0x79,0xB0,0x79,0xB0,0x79,0x90,0x79,0x90,
0x79,0x90,0x82,0x10,0x79,0xB0,0x79,0x90,0x79,0x90,0x79,0xB0,0x79,0xB0,0x79,0xB0,0x79,0xB0,0x79,0xD0,0x28,0x87,0x10,0x45,0x18,0x45,0x18,0x45,0x10,0x45,0x10,0x25,
0x40,0xEA,0x79,0xB0,0x79,0x6F,0x79,0x8F,0x79,0x8F,0x79,0x90,0x79,0x90,0x79,0x8F,0x79,0x8F,0x79,0x8F,0x79,0x8F,0x79,0x90,0x61,0x0D,0x71,0x6F,0x79,0x6F,0x79,0x8F,
0x79,0x8F,0x79,0x8F,0x79,0x8F,0x79,0x90,0x79,0x90,0x79,0x8F,0x79,0x8F,0x79,0x90,0x79,0x90,0x79,0x90,0x79,0x90,0x79,0x90,0x79,0x8F,0x79,0x90,0x79,0x90,0x79,0x90,
0x79,0xB0,0x81,0xB0,0x81,0xB1,0x81,0xB1,0x89,0xB1,0x81,0xF3,0x92,0xD7,0xEE,0x5E,0xFF,0xFF,0xD5,0x7D,0x59,0xEE,0x42,0x08,0x42,0x07,0x39,0xE7,0x42,0x08,0x29,0x65,
0x00,0x00,0x00,0x00,0x00,0x00,0x00,0x00,0x00,0x00,0x00,0x00,0x00,0x00,0x00,0x00,0x00,0x00,0x00,0x00,0x00,0x00,0x00,0x00,0x00,0x00,0x00,0x00,0x00,0x00,0x00,0x00,
0x00,0x00,0x00,0x00,0x00,0x00,0x00,0x00,0x00,0x00,0x00,0x00,0x00,0x00,0x00,0x00,0x00,0x00,0x00,0x00,0x00,0x00,0x00,0x00,0x00,0x00,0x00,0x00,0x00,0x00,0x00,0x00,
0x42,0x07,0x42,0x28,0x42,0x28,0x42,0x28,0x4A,0x49,0x51,0xAE,0xD5,0x3C,0xFF,0xFF,0xEE,0x5E,0x8A,0xB5,0x89,0xF2,0x89,0xD1,0x81,0xD1,0x81,0xD1,0x81,0xB0,0x81,0x90,
0x81,0x90,0x81,0x90,0x81,0x90,0x81,0x90,0x81,0x90,0x81,0x90,0x81,0x90,0x81,0x90,0x81,0x90,0x81,0x8F,0x81,0x90,0x81,0x90,0x81,0x8F,0x81,0x8F,0x81,0x8F,0x79,0x8F,
0x81,0x8F,0x79,0x6F,0x79,0x4F,0x79,0x6F,0x79,0x6F,0x79,0x6F,0x79,0x6F,0x79,0x6F,0x79,0x4F,0x79,0x4F,0x79,0x6F,0x79,0x4F,0x79,0x4F,0x79,0x4F,0x79,0x4F,0x79,0x4F,
0x71,0x4E,0x71,0x4E,0x79,0x4F,0x79,0x6F,0x79,0x6F,0x79,0x8F,0x81,0xB0,0x69,0x2D,0x79,0x8F,0x79,0x8F,0x79,0x6F,0x79,0x6F,0x79,0x6F,0x79,0x6F,0x79,0x6F,0x79,0x4F,
0x79,0x6F,0x79,0x6F,0x79,0x6F,0x79,0x6F,0x79,0x6F,0x79,0x6F,0x79,0x6F,0x79,0x6F,0x79,0x4F,0x79,0xCF,0x79,0xCF,0x71,0x4E,0x71,0x6E,0x71,0x4E,0x79,0x6F,0x71,0x2E,
0x71,0x2D,0x79,0x6F,0x79,0x4E,0x79,0x6E,0x79,0x6E,0x79,0x6E,0x79,0x6F,0x79,0x6F,0x79,0x6F,0x79,0x6F,0x79,0x6F,0x79,0x8F,0x79,0x8F,0x81,0x8F,0x81,0xAF,0x81,0xAF,
0x81,0xAF,0x8A,0x10,0x82,0x0F,0x81,0xAE,0x81,0xCF,0x89,0xEF,0x8A,0x0F,0x92,0x0F,0x92,0x0F,0x92,0x2F,0x92,0x4F,0x9A,0x70,0x9A,0x90,0xA2,0xCF,0xAA,0xEF,0xB3,0x30,
0xB3,0x2F,0xDC,0xEF,0xF6,0x4E,0xF6,0x2D,0xF6,0x2E,0xF6,0x2E,0xF6,0x4E,0xF6,0x4E,0xF6,0x4E,0xF6,0x4E,0xF6,0x4E,0xF6,0x4E,0xF6,0x4E,0xF6,0x4E,0xF6,0x4E,0xF6,0x4E,
0xF6,0x4E,0xF6,0x4E,0xF6,0x4E,0xF6,0x10,0xF5,0xD1,0xED,0x74,0xE5,0x5B,0x81,0x12,0xB3,0x76,0xAB,0x16,0x89,0x72,0xAB,0x35,0xA3,0x75,0xE7,0x1D,0xC6,0xF9,0xBE,0xD8,
0xD7,0x5B,0xAE,0xD7,0xCF,0x5B,0xB6,0xD9,0xBE,0xFA,0xDE,0xDC,0xCD,0xFA,0xE6,0x5C,0xDD,0xB9,0xE5,0xDA,0xF5,0xB8,0xED,0x76,0xF5,0xD7,0xF4,0xF4,0xF5,0xB7,0xF5,0x73,
0xF5,0xB0,0xF6,0x0F,0xF6,0x2E,0xF6,0x2E,0xF6,0x2E,0xF6,0x4E,0xF6,0x4E,0xF6,0x4E,0xF6,0x4E,0xF6,0x4E,0xF6,0x4E,0xF6,0x4E,0xF6,0x4E,0xF6,0x4E,0xF6,0x2F,0xC4,0x0E,
0xB3,0x4F,0xAB,0x2F,0xA2,0xEF,0xA2,0xAF,0x9A,0x8F,0x9A,0x6F,0x9A,0x4F,0x92,0x50,0x92,0x2F,0x8A,0x0F,0x82,0x0F,0x8A,0x10,0x89,0xF0,0x89,0xF0,0x81,0xD0,0x81,0xD0,
0x81,0xAF,0x81,0xD0,0x51,0x2B,0x18,0x65,0x18,0x65,0x18,0x44,0x10,0x44,0x18,0xA6,0x18,0x86,0x18,0x45,0x49,0x0A,0x81,0xB0,0x79,0x8F,0x81,0xD0,0x48,0xEA,0x18,0x65,
0x20,0x86,0x18,0xA6,0x29,0x28,0x20,0xA6,0x18,0x65,0x10,0x45,0x18,0x46,0x71,0x8E,0x81,0xB0,0x81,0xB0,0x81,0xB0,0x81,0x90,0x81,0xB0,0x81,0xB0,0x81,0xB0,0x81,0xB0,
0x81,0x90,0x82,0x10,0x79,0xAF,0x79,0xB0,0x79,0xB0,0x79,0xB0,0x81,0x90,0x79,0xB0,0x81,0xB0,0x79,0xB0,0x28,0x87,0x18,0x46,0x18,0x66,0x18,0x45,0x18,0x45,0x10,0x45,
0x40,0xEA,0x79,0xB0,0x79,0x6F,0x79,0x8F,0x79,0x90,0x79,0x90,0x79,0x90,0x79,0x90,0x79,0x90,0x79,0xB0,0x81,0xB0,0x81,0xB0,0x61,0x2D,0x79,0x8F,0x79,0x6F,0x79,0x6F,
0x79,0x8F,0x79,0x8F,0x79,0x8F,0x79,0x90,0x79,0x90,0x79,0x90,0x79,0x90,0x79,0x90,0x79,0x90,0x79,0x90,0x79,0x90,0x79,0x90,0x79,0x90,0x79,0x90,0x79,0x90,0x79,0x90,
0x81,0x90,0x81,0xB0,0x81,0xB0,0x81,0xD1,0x89,0xB1,0x89,0xF3,0x92,0xD7,0xE6,0x5E,0xFF,0xFF,0xD5,0x7D,0x59,0xEE,0x42,0x08,0x42,0x07,0x39,0xE7,0x42,0x08,0x29,0x65,
0x00,0x00,0x00,0x00,0x00,0x00,0x00,0x00,0x00,0x00,0x00,0x00,0x00,0x00,0x00,0x00,0x00,0x00,0x00,0x00,0x00,0x00,0x00,0x00,0x00,0x00,0x00,0x00,0x00,0x00,0x00,0x00,
0x00,0x00,0x00,0x00,0x00,0x00,0x00,0x00,0x00,0x00,0x00,0x00,0x00,0x00,0x00,0x00,0x00,0x00,0x00,0x00,0x00,0x00,0x00,0x00,0x00,0x00,0x00,0x00,0x00,0x00,0x00,0x00,
0x42,0x08,0x42,0x28,0x42,0x28,0x42,0x28,0x4A,0x49,0x59,0xAE,0xD5,0x3C,0xFF,0xFF,0xEE,0x5E,0x8A,0xB5,0x81,0xF2,0x89,0xD1,0x89,0xD1,0x81,0xB1,0x81,0xB0,0x81,0xB0,
0x81,0xB0,0x81,0xB0,0x81,0x90,0x81,0x90,0x81,0x90,0x81,0x90,0x81,0x90,0x81,0x90,0x81,0x90,0x81,0x90,0x81,0x90,0x81,0x90,0x81,0x90,0x81,0x8F,0x81,0x8F,0x79,0x6F,
0x79,0x4F,0x81,0xF0,0x92,0xB2,0x92,0xF3,0x93,0x12,0x93,0x12,0x92,0xF2,0x93,0x12,0x93,0x12,0x93,0x12,0x93,0x12,0x92,0xF2,0x92,0xF2,0x92,0xF2,0x92,0xF2,0x92,0xF2,
0x8A,0xD1,0x82,0xB1,0x8A,0xF1,0x8A,0xF1,0x8A,0xF2,0x93,0x12,0x93,0x32,0x82,0xF1,0x93,0x32,0x93,0x12,0x92,0xF2,0x92,0xF2,0x8A,0xF2,0x92,0xF2,0x92,0xF2,0x92,0xF2,
0x92,0xF2,0x93,0x12,0x93,0x12,0x93,0x33,0x93,0x33,0x93,0x33,0x93,0x33,0x93,0x33,0x93,0x13,0x93,0x52,0x93,0x32,0x8A,0xF2,0x92,0xF2,0x93,0x12,0x93,0x12,0x8B,0x11,
0x8B,0x11,0x93,0x52,0x93,0x12,0x93,0x12,0x93,0x12,0x93,0x12,0x93,0x12,0x93,0x12,0x93,0x12,0x93,0x12,0x93,0x12,0x93,0x32,0x93,0x12,0x93,0x32,0x93,0x32,0x93,0x32,
0x93,0x32,0x9B,0x73,0x9B,0x73,0x9B,0x12,0x92,0xD1,0x8A,0x2F,0x81,0xCE,0x92,0x0F,0x92,0x2F,0x92,0x4F,0x9A,0x4F,0xA2,0x70,0xA2,0x8F,0xAA,0xCF,0xB3,0x2F,0xB3,0x2F,
0xCC,0x4F,0xF6,0x2F,0xF6,0x0D,0xF6,0x2D,0xF6,0x2E,0xF6,0x2E,0xF6,0x2E,0xF6,0x4E,0xF6,0x4E,0xF6,0x4E,0xF6,0x4E,0xF6,0x4E,0xF6,0x4E,0xF6,0x4E,0xF6,0x4E,0xF6,0x4E,
0xF6,0x4E,0xF6,0x2E,0xF6,0x2E,0xF5,0xEF,0xF5,0xB1,0xED,0x54,0xE5,0x7C,0x89,0x32,0xA2,0xF5,0xAB,0x16,0x89,0x72,0xA3,0x15,0x93,0x14,0xDF,0x1D,0xC6,0xD9,0xBE,0xD8,
0xD7,0x5B,0xAE,0xD7,0xCF,0x5B,0xB6,0xD9,0xBE,0xFA,0xDE,0xDC,0xCD,0xFA,0xE6,0x5C,0xDD,0x99,0xE5,0xDA,0xF5,0xB8,0xED,0x56,0xF5,0xD7,0xF4,0xD4,0xF5,0xB7,0xF5,0x73,
0xF5,0xB1,0xF6,0x0F,0xF6,0x2F,0xF6,0x2E,0xF6,0x2E,0xF6,0x2E,0xF6,0x2E,0xF6,0x2E,0xF6,0x2E,0xF6,0x2E,0xF6,0x2E,0xF6,0x2E,0xF6,0x4E,0xF6,0x2E,0xF6,0x4E,0xED,0x8F,
0xB3,0x8E,0xB3,0x4F,0xAB,0x0F,0xA2,0xCF,0xA2,0x8F,0x9A,0x6F,0x9A,0x6F,0x9A,0x4F,0x9A,0x50,0x79,0xEE,0x61,0x6B,0x92,0x30,0x89,0xEF,0x89,0xCF,0x89,0xCF,0x81,0xCF,
0x81,0xCF,0x89,0xD0,0x51,0x2B,0x18,0x86,0x18,0x65,0x18,0x65,0x18,0x65,0x18,0x44,0x18,0x65,0x10,0x24,0x48,0xEA,0x81,0xB0,0x79,0x8F,0x81,0xB0,0x51,0x0B,0x18,0x65,
0x20,0x86,0x18,0x86,0x10,0x45,0x10,0x24,0x10,0x24,0x10,0x45,0x18,0x45,0x69,0x8E,0x81,0xB0,0x81,0x90,0x81,0x90,0x81,0xB0,0x81,0xB0,0x81,0xB0,0x81,0xB0,0x81,0x90,
0x81,0x90,0x82,0x10,0x79,0xB0,0x81,0xB0,0x79,0xB0,0x81,0xB0,0x81,0x90,0x79,0x90,0x81,0xB0,0x79,0xB0,0x28,0x87,0x18,0x66,0x18,0x66,0x18,0x66,0x18,0x66,0x10,0x45,
0x40,0xEA,0x79,0xB0,0x79,0x8F,0x79,0x8F,0x79,0x8F,0x79,0x8F,0x79,0xB0,0x71,0x8F,0x71,0x6E,0x69,0x6E,0x69,0x6E,0x61,0x6E,0x51,0x0B,0x61,0x6D,0x71,0x6E,0x79,0x8F,
0x79,0x8F,0x79,0x90,0x79,0x8F,0x79,0x90,0x79,0x90,0x79,0x90,0x79,0x90,0x79,0x90,0x79,0x90,0x79,0x90,0x79,0x90,0x79,0x90,0x79,0x90,0x79,0x90,0x81,0x90,0x81,0x90,
0x81,0xB0,0x81,0xB0,0x81,0xB0,0x89,0xB1,0x89,0xB1,0x89,0xF3,0x92,0xD7,0xEE,0x5E,0xFF,0xFF,0xD5,0x7D,0x59,0xEE,0x42,0x08,0x42,0x07,0x39,0xE7,0x42,0x08,0x29,0x65,
0x00,0x00,0x00,0x00,0x00,0x00,0x00,0x00,0x00,0x00,0x00,0x00,0x00,0x00,0x00,0x00,0x00,0x00,0x00,0x00,0x00,0x00,0x00,0x00,0x00,0x00,0x00,0x00,0x00,0x00,0x00,0x00,
0x00,0x00,0x00,0x00,0x00,0x00,0x00,0x00,0x00,0x00,0x00,0x00,0x00,0x00,0x00,0x00,0x00,0x00,0x00,0x00,0x00,0x00,0x00,0x00,0x00,0x00,0x00,0x00,0x00,0x00,0x00,0x00,
0x42,0x08,0x42,0x28,0x42,0x28,0x4A,0x48,0x4A,0x49,0x59,0xAE,0xD5,0x5C,0xFF,0xFF,0xEE,0x3E,0x8A,0xB5,0x89,0xF2,0x89,0xD1,0x89,0xD1,0x89,0xB0,0x89,0xB0,0x81,0xB0,
0x81,0xB0,0x81,0xB0,0x81,0xB0,0x81,0x90,0x81,0x90,0x81,0x90,0x81,0x90,0x81,0x90,0x81,0x90,0x81,0x90,0x81,0x90,0x81,0x90,0x81,0x90,0x81,0xB0,0x79,0x6F,0x81,0xCF,
0x93,0x13,0x82,0xF0,0x51,0xCB,0x41,0x28,0x39,0x27,0x39,0x27,0x39,0x27,0x39,0x27,0x39,0x27,0x39,0x27,0x39,0x27,0x39,0x48,0x39,0x28,0x39,0x27,0x39,0x27,0x39,0x27,
0x31,0x06,0x28,0xE6,0x28,0xE5,0x29,0x05,0x28,0xE6,0x31,0x06,0x31,0x06,0x31,0x26,0x39,0x47,0x41,0x48,0x39,0x48,0x39,0x47,0x39,0x47,0x39,0x47,0x39,0x47,0x41,0x47,
0x39,0x47,0x41,0x48,0x41,0x48,0x41,0x48,0x41,0x48,0x41,0x68,0x41,0x48,0x41,0x68,0x41,0x48,0x41,0x68,0x41,0x68,0x41,0x47,0x41,0x47,0x39,0x48,0x41,0x48,0x39,0x47,
0x39,0x27,0x41,0x47,0x39,0x47,0x39,0x47,0x39,0x27,0x39,0x27,0x41,0x47,0x41,0x48,0x41,0x48,0x41,0x48,0x41,0x48,0x41,0x48,0x41,0x48,0x41,0x48,0x41,0x48,0x41,0x48,
0x41,0x48,0x41,0x68,0x41,0x88,0x49,0xA9,0x62,0x2C,0x8B,0x31,0x9B,0x12,0x8A,0x0E,0x92,0x2F,0x9A,0x4F,0x9A,0x6F,0xA2,0x90,0xAA,0xAF,0xAA,0xEF,0xB3,0x2F,0xBB,0xAE,
0xED,0xCF,0xF6,0x2E,0xF6,0x0E,0xF6,0x2D,0xF6,0x2D,0xF6,0x2D,0xF6,0x2E,0xF6,0x2E,0xF6,0x2E,0xF6,0x2E,0xF6,0x2E,0xF6,0x2E,0xF6,0x2E,0xF6,0x2E,0xF6,0x4E,0xF6,0x2E,
0xF6,0x2E,0xF6,0x2E,0xF6,0x2F,0xF5,0xEF,0xF5,0xB0,0xED,0x53,0xE5,0x5B,0x81,0x12,0xA3,0x16,0xAA,0xD6,0x89,0x93,0xAB,0x56,0x82,0x93,0xDE,0xFD,0xBE,0xD9,0xB6,0xB8,
0xD7,0x5B,0xAE,0xB7,0xCF,0x5B,0xB6,0xB9,0xBE,0xFA,0xDE,0xDC,0xCD,0xDA,0xE6,0x5C,0xDD,0x99,0xE5,0xDA,0xF5,0xB8,0xED,0x56,0xF5,0xB8,0xF4,0xD4,0xF5,0xB7,0xF5,0x73,
0xF5,0xB1,0xF5,0xF0,0xF6,0x2F,0xF6,0x2E,0xF6,0x2E,0xF6,0x2E,0xF6,0x2E,0xF6,0x2E,0xF6,0x2E,0xF6,0x2E,0xF6,0x2E,0xF6,0x2E,0xF6,0x2E,0xF6,0x2E,0xF6,0x2E,0xF6,0x4F,
0xD4,0xCF,0xB3,0x4F,0xB3,0x2F,0xAA,0xEF,0xA2,0xCF,0xA2,0x8F,0x9A,0x6F,0x9A,0x4F,0x9A,0x70,0x69,0xAB,0x38,0xC7,0x8A,0x30,0x89,0xF0,0x89,0xEF,0x89,0xCF,0x89,0xCF,
0x81,0xCF,0x89,0xF0,0x59,0x2B,0x20,0xC8,0x20,0xA6,0x18,0x45,0x18,0x45,0x18,0x65,0x18,0x45,0x18,0x86,0x51,0x0B,0x81,0x90,0x79,0x8F,0x81,0xB0,0x51,0x0B,0x18,0x45,
0x18,0x66,0x18,0x66,0x10,0x65,0x21,0x28,0x20,0xE7,0x10,0x24,0x18,0x45,0x69,0x6E,0x81,0xB0,0x81,0x90,0x81,0xB0,0x81,0xB0,0x81,0xB0,0x81,0xB0,0x81,0xB0,0x81,0x90,
0x81,0xB0,0x82,0x10,0x81,0xB0,0x81,0xB0,0x81,0xB0,0x81,0xB0,0x81,0x90,0x81,0x90,0x81,0x90,0x79,0xAF,0x28,0x87,0x10,0x45,0x18,0x65,0x18,0x66,0x18,0x66,0x10,0x45,
0x40,0xEA,0x81,0xB0,0x79,0x8F,0x81,0x90,0x79,0x8F,0x81,0xB0,0x61,0x4D,0x20,0x46,0x20,0x66,0x18,0x46,0x18,0x45,0x18,0x45,0x10,0x45,0x18,0x45,0x20,0x66,0x28,0x47,
0x51,0x0B,0x81,0xB0,0x79,0x8F,0x79,0x8F,0x79,0x90,0x81,0x90,0x81,0x90,0x81,0xB0,0x81,0x90,0x81,0x90,0x79,0x8F,0x79,0x90,0x79,0x90,0x79,0x90,0x79,0x90,0x81,0x90,
0x81,0xB0,0x81,0xB0,0x89,0xB1,0x89,0xB1,0x89,0xB1,0x89,0xF3,0x92,0xD7,0xE6,0x5E,0xFF,0xFF,0xD5,0x7D,0x59,0xEE,0x39,0xE8,0x42,0x08,0x39,0xE7,0x42,0x08,0x29,0x65,
0x00,0x00,0x00,0x00,0x00,0x00,0x00,0x00,0x00,0x00,0x00,0x00,0x00,0x00,0x00,0x00,0x00,0x00,0x00,0x00,0x00,0x00,0x00,0x00,0x00,0x00,0x00,0x00,0x00,0x00,0x00,0x00,
0x00,0x00,0x00,0x00,0x00,0x00,0x00,0x00,0x00,0x00,0x00,0x00,0x00,0x00,0x00,0x00,0x00,0x00,0x00,0x00,0x00,0x00,0x00,0x00,0x00,0x00,0x00,0x00,0x00,0x00,0x00,0x00,
0x42,0x08,0x42,0x28,0x42,0x28,0x4A,0x49,0x4A,0x49,0x59,0xAE,0xD5,0x5C,0xFF,0xFF,0xEE,0x3E,0x8A,0xB5,0x89,0xF2,0x89,0xD1,0x89,0xD1,0x89,0xB0,0x89,0xB0,0x81,0xB0,
0x81,0xB0,0x81,0xB0,0x81,0xB0,0x81,0x90,0x81,0x90,0x81,0x90,0x81,0x90,0x81,0x90,0x81,0x90,0x81,0x8F,0x81,0x8F,0x81,0x8F,0x81,0xAF,0x81,0x6F,0x8A,0x30,0x93,0x52,
0x49,0x89,0x18,0x22,0x18,0x02,0x18,0x22,0x18,0x43,0x18,0x43,0x18,0x43,0x18,0x43,0x18,0x43,0x18,0x43,0x18,0x43,0x20,0x43,0x18,0x43,0x18,0x43,0x18,0x43,0x18,0x43,
0x18,0x42,0x08,0x01,0x08,0x01,0x08,0x01,0x08,0x01,0x08,0x01,0x08,0x01,0x00,0x01,0x10,0x22,0x18,0x43,0x18,0x43,0x18,0x43,0x18,0x43,0x18,0x43,0x18,0x43,0x20,0x43,
0x18,0x43,0x20,0x43,0x20,0x43,0x20,0x43,0x18,0x43,0x18,0x43,0x18,0x43,0x18,0x43,0x18,0x43,0x20,0x63,0x20,0x64,0x20,0x43,0x20,0x63,0x18,0x43,0x20,0x43,0x18,0x43,
0x10,0x23,0x20,0x43,0x18,0x43,0x20,0x43,0x18,0x43,0x18,0x43,0x20,0x43,0x20,0x43,0x20,0x43,0x20,0x43,0x20,0x43,0x20,0x43,0x20,0x43,0x20,0x43,0x20,0x63,0x20,0x63,
0x20,0x63,0x20,0x84,0x20,0x63,0x18,0x42,0x18,0x22,0x20,0x64,0x62,0x2B,0x9B,0x72,0x92,0x4F,0x9A,0x4F,0xA2,0x6F,0xA2,0xB0,0xAA,0xCF,0xB3,0x0F,0xB3,0x2F,0xDC,0xEF,
0xF6,0x2E,0xF6,0x0E,0xF6,0x0E,0xF6,0x0D,0xF6,0x0E,0xF6,0x2E,0xF6,0x2E,0xF6,0x2E,0xF6,0x2E,0xF6,0x2E,0xF6,0x2E,0xF6,0x2E,0xF6,0x2E,0xF6,0x2E,0xF6,0x2E,0xF6,0x2E,
0xF6,0x2E,0xF6,0x2E,0xF6,0x0F,0xF5,0xEF,0xF5,0xB1,0xE4,0xD3,0xD4,0x9A,0x78,0xF2,0xA2,0xF5,0xAA,0xF6,0x89,0xB3,0xAB,0x56,0x8A,0xB3,0xE7,0x1D,0xBE,0xB9,0xB6,0xB8,
0xCF,0x3A,0xAE,0xB7,0xCF,0x5B,0xB6,0xB9,0xC6,0xFA,0xDE,0xDC,0xCD,0xDA,0xE6,0x5C,0xDD,0x99,0xE5,0xDA,0xF5,0xB8,0xED,0x36,0xF5,0xB7,0xF4,0xD4,0xF5,0x96,0xF5,0x53,
0xF5,0x91,0xF5,0xF0,0xF6,0x0F,0xF6,0x0E,0xF6,0x2E,0xF6,0x2E,0xF6,0x2E,0xF6,0x2E,0xF6,0x2E,0xF6,0x2E,0xF6,0x2E,0xF6,0x2E,0xF6,0x2E,0xF6,0x0E,0xF6,0x0E,0xF6,0x2E,
0xF6,0x0F,0xC4,0x0E,0xB3,0x2F,0xAB,0x2F,0xAA,0xCF,0xA2,0xAF,0xA2,0x8F,0x9A,0x6F,0x9A,0x90,0x51,0x48,0x28,0xA5,0x79,0xEE,0x92,0x10,0x89,0xEF,0x89,0xCF,0x89,0xCF,
0x89,0xCF,0x91,0xF0,0x61,0x4C,0x20,0xA7,0x18,0x85,0x39,0x08,0x30,0xE8,0x10,0x45,0x10,0x45,0x20,0xC8,0x51,0x2B,0x81,0x8F,0x79,0x8F,0x81,0xB0,0x50,0xEB,0x18,0x45,
0x18,0x66,0x18,0x86,0x10,0x66,0x20,0xE7,0x18,0xC6,0x10,0x45,0x18,0x45,0x71,0x8E,0x81,0xB0,0x81,0xB0,0x81,0xB0,0x81,0xB0,0x81,0xB0,0x81,0xB0,0x81,0xB0,0x81,0xB0,
0x81,0xB0,0x82,0x10,0x81,0xB0,0x81,0xB0,0x81,0xB0,0x81,0xB0,0x81,0x90,0x81,0x90,0x81,0x90,0x79,0xAF,0x28,0x87,0x10,0x66,0x18,0x66,0x18,0x66,0x18,0x66,0x10,0x66,
0x48,0xEB,0x81,0xD1,0x81,0x90,0x81,0x90,0x81,0x90,0x81,0xB0,0x59,0x4C,0x08,0x04,0x10,0x65,0x10,0x45,0x10,0x45,0x18,0x65,0x10,0x45,0x10,0x65,0x10,0x45,0x08,0x04,
0x40,0xC9,0x81,0xB0,0x81,0x8F,0x81,0x90,0x81,0xB0,0x81,0x90,0x81,0xB0,0x81,0xB0,0x81,0x8F,0x81,0x90,0x81,0xB0,0x81,0xB0,0x81,0xB0,0x81,0xB0,0x81,0xB0,0x81,0xB1,
0x81,0xB0,0x81,0xB0,0x89,0xB1,0x89,0xD1,0x89,0xD1,0x89,0xF3,0x92,0xD7,0xE6,0x5E,0xFF,0xFF,0xD5,0x7D,0x59,0xEE,0x42,0x08,0x3A,0x07,0x39,0xE7,0x42,0x08,0x29,0x65,
0x00,0x00,0x00,0x00,0x00,0x00,0x00,0x00,0x00,0x00,0x00,0x00,0x00,0x00,0x00,0x00,0x00,0x00,0x00,0x00,0x00,0x00,0x00,0x00,0x00,0x00,0x00,0x00,0x00,0x00,0x00,0x00,
0x00,0x00,0x00,0x00,0x00,0x00,0x00,0x00,0x00,0x00,0x00,0x00,0x00,0x00,0x00,0x00,0x00,0x00,0x00,0x00,0x00,0x00,0x00,0x00,0x00,0x00,0x00,0x00,0x00,0x00,0x00,0x00,
0x42,0x08,0x42,0x28,0x42,0x28,0x42,0x28,0x4A,0x49,0x59,0xAE,0xD5,0x3C,0xFF,0xFF,0xEE,0x3E,0x8A,0xB5,0x89,0xF2,0x89,0xD1,0x89,0xD1,0x89,0xD1,0x89,0xB0,0x89,0xB0,
0x89,0xB0,0x89,0xB0,0x89,0x90,0x81,0xB0,0x89,0xB0,0x89,0x90,0x81,0x8F,0x81,0x90,0x81,0x90,0x81,0x90,0x81,0x90,0x81,0x8F,0x81,0x6F,0x89,0xF0,0x93,0x72,0x30,0xE6,
0x18,0x22,0x20,0x63,0x20,0x63,0x20,0x63,0x20,0x63,0x20,0x64,0x20,0x64,0x20,0x64,0x20,0x64,0x20,0x64,0x20,0x84,0x20,0x84,0x20,0x84,0x20,0x84,0x20,0x84,0x20,0x84,
0x18,0x63,0x10,0x42,0x10,0x42,0x08,0x22,0x08,0x42,0x08,0x42,0x08,0x22,0x08,0x22,0x10,0x42,0x20,0x83,0x20,0x84,0x20,0x84,0x20,0x84,0x20,0x84,0x28,0x84,0x20,0x84,
0x20,0x84,0x28,0x84,0x28,0x84,0x20,0x84,0x20,0x84,0x20,0x84,0x20,0x84,0x20,0x84,0x20,0x84,0x28,0xA4,0x28,0xA4,0x28,0x84,0x28,0x84,0x28,0x84,0x20,0x84,0x18,0x63,
0x10,0x42,0x18,0x63,0x18,0x63,0x18,0x63,0x20,0x84,0x20,0x84,0x28,0x84,0x28,0x84,0x28,0x84,0x28,0x84,0x28,0x84,0x28,0x84,0x28,0x84,0x28,0x84,0x28,0x84,0x28,0x84,
0x28,0x84,0x28,0xA4,0x28,0xA4,0x28,0x84,0x28,0x84,0x20,0x83,0x18,0x22,0x49,0x89,0xA3,0x92,0x9A,0x6F,0xA2,0x90,0xAA,0xCF,0xB3,0x0F,0xB3,0x2F,0xC3,0xEF,0xF5,0xEF,
0xF5,0xEE,0xF5,0xEE,0xF6,0x0E,0xF6,0x0E,0xF6,0x0E,0xF6,0x0E,0xF6,0x0E,0xF6,0x0E,0xF6,0x0E,0xF6,0x2E,0xF6,0x0E,0xF6,0x0E,0xF6,0x0E,0xF6,0x0E,0xF6,0x0E,0xF6,0x0E,
0xF6,0x0E,0xF6,0x0E,0xF6,0x0F,0xF5,0xCF,0xF5,0xD1,0xCC,0x32,0xB3,0x97,0x79,0x12,0x9A,0xD5,0xA2,0xD6,0x91,0xF4,0xA3,0x56,0x8A,0xB3,0xE7,0x3D,0xBE,0xB9,0xB6,0x98,
0xCF,0x3A,0xAE,0xB7,0xCF,0x5B,0xB6,0xB9,0xC6,0xFA,0xDE,0xDC,0xCD,0xBA,0xE6,0x3C,0xDD,0x79,0xE5,0xBA,0xF5,0xB8,0xED,0x56,0xF5,0xD7,0xF4,0xB3,0xF5,0x76,0xF5,0x53,
0xF5,0x91,0xF5,0xD0,0xF6,0x0F,0xF6,0x0F,0xF6,0x0F,0xF6,0x0E,0xF6,0x0E,0xF6,0x2E,0xF6,0x2E,0xF6,0x2E,0xF6,0x0E,0xF6,0x0E,0xF6,0x0E,0xF6,0x0E,0xF6,0x0E,0xF6,0x0E,
0xF6,0x2F,0xE5,0x4F,0xB3,0x6E,0xB3,0x2F,0xAA,0xEF,0xAA,0xCF,0xA2,0x8F,0xA2,0x6F,0x92,0x6F,0x38,0xE6,0x20,0xA5,0x59,0x6B,0x92,0x30,0x89,0xEF,0x89,0xEF,0x89,0xEF,
0x89,0xCF,0x92,0x10,0x59,0x2B,0x28,0xC8,0x20,0xA6,0x39,0x08,0x39,0x29,0x10,0x64,0x10,0x44,0x18,0x86,0x49,0x0A,0x81,0xB0,0x79,0x8F,0x81,0xB0,0x58,0xEA,0x50,0xE7,
0x40,0x86,0x49,0x69,0x20,0xC7,0x10,0x65,0x10,0x65,0x10,0x45,0x18,0x45,0x69,0x6E,0x89,0xB0,0x81,0xB0,0x89,0xB0,0x89,0xB0,0x81,0xB0,0x81,0xB0,0x81,0xB0,0x81,0xB0,
0x81,0xB0,0x8A,0x11,0x81,0xB0,0x81,0xB0,0x81,0xB0,0x81,0xB0,0x81,0xB0,0x81,0x90,0x81,0x90,0x79,0xAF,0x28,0x67,0x10,0x45,0x18,0x66,0x18,0x66,0x18,0x66,0x10,0x26,
0x48,0xEB,0x89,0xD1,0x81,0x90,0x81,0xB0,0x81,0x90,0x89,0xB0,0x59,0x2C,0x18,0x65,0x18,0x85,0x20,0xE7,0x20,0xC7,0x10,0x45,0x18,0x45,0x10,0x45,0x18,0x66,0x10,0x46,
0x40,0xEA,0x89,0xD0,0x81,0x90,0x81,0x90,0x81,0x90,0x81,0xB0,0x81,0xB0,0x81,0x90,0x81,0xB0,0x79,0x8F,0x59,0x2C,0x59,0x2C,0x40,0xC9,0x30,0x88,0x38,0xA9,0x50,0xEB,
0x81,0xB0,0x89,0xB0,0x89,0xB1,0x89,0xB1,0x89,0xD1,0x89,0xF3,0x92,0xD7,0xEE,0x5E,0xFF,0xFF,0xD5,0x7D,0x59,0xCE,0x39,0xE8,0x39,0xE7,0x39,0xE7,0x42,0x08,0x29,0x65,
0x00,0x00,0x00,0x00,0x00,0x00,0x00,0x00,0x00,0x00,0x00,0x00,0x00,0x00,0x00,0x00,0x00,0x00,0x00,0x00,0x00,0x00,0x00,0x00,0x00,0x00,0x00,0x00,0x00,0x00,0x00,0x00,
0x00,0x00,0x00,0x00,0x00,0x00,0x00,0x00,0x00,0x00,0x00,0x00,0x00,0x00,0x00,0x00,0x00,0x00,0x00,0x00,0x00,0x00,0x00,0x00,0x00,0x00,0x00,0x00,0x00,0x00,0x00,0x00,
0x42,0x08,0x42,0x28,0x42,0x28,0x42,0x48,0x4A,0x49,0x59,0xAE,0xD5,0x3C,0xFF,0xFF,0xEE,0x3E,0x8A,0x95,0x89,0xF2,0x91,0xD1,0x89,0xD1,0x89,0xD1,0x89,0xB0,0x89,0xB0,
0x89,0xB0,0x89,0xB0,0x89,0xB0,0x89,0xB0,0x89,0x90,0x89,0x90,0x89,0x90,0x89,0x90,0x89,0x90,0x89,0x90,0x89,0x8F,0x89,0xAF,0x81,0x8F,0xA3,0x74,0x41,0x68,0x18,0x23,
0x28,0x84,0x20,0x63,0x20,0x63,0x20,0x63,0x20,0x63,0x20,0x63,0x20,0x63,0x20,0x63,0x20,0x63,0x20,0x64,0x20,0x63,0x20,0x64,0x20,0x64,0x20,0x64,0x20,0x84,0x20,0x84,
0x18,0x63,0x08,0x22,0x08,0x22,0x08,0x22,0x08,0x22,0x00,0x21,0x08,0x22,0x08,0x21,0x08,0x22,0x20,0x83,0x20,0x63,0x20,0x84,0x20,0x84,0x20,0x84,0x28,0x84,0x20,0x84,
0x20,0x84,0x28,0x84,0x20,0x84,0x20,0x84,0x20,0x84,0x20,0x84,0x20,0x84,0x20,0x84,0x20,0x84,0x20,0x84,0x28,0xA4,0x28,0x84,0x28,0x84,0x28,0x84,0x20,0x84,0x10,0x42,
0x08,0x42,0x08,0x22,0x08,0x22,0x08,0x22,0x10,0x43,0x18,0x63,0x20,0x63,0x28,0x84,0x28,0x84,0x20,0x84,0x20,0x84,0x20,0x84,0x28,0x84,0x28,0x84,0x28,0x84,0x28,0x84,
0x28,0x84,0x28,0xA4,0x28,0xA4,0x28,0x84,0x28,0x84,0x28,0x84,0x28,0xC4,0x20,0x43,0x62,0x2B,0xAB,0x93,0xA2,0xAF,0xB2,0xEF,0xB3,0x30,0xBB,0x4F,0xE5,0x4F,0xF5,0xEE,
0xF5,0xED,0xF5,0xED,0xF5,0xEE,0xF6,0x0E,0xF6,0x0D,0xF6,0x0D,0xF6,0x0E,0xF6,0x0E,0xF6,0x0E,0xF6,0x0E,0xF6,0x0E,0xF6,0x0E,0xF6,0x0E,0xF6,0x0E,0xF6,0x0E,0xF6,0x0E,
0xF6,0x0E,0xF6,0x0E,0xF5,0xEF,0xF5,0xCF,0xF5,0xD2,0xD4,0x52,0xBB,0xB8,0x79,0x33,0x9A,0xD5,0x9A,0xB5,0x92,0x34,0xAB,0x97,0x82,0x93,0xE7,0x3D,0xBE,0xB9,0xB6,0x98,
0xCF,0x3A,0xAE,0x97,0xCF,0x5B,0xB6,0xB9,0xBE,0xDA,0xDE,0xDC,0xC5,0x9A,0xDE,0x3C,0xDD,0x59,0xE5,0x99,0xF5,0x98,0xED,0x56,0xF5,0xD8,0xF4,0xB3,0xF5,0x55,0xED,0x12,
0xF5,0x70,0xF5,0xD0,0xF5,0xEF,0xF6,0x0F,0xF6,0x0F,0xF6,0x0F,0xF6,0x0F,0xF6,0x0F,0xF6,0x0E,0xF6,0x0F,0xF6,0x0E,0xF6,0x0E,0xF6,0x0E,0xF6,0x0E,0xF5,0xEE,0xF5,0xEE,
0xED,0xEE,0xF6,0x0F,0xC4,0x2E,0xB3,0x2F,0xB3,0x0F,0xAA,0xCF,0xA2,0x8F,0xA2,0x90,0x7A,0x0C,0x20,0xA4,0x20,0xC6,0x38,0xE7,0x8A,0x0F,0x91,0xEF,0x89,0xEF,0x89,0xEF,
0x89,0xCF,0x92,0x10,0x59,0x2B,0x18,0x65,0x20,0x86,0x18,0x45,0x10,0x24,0x10,0x65,0x10,0x44,0x10,0x24,0x48,0xEA,0x81,0xB0,0x79,0x8F,0x81,0xB0,0x50,0xEA,0x28,0x45,
0x28,0x46,0x20,0x46,0x18,0x86,0x10,0x65,0x20,0x66,0x30,0x87,0x18,0x25,0x71,0x8E,0x89,0xB0,0x81,0x90,0x81,0xB0,0x81,0xB0,0x89,0xB0,0x89,0xB0,0x89,0xB0,0x89,0xB0,
0x89,0xB0,0x8A,0x11,0x89,0xD0,0x81,0xB0,0x81,0xB0,0x81,0xB0,0x81,0xB0,0x81,0xB0,0x81,0xB0,0x79,0xAF,0x28,0x67,0x10,0x45,0x18,0x45,0x20,0xA7,0x18,0x87,0x10,0x26,
0x48,0xEB,0x89,0xD1,0x81,0xB0,0x81,0xB0,0x81,0xB0,0x89,0xB0,0x59,0x2C,0x18,0x85,0x18,0x86,0x29,0x28,0x20,0xE7,0x10,0x25,0x18,0x66,0x18,0x66,0x18,0x87,0x18,0xA7,
0x48,0xEA,0x89,0xD0,0x81,0xB0,0x81,0xB0,0x81,0xB0,0x81,0xB0,0x81,0xB0,0x81,0xB0,0x89,0xB0,0x69,0x4D,0x10,0x04,0x10,0x04,0x10,0x24,0x10,0x45,0x10,0x25,0x28,0x88,
0x81,0xD0,0x89,0xB0,0x89,0xB1,0x89,0xD1,0x89,0xD1,0x89,0xF3,0x92,0xD7,0xEE,0x5E,0xFF,0xFF,0xD5,0x7D,0x59,0xCE,0x39,0xE8,0x42,0x07,0x39,0xE7,0x42,0x08,0x29,0x65,
0x00,0x00,0x00,0x00,0x00,0x00,0x00,0x00,0x00,0x00,0x00,0x00,0x00,0x00,0x00,0x00,0x00,0x00,0x00,0x00,0x00,0x00,0x00,0x00,0x00,0x00,0x00,0x00,0x00,0x00,0x00,0x00,
0x00,0x00,0x00,0x00,0x00,0x00,0x00,0x00,0x00,0x00,0x00,0x00,0x00,0x00,0x00,0x00,0x00,0x00,0x00,0x00,0x00,0x00,0x00,0x00,0x00,0x00,0x00,0x00,0x00,0x00,0x00,0x00,
0x42,0x08,0x42,0x28,0x42,0x28,0x42,0x48,0x4A,0x49,0x59,0xAE,0xD5,0x3C,0xFF,0xDF,0xEE,0x1E,0x8A,0x96,0x89,0xF2,0x91,0xD1,0x91,0xD1,0x91,0xD1,0x89,0xD0,0x89,0xB0,
0x89,0xB0,0x89,0xB0,0x89,0xB0,0x89,0xB0,0x89,0x90,0x89,0x90,0x89,0xB0,0x89,0x90,0x89,0x90,0x89,0x8F,0x89,0xAF,0x81,0x6F,0x92,0x71,0x7A,0xEF,0x18,0x23,0x28,0x84,
0x20,0x64,0x20,0x64,0x20,0x63,0x20,0x63,0x20,0x63,0x20,0x63,0x20,0x63,0x20,0x63,0x20,0x64,0x20,0x63,0x20,0x64,0x20,0x64,0x20,0x64,0x20,0x64,0x20,0x84,0x20,0x84,
0x18,0x63,0x08,0x42,0x08,0x42,0x08,0x42,0x08,0x22,0x08,0x22,0x08,0x22,0x00,0x22,0x08,0x22,0x20,0x83,0x20,0x84,0x20,0x63,0x20,0x84,0x28,0x84,0x28,0x84,0x20,0x84,
0x20,0x84,0x28,0x84,0x28,0x84,0x20,0x84,0x20,0x84,0x20,0x84,0x20,0x84,0x28,0x84,0x20,0x84,0x28,0xA4,0x28,0xA4,0x28,0x84,0x28,0x84,0x28,0x84,0x20,0x84,0x10,0x42,
0x08,0x42,0x08,0x22,0x00,0x21,0x00,0x21,0x08,0x22,0x08,0x22,0x10,0x42,0x28,0x84,0x28,0x84,0x20,0x84,0x20,0x64,0x20,0x84,0x28,0x84,0x28,0x84,0x28,0x84,0x28,0x84,
0x28,0x84,0x28,0xA4,0x28,0xA4,0x28,0x84,0x28,0x84,0x28,0xA4,0x28,0xA4,0x30,0xA4,0x30,0xA4,0x93,0x71,0xAB,0x30,0xB2,0xEF,0xB3,0x0F,0xCC,0x4F,0xF6,0x0F,0xF5,0xED,
0xF5,0xED,0xF5,0xED,0xF6,0x0D,0xF6,0x0D,0xF6,0x0E,0xF6,0x0E,0xF6,0x2E,0xF6,0x0E,0xF6,0x0E,0xF6,0x0E,0xF6,0x0E,0xF6,0x0E,0xF6,0x0E,0xF6,0x0E,0xF6,0x2E,0xF6,0x0E,
0xF6,0x0E,0xF6,0x0E,0xF5,0xEF,0xF5,0xCF,0xFD,0xD2,0xD4,0x53,0xBB,0xB8,0x79,0x33,0xA2,0xF6,0x9A,0xB5,0x81,0xB3,0xAB,0x76,0x8A,0xB3,0xDF,0x1D,0xBE,0xB9,0xB6,0xB8,
0xCF,0x5B,0xAE,0xB7,0xCF,0x5B,0xB6,0xB9,0xBE,0xDA,0xDE,0xBC,0xC5,0x9A,0xDE,0x1C,0xDD,0x39,0xE5,0x79,0xF5,0x98,0xED,0x56,0xF5,0xF8,0xF4,0xD4,0xF5,0x76,0xF5,0x12,
0xFD,0x91,0xFD,0xD0,0xF5,0xEF,0xF6,0x0F,0xF6,0x0F,0xF6,0x0F,0xF6,0x0F,0xF6,0x0F,0xF6,0x0F,0xF6,0x0E,0xF6,0x0F,0xF6,0x0E,0xF6,0x0E,0xF6,0x0E,0xF6,0x0E,0xF6,0x0E,
0xF6,0x0E,0xF6,0x0F,0xE5,0x6F,0xB3,0x6E,0xB3,0x0F,0xAA,0xEF,0xAA,0xAF,0xA2,0xB0,0x49,0x27,0x20,0x84,0x28,0xE6,0x20,0x65,0x61,0x6B,0x92,0x30,0x89,0xEF,0x91,0xEF,
0x89,0xEF,0x9A,0x10,0x59,0x4B,0x10,0x24,0x18,0x45,0x20,0xA7,0x29,0x29,0x18,0x65,0x10,0x44,0x08,0x24,0x40,0xC9,0x81,0xB0,0x81,0x8F,0x89,0xB0,0x48,0xEA,0x10,0x25,
0x18,0x66,0x18,0x66,0x10,0x66,0x18,0x86,0x28,0x67,0x30,0x67,0x20,0x45,0x71,0x6E,0x89,0xB0,0x81,0xB0,0x89,0xB0,0x89,0xB0,0x89,0xB0,0x89,0xB0,0x89,0xB0,0x89,0xB0,
0x89,0xB0,0x89,0xF0,0x89,0xB0,0x89,0xB0,0x81,0xB0,0x81,0xB0,0x81,0xB0,0x81,0xB0,0x81,0xB0,0x81,0xAF,0x28,0xA7,0x10,0x86,0x18,0xA7,0x20,0xE8,0x18,0xA8,0x18,0x87,
0x49,0x2B,0x89,0xF1,0x81,0xB0,0x81,0xB0,0x81,0xB0,0x89,0xB0,0x61,0x4D,0x08,0x24,0x10,0x44,0x08,0x04,0x08,0x24,0x10,0x65,0x10,0x45,0x18,0x87,0x20,0xE8,0x10,0x46,
0x48,0xEB,0x89,0xD1,0x81,0xB0,0x81,0xB0,0x89,0xB0,0x89,0xB0,0x81,0xB0,0x81,0x90,0x89,0xB0,0x69,0x6D,0x10,0x45,0x18,0x66,0x10,0x65,0x18,0x66,0x20,0xC8,0x49,0x0B,
0x89,0xD1,0x89,0xB0,0x89,0xB1,0x89,0xD1,0x91,0xD1,0x89,0xF3,0x92,0xD7,0xEE,0x5E,0xFF,0xFF,0xD5,0x7D,0x59,0xCE,0x3A,0x08,0x39,0xE7,0x39,0xE7,0x39,0xE7,0x29,0x65,
0x00,0x00,0x00,0x00,0x00,0x00,0x00,0x00,0x00,0x00,0x00,0x00,0x00,0x00,0x00,0x00,0x00,0x00,0x00,0x00,0x00,0x00,0x00,0x00,0x00,0x00,0x00,0x00,0x00,0x00,0x00,0x00,
0x00,0x00,0x00,0x00,0x00,0x00,0x00,0x00,0x00,0x00,0x00,0x00,0x00,0x00,0x00,0x00,0x00,0x00,0x00,0x00,0x00,0x00,0x00,0x00,0x00,0x00,0x00,0x00,0x00,0x00,0x00,0x00,
0x42,0x07,0x42,0x28,0x42,0x28,0x42,0x28,0x4A,0x49,0x59,0xAE,0xD5,0x3C,0xFF,0xDF,0xE6,0x3E,0x8A,0x96,0x89,0xF2,0x99,0xD1,0x91,0xD1,0x91,0xD1,0x91,0xD1,0x89,0xB0,
0x89,0xB0,0x89,0xB0,0x89,0xB0,0x89,0xB0,0x89,0xB0,0x89,0x90,0x89,0xB0,0x89,0xB0,0x89,0x90,0x89,0x8F,0x89,0xB0,0x89,0x6F,0x9B,0x33,0x49,0x89,0x18,0x23,0x20,0x84,
0x20,0x63,0x20,0x63,0x20,0x64,0x20,0x63,0x20,0x63,0x20,0x63,0x20,0x64,0x20,0x63,0x20,0x63,0x20,0x64,0x20,0x64,0x20,0x84,0x20,0x64,0x20,0x84,0x18,0x63,0x08,0x22,
0x08,0x22,0x08,0x22,0x08,0x22,0x08,0x42,0x08,0x22,0x08,0x22,0x08,0x22,0x08,0x22,0x08,0x22,0x20,0x83,0x20,0x84,0x20,0x84,0x20,0x84,0x28,0x84,0x28,0x84,0x20,0x84,
0x20,0x84,0x28,0x84,0x28,0x84,0x20,0x84,0x28,0x84,0x20,0x84,0x20,0x84,0x28,0x84,0x20,0x84,0x28,0xA4,0x28,0xA4,0x28,0x84,0x28,0x84,0x28,0xA5,0x20,0x64,0x08,0x22,
0x08,0x22,0x08,0x22,0x08,0x22,0x08,0x22,0x10,0x63,0x08,0x42,0x10,0x43,0x20,0x84,0x28,0x84,0x28,0x84,0x20,0x84,0x20,0x84,0x28,0x84,0x28,0x84,0x28,0x84,0x28,0x84,
0x28,0x84,0x28,0xA4,0x28,0xA4,0x28,0x84,0x28,0x84,0x28,0xA4,0x28,0xA4,0x30,0xC5,0x28,0x83,0x62,0x2B,0xB3,0x92,0xB2,0xEF,0xBB,0x2F,0xE4,0xF1,0xED,0xB0,0xED,0x6F,
0xED,0x4E,0xE5,0x4E,0xE5,0x4E,0xE5,0x4E,0xE5,0x8F,0xE5,0x8F,0xE5,0x8F,0xED,0x8F,0xED,0x8E,0xED,0x8E,0xED,0x8F,0xED,0xAF,0xED,0xAF,0xED,0xB0,0xED,0xAF,0xED,0xAF,
0xED,0x8F,0xED,0x8F,0xED,0x6F,0xED,0x2F,0xF5,0x72,0xC3,0xD3,0xBB,0xF8,0x81,0x74,0x9A,0xF6,0x9A,0xD6,0x81,0x93,0xA3,0x36,0x8A,0xD4,0xD6,0xFD,0xB6,0x9A,0xBE,0x99,
0xD7,0x3B,0xAE,0x98,0xCF,0x1B,0xAE,0x59,0xB6,0x7A,0xCE,0x5C,0xBD,0x1B,0xD5,0xDC,0xD4,0xD9,0xDD,0x3A,0xED,0x58,0xEC,0xF7,0xED,0x58,0xE3,0xD2,0xEC,0xD6,0xD3,0xD1,
0xD4,0x0F,0xDC,0xAF,0xED,0x70,0xF5,0xB0,0xF5,0xB0,0xF5,0xB0,0xED,0xB0,0xF5,0xAF,0xED,0x8F,0xED,0x8F,0xED,0x8F,0xED,0xAF,0xED,0xAF,0xED,0xB0,0xED,0xB0,0xED,0x8F,
0xED,0x8F,0xED,0x6F,0xED,0x90,0xC3,0xEF,0xB3,0x0F,0xB2,0xEF,0xAA,0xCF,0x9A,0x8F,0x38,0xC5,0x20,0xA5,0x28,0xE6,0x18,0x64,0x51,0x29,0x9A,0x30,0x92,0x0F,0x91,0xEF,
0x92,0x0F,0x9A,0x50,0x51,0x2A,0x18,0x45,0x18,0x65,0x20,0xA7,0x31,0x4A,0x18,0x65,0x10,0x44,0x31,0x6A,0x59,0x8D,0x81,0x8F,0x81,0x8F,0x89,0xB0,0x48,0xEA,0x10,0x45,
0x18,0x45,0x18,0x87,0x29,0x6B,0x18,0xE8,0x28,0x87,0x58,0xEA,0x28,0x66,0x71,0x6E,0x89,0xB0,0x89,0xB0,0x89,0xB0,0x89,0xB0,0x89,0xB0,0x89,0xB0,0x89,0xB0,0x89,0xB0,
0x89,0xD0,0x89,0xF0,0x89,0xB0,0x89,0xB0,0x89,0xB0,0x89,0xB0,0x89,0xB0,0x81,0xB0,0x89,0xB0,0x81,0xAF,0x30,0xC9,0x18,0x87,0x20,0xA8,0x18,0x67,0x20,0xC8,0x29,0x09,
0x51,0x4C,0x89,0xF1,0x89,0xB0,0x89,0xB0,0x81,0xB0,0x89,0xB0,0x61,0x4D,0x10,0x65,0x18,0x85,0x21,0x08,0x18,0xA7,0x10,0x45,0x10,0x65,0x10,0x66,0x18,0x87,0x18,0x87,
0x48,0xEB,0x91,0xF1,0x89,0xB0,0x89,0xB0,0x89,0xB0,0x89,0xB0,0x89,0xB0,0x81,0xB0,0x89,0xB0,0x69,0x6D,0x18,0x45,0x18,0x87,0x10,0x45,0x18,0x66,0x20,0xC8,0x49,0x4C,
0x89,0xD1,0x89,0xB1,0x89,0xD1,0x91,0xD1,0x91,0xD1,0x89,0xF3,0x92,0xB7,0xEE,0x5E,0xFF,0xFF,0xD5,0x7D,0x59,0xCF,0x39,0xE8,0x39,0xE7,0x39,0xE7,0x39,0xE7,0x29,0x65,
0x00,0x00,0x00,0x00,0x00,0x00,0x00,0x00,0x00,0x00,0x00,0x00,0x00,0x00,0x00,0x00,0x00,0x00,0x00,0x00,0x00,0x00,0x00,0x00,0x00,0x00,0x00,0x00,0x00,0x00,0x00,0x00,
0x00,0x00,0x00,0x00,0x00,0x00,0x00,0x00,0x00,0x00,0x00,0x00,0x00,0x00,0x00,0x00,0x00,0x00,0x00,0x00,0x00,0x00,0x00,0x00,0x00,0x00,0x00,0x00,0x00,0x00,0x00,0x00,
0x42,0x08,0x42,0x28,0x42,0x28,0x42,0x28,0x4A,0x29,0x59,0xAE,0xD5,0x3C,0xFF,0xDF,0xEE,0x3E,0x8A,0x96,0x91,0xF2,0x99,0xF1,0x91,0xD1,0x91,0xD1,0x91,0xD1,0x91,0xD1,
0x91,0xD0,0x89,0xD0,0x89,0xD0,0x89,0xB0,0x89,0xB0,0x89,0x90,0x89,0x8F,0x89,0x8F,0x89,0x8F,0x89,0x8F,0x89,0x8F,0x89,0xAF,0x93,0x32,0x30,0xE6,0x20,0x43,0x20,0x64,
0x20,0x63,0x20,0x63,0x20,0x64,0x20,0x63,0x20,0x63,0x20,0x63,0x20,0x64,0x20,0x64,0x20,0x63,0x20,0x63,0x20,0x83,0x20,0x84,0x20,0x84,0x28,0x84,0x18,0x63,0x08,0x22,
0x08,0x42,0x08,0x42,0x08,0x22,0x08,0x42,0x08,0x22,0x08,0x22,0x08,0x42,0x08,0x42,0x10,0x42,0x20,0x84,0x20,0x84,0x20,0x84,0x20,0x84,0x20,0x84,0x20,0x84,0x18,0x83,
0x20,0x84,0x28,0xA4,0x28,0xA5,0x28,0xA4,0x28,0xA4,0x28,0xA4,0x28,0x84,0x28,0x84,0x28,0x84,0x28,0xA5,0x28,0xA5,0x28,0x84,0x28,0xA5,0x28,0xA5,0x20,0x84,0x08,0x22,
0x08,0x22,0x08,0x22,0x08,0x22,0x08,0x42,0x08,0x42,0x08,0x62,0x10,0x43,0x20,0x84,0x20,0x84,0x20,0x84,0x20,0x84,0x20,0x84,0x28,0x84,0x28,0x84,0x28,0x84,0x28,0xA4,
0x28,0x84,0x28,0xA4,0x28,0xA4,0x28,0xA4,0x28,0xA5,0x30,0xA4,0x30,0xA4,0x30,0xC4,0x30,0xA4,0x49,0x48,0xAB,0x91,0xB2,0xEF,0xBB,0x0F,0xBB,0x4F,0xBB,0x4F,0xBB,0x4E,
0xC3,0x4F,0xAB,0x0E,0x49,0x06,0x49,0x26,0x49,0x26,0x51,0x67,0x51,0x67,0x9A,0xCC,0xC3,0x8E,0xBB,0x6E,0xBB,0x8E,0xC3,0x8E,0xC3,0xAE,0xC3,0x8E,0xC3,0x8E,0xC3,0x8E,
0xC3,0x8F,0xC3,0x8F,0xC3,0x6E,0xBB,0x4E,0xC3,0x70,0xA2,0x51,0xBB,0xB8,0x81,0xB4,0xA3,0x56,0xA2,0xF6,0x81,0x94,0xA3,0x36,0x7A,0x53,0xC6,0x7D,0x9D,0xFA,0xA5,0xD9,
0xC6,0xDC,0x85,0x98,0xBE,0xBC,0x8D,0x59,0x95,0x9A,0xAD,0x9B,0x8B,0xDA,0xC5,0x7C,0xB3,0xF8,0xCC,0xBA,0xAB,0x55,0x9A,0x72,0xC3,0x74,0x98,0xEC,0xC3,0x12,0x89,0x6C,
0x81,0xCB,0x61,0x27,0xAB,0x2D,0xC3,0xD0,0xC3,0xAF,0xC3,0xAE,0xC3,0x8E,0xC3,0x8E,0xC3,0x8E,0xC3,0x6E,0xC3,0x8E,0xC3,0x8E,0xC3,0x8E,0xC3,0x8E,0xBB,0x8E,0xBB,0x6E,
0xBB,0x4E,0xBB,0x4E,0xBB,0x2E,0xBB,0x2F,0xB3,0x0F,0xB3,0x0F,0xB2,0xEF,0x92,0x4D,0x28,0x84,0x28,0xA5,0x28,0xE6,0x18,0x64,0x40,0xE8,0x92,0x2F,0x92,0x0F,0x9A,0x10,
0x81,0xEE,0x40,0xA8,0x20,0x66,0x18,0x66,0x18,0x65,0x18,0x45,0x18,0x45,0x18,0x65,0x10,0x24,0x29,0x29,0x59,0x8D,0x81,0xB0,0x81,0x8F,0x89,0xB0,0x48,0xEA,0x10,0x25,
0x18,0x65,0x18,0x66,0x18,0xA7,0x18,0xA7,0x28,0x67,0x38,0x88,0x20,0x46,0x79,0xAE,0x91,0xD0,0x89,0xB0,0x89,0xB0,0x89,0xB0,0x89,0xB0,0x89,0xB0,0x89,0xB0,0x89,0xB0,
0x89,0xD0,0x89,0xF1,0x89,0xB0,0x89,0xB0,0x89,0xB0,0x89,0xB0,0x89,0xB0,0x89,0xB0,0x89,0xB0,0x81,0xD0,0x30,0xA9,0x18,0x46,0x18,0x46,0x18,0x67,0x20,0x87,0x10,0x26,
0x49,0x0B,0x91,0xF1,0x89,0xB0,0x89,0xB0,0x81,0x90,0x89,0xB0,0x61,0x4D,0x20,0xC7,0x10,0x86,0x21,0x08,0x29,0x49,0x10,0x25,0x10,0x65,0x10,0x65,0x18,0x46,0x10,0x45,
0x49,0x0B,0x91,0xF1,0x89,0xB0,0x89,0xB0,0x89,0xB0,0x89,0xB0,0x89,0xB0,0x89,0xB0,0x89,0xB0,0x69,0x6D,0x10,0x24,0x10,0x45,0x10,0x45,0x18,0x66,0x18,0x67,0x30,0x89,
0x89,0xD0,0x91,0xD1,0x91,0xD1,0x91,0xD1,0x91,0xD1,0x89,0xF3,0x92,0xD7,0xEE,0x5E,0xFF,0xFF,0xD5,0x7D,0x59,0xCE,0x42,0x08,0x42,0x07,0x39,0xE7,0x42,0x08,0x29,0x65,
0x00,0x00,0x00,0x00,0x00,0x00,0x00,0x00,0x00,0x00,0x00,0x00,0x00,0x00,0x00,0x00,0x00,0x00,0x00,0x00,0x00,0x00,0x00,0x00,0x00,0x00,0x00,0x00,0x00,0x00,0x00,0x00,
0x00,0x00,0x00,0x00,0x00,0x00,0x00,0x00,0x00,0x00,0x00,0x00,0x00,0x00,0x00,0x00,0x00,0x00,0x00,0x00,0x00,0x00,0x00,0x00,0x00,0x00,0x00,0x00,0x00,0x00,0x00,0x00,
0x42,0x08,0x42,0x28,0x42,0x28,0x42,0x28,0x4A,0x29,0x59,0xAE,0xD5,0x3C,0xFF,0xDF,0xEE,0x3E,0x92,0x96,0x92,0x13,0x99,0xF2,0x99,0xF2,0x9A,0x12,0x9A,0x12,0x99,0xF1,
0x91,0xD0,0x91,0xD0,0x91,0xB0,0x91,0xB0,0x91,0xD0,0x91,0xB0,0x91,0xB0,0x89,0xB0,0x91,0xB0,0x91,0xB0,0x89,0xB0,0x89,0xD0,0x93,0x32,0x28,0xA5,0x20,0x43,0x20,0x64,
0x20,0x64,0x20,0x63,0x20,0x63,0x20,0x63,0x20,0x63,0x20,0x64,0x20,0x64,0x20,0x64,0x20,0x84,0x20,0x84,0x20,0x84,0x28,0x84,0x20,0x84,0x28,0xA4,0x18,0x63,0x10,0x42,
0x10,0x43,0x08,0x42,0x08,0x42,0x10,0x63,0x08,0x42,0x08,0x42,0x08,0x43,0x10,0x62,0x10,0x42,0x18,0x83,0x20,0x83,0x18,0x83,0x18,0x63,0x10,0x63,0x10,0x63,0x18,0x63,
0x20,0x84,0x28,0x84,0x20,0x84,0x18,0x84,0x18,0x84,0x18,0x84,0x28,0xA4,0x28,0xA5,0x28,0xA5,0x28,0xA5,0x28,0xA5,0x28,0xA5,0x28,0xA5,0x28,0xA5,0x20,0xA4,0x08,0x43,
0x08,0x42,0x08,0x42,0x08,0x42,0x08,0x43,0x08,0x43,0x08,0x42,0x10,0x63,0x18,0x63,0x10,0x63,0x10,0x42,0x10,0x42,0x20,0x84,0x28,0xA4,0x28,0x84,0x28,0xA4,0x28,0xA4,
0x28,0xA4,0x28,0xA5,0x28,0xA5,0x28,0xA4,0x30,0xA4,0x30,0xA4,0x30,0xA4,0x30,0xC4,0x30,0xA4,0x41,0x26,0xA3,0x50,0xB2,0xCF,0xC3,0x8E,0xCB,0xEF,0xCC,0x0F,0xCC,0x2F,
0xD4,0x50,0xBB,0xCE,0x38,0xA5,0x30,0xA5,0x30,0xC5,0x39,0x06,0x30,0x84,0x93,0x0C,0xDC,0x8F,0xD4,0x4E,0xD4,0x4F,0xD4,0x4F,0xD4,0x4F,0xD4,0x4F,0xD4,0x4F,0xD4,0x4F,
0xD4,0x4F,0xD4,0x4F,0xD4,0x4F,0xCC,0x2F,0xDC,0x31,0xA2,0x91,0xB3,0x98,0x79,0x53,0xA3,0x36,0x9A,0xD6,0x81,0x94,0xB3,0xB7,0x7A,0x32,0xC6,0x7D,0xAE,0x3A,0xAE,0x3A,
0xCF,0x1C,0x95,0xF8,0xC6,0xFC,0x9D,0xD9,0xA6,0x1A,0xBD,0xFC,0xA4,0x7B,0xD5,0xDD,0xC4,0xB9,0xD4,0xFB,0x9A,0xD4,0x89,0xB0,0xBB,0x14,0x88,0x8C,0xBB,0x12,0x79,0x4B,
0x69,0x8A,0x50,0xE7,0xBB,0xCF,0xDC,0xB0,0xD4,0x6F,0xD4,0x6F,0xD4,0x6F,0xD4,0x6F,0xD4,0x6F,0xD4,0x6F,0xD4,0x6F,0xD4,0x6F,0xD4,0x6F,0xD4,0x6F,0xD4,0x6F,0xD4,0x6F,
0xCC,0x4E,0xCC,0x2E,0xCC,0x2E,0xCC,0x2F,0xBB,0x4F,0xB3,0x0F,0xB3,0x10,0x82,0x2C,0x28,0x64,0x28,0xA5,0x28,0xA5,0x20,0x85,0x30,0xA6,0x92,0x2F,0x9A,0x0F,0xA2,0x50,
0x71,0x6C,0x18,0x25,0x20,0x66,0x18,0x66,0x18,0x65,0x18,0x65,0x18,0x65,0x18,0x45,0x18,0x65,0x10,0x24,0x48,0xEA,0x89,0xD1,0x81,0xB0,0x89,0xD0,0x48,0xEA,0x10,0x25,
0x18,0x66,0x18,0x65,0x10,0x25,0x10,0x66,0x20,0x87,0x20,0x46,0x18,0x46,0x71,0x6D,0x91,0xF1,0x89,0xB0,0x89,0xB0,0x89,0xB0,0x89,0xB0,0x89,0xB0,0x89,0xB0,0x91,0xD1,
0x89,0xD0,0x8A,0x11,0x89,0xF1,0x89,0xF1,0x89,0xD0,0x89,0xD0,0x89,0xB0,0x89,0xB0,0x89,0xB0,0x89,0xD0,0x30,0x89,0x18,0x67,0x20,0x87,0x18,0x67,0x20,0x67,0x18,0x46,
0x49,0x0B,0x89,0xF1,0x89,0xB0,0x89,0xB0,0x89,0xB0,0x89,0xB0,0x69,0x6D,0x31,0x29,0x18,0xA6,0x18,0xA6,0x20,0xC7,0x10,0x45,0x10,0x45,0x20,0xC8,0x29,0x09,0x18,0x66,
0x49,0x0B,0x91,0xF1,0x89,0xB0,0x89,0xB0,0x89,0xB0,0x89,0xB0,0x89,0xB0,0x89,0xB0,0x89,0xB0,0x69,0x6D,0x10,0x25,0x10,0x45,0x10,0x45,0x18,0x66,0x18,0x66,0x30,0x89,
0x89,0xD0,0x91,0xD1,0x91,0xD1,0x91,0xD1,0x91,0xD1,0x89,0xF3,0x92,0xD7,0xEE,0x5E,0xFF,0xFF,0xD5,0x7D,0x59,0xCE,0x42,0x08,0x42,0x08,0x39,0xE7,0x42,0x08,0x29,0x65,
0x00,0x00,0x00,0x00,0x00,0x00,0x00,0x00,0x00,0x00,0x00,0x00,0x00,0x00,0x00,0x00,0x00,0x00,0x00,0x00,0x00,0x00,0x00,0x00,0x00,0x00,0x00,0x00,0x00,0x00,0x00,0x00,
0x00,0x00,0x00,0x00,0x00,0x00,0x00,0x00,0x00,0x00,0x00,0x00,0x00,0x00,0x00,0x00,0x00,0x00,0x00,0x00,0x00,0x00,0x00,0x00,0x00,0x00,0x00,0x00,0x00,0x00,0x00,0x00,
0x39,0xE7,0x42,0x28,0x42,0x08,0x42,0x28,0x4A,0x29,0x59,0xAE,0xD5,0x5C,0xFF,0xDF,0xEE,0x3E,0x92,0xB7,0x9A,0x13,0x91,0xF1,0x79,0x8F,0x71,0x8F,0x71,0x8E,0x89,0xD0,
0x99,0xF1,0x91,0xD0,0x91,0xD0,0x89,0xD0,0x71,0x8D,0x71,0x8D,0x69,0x6D,0x69,0x6D,0x69,0x6D,0x69,0x4C,0x71,0x6D,0x79,0xAE,0x8B,0x31,0x28,0xA5,0x20,0x44,0x20,0x64,
0x20,0x64,0x20,0x64,0x20,0x63,0x20,0x64,0x20,0x64,0x20,0x64,0x20,0x64,0x20,0x84,0x28,0x84,0x28,0x84,0x28,0x84,0x28,0xA5,0x28,0xA5,0x28,0xA5,0x20,0xA4,0x10,0x63,
0x10,0x63,0x10,0x63,0x08,0x43,0x08,0x43,0x08,0x43,0x08,0x63,0x10,0x63,0x10,0x83,0x10,0x83,0x10,0x83,0x18,0x84,0x18,0xA4,0x10,0x63,0x10,0x63,0x10,0x63,0x10,0x83,
0x20,0x84,0x20,0xA4,0x10,0x63,0x08,0x43,0x08,0x43,0x08,0x23,0x20,0xA5,0x30,0xE5,0x28,0xC5,0x28,0xC5,0x28,0xC5,0x20,0xA4,0x10,0x43,0x10,0x63,0x10,0x63,0x10,0x63,
0x10,0x63,0x10,0x63,0x10,0x63,0x10,0x83,0x10,0x84,0x08,0x63,0x10,0x63,0x08,0x63,0x08,0x63,0x10,0x83,0x08,0x42,0x20,0x84,0x28,0xA5,0x28,0xA4,0x30,0xA4,0x28,0xC5,
0x30,0xC5,0x30,0xC5,0x30,0xC5,0x30,0xC4,0x30,0xA4,0x30,0xA4,0x30,0xC4,0x30,0xC5,0x30,0xA4,0x41,0x26,0xA3,0x50,0xBB,0x0E,0xED,0x2F,0xF5,0xCF,0xF5,0xAF,0xF5,0xCF,
0xF6,0x10,0xD4,0xEE,0x40,0xE5,0x38,0xE6,0x38,0xE5,0x38,0xE5,0x28,0x84,0xA3,0xCB,0xFE,0x30,0xED,0xCF,0xF5,0xCF,0xF5,0xCF,0xF5,0xCE,0xF5,0xAE,0xF5,0xCF,0xF5,0xCF,
0xF5,0xCF,0xF5,0xCF,0xF5,0xCF,0xED,0x8F,0xFD,0xB1,0xB3,0x32,0xAB,0x78,0x79,0x53,0x9A,0xF6,0xA2,0xF6,0x8A,0x35,0xB4,0x18,0x82,0xB3,0xD6,0xDD,0xBE,0x99,0xC6,0xBA,
0xDF,0x5C,0xBE,0xB7,0xD7,0x3B,0xBE,0x78,0xBE,0xB9,0xCE,0x9C,0xCD,0x5A,0xE6,0x1C,0xDD,0x99,0xE5,0xBB,0x92,0x72,0x89,0xB0,0xBA,0xF3,0x88,0x6B,0xBB,0x12,0x79,0x2A,
0x58,0xC8,0x48,0xC7,0xCC,0xCF,0xFE,0x10,0xF5,0xAF,0xF5,0xCF,0xF5,0xEF,0xF5,0xEF,0xF5,0xEF,0xF5,0xEF,0xF5,0xEF,0xF5,0xEF,0xF5,0xEF,0xF5,0xEF,0xF5,0xEF,0xF5,0xEF,
0xF5,0xEF,0xF5,0xEF,0xF5,0xCF,0xF6,0x10,0xCC,0x2F,0xB2,0xEF,0xBB,0x30,0x69,0x89,0x20,0x64,0x28,0xA5,0x28,0x85,0x28,0x85,0x28,0x86,0x81,0xEE,0x9A,0x2F,0xA2,0x50,
0x69,0x6C,0x28,0x87,0x20,0x66,0x18,0x65,0x18,0x65,0x18,0x45,0x10,0x45,0x18,0x65,0x18,0x66,0x18,0x45,0x51,0x2B,0x89,0xF1,0x81,0xB0,0x89,0xD0,0x48,0xEA,0x10,0x25,
0x18,0x65,0x10,0x65,0x28,0xE8,0x20,0xA7,0x20,0x66,0x28,0xA8,0x18,0x46,0x59,0x2C,0x91,0xF1,0x89,0xB0,0x89,0xB0,0x89,0xB0,0x89,0xB0,0x79,0x8E,0x69,0x6D,0x61,0x4C,
0x7A,0x90,0x59,0x6C,0x40,0xEA,0x48,0xEA,0x59,0x2C,0x79,0xAE,0x89,0xB0,0x89,0xD0,0x89,0xD0,0x89,0xD0,0x38,0xA9,0x18,0x87,0x20,0xC8,0x28,0xE9,0x20,0xA8,0x10,0x46,
0x48,0xEA,0x89,0xF1,0x89,0xB0,0x89,0xB0,0x89,0xB0,0x89,0xD0,0x69,0x6D,0x18,0x66,0x18,0xA6,0x18,0xA7,0x10,0x46,0x10,0x65,0x10,0x45,0x28,0xE9,0x29,0x09,0x18,0x66,
0x51,0x2C,0x91,0xF1,0x89,0xB0,0x89,0xB0,0x89,0xB0,0x89,0xB0,0x89,0xB0,0x89,0xB0,0x91,0xB0,0x71,0x6D,0x10,0x25,0x10,0x45,0x18,0x66,0x18,0x46,0x18,0x66,0x30,0x88,
0x89,0xD0,0x91,0xD1,0x91,0xD1,0x91,0xD1,0x91,0xD1,0x89,0xF3,0x92,0xD7,0xEE,0x5E,0xFF,0xFF,0xD5,0x7D,0x59,0xCE,0x42,0x08,0x42,0x07,0x39,0xE7,0x39,0xE7,0x29,0x65,
0x00,0x00,0x00,0x00,0x00,0x00,0x00,0x00,0x00,0x00,0x00,0x00,0x00,0x00,0x00,0x00,0x00,0x00,0x00,0x00,0x00,0x00,0x00,0x00,0x00,0x00,0x00,0x00,0x00,0x00,0x00,0x00,
0x00,0x00,0x00,0x00,0x00,0x00,0x00,0x00,0x00,0x00,0x00,0x00,0x00,0x00,0x00,0x00,0x00,0x00,0x00,0x00,0x00,0x00,0x00,0x00,0x00,0x00,0x00,0x00,0x00,0x00,0x00,0x00,
0x39,0xE7,0x42,0x28,0x42,0x08,0x42,0x28,0x4A,0x29,0x59,0xAE,0xD5,0x3C,0xFF,0xDF,0xEE,0x3E,0x92,0xB7,0xAA,0x54,0x79,0x6E,0x20,0x67,0x20,0x87,0x18,0x26,0x69,0x2C,
0x9A,0x11,0x91,0xB0,0x99,0xD1,0x81,0xAF,0x20,0x25,0x18,0x45,0x10,0x24,0x10,0x24,0x10,0x24,0x10,0x04,0x10,0x25,0x20,0x66,0x72,0xCF,0x28,0xA5,0x20,0x43,0x20,0x64,
0x20,0x64,0x20,0x64,0x20,0x64,0x20,0x63,0x20,0x63,0x20,0x63,0x20,0x84,0x28,0x84,0x28,0x84,0x28,0xA5,0x28,0xC5,0x30,0xE6,0x31,0x06,0x31,0x07,0x29,0x06,0x20,0xE5,
0x18,0xA4,0x10,0x84,0x10,0x64,0x10,0x63,0x10,0x63,0x18,0xA4,0x20,0xC5,0x20,0xE5,0x20,0xE5,0x20,0xE6,0x28,0xE6,0x28,0xE5,0x18,0xC4,0x18,0xA4,0x10,0x84,0x18,0x84,
0x20,0xC5,0x28,0xE5,0x18,0xA4,0x18,0xA4,0x10,0x84,0x10,0x64,0x28,0xE6,0x39,0x27,0x39,0x27,0x31,0x06,0x18,0xA4,0x08,0x63,0x10,0x63,0x10,0x63,0x10,0x83,0x10,0xA4,
0x18,0xC5,0x18,0xC5,0x18,0xC5,0x18,0xA4,0x18,0xA4,0x10,0x84,0x10,0x84,0x10,0x64,0x10,0x84,0x18,0xC5,0x18,0xC5,0x28,0xE6,0x30,0xE6,0x30,0xC5,0x30,0xE5,0x30,0xE5,
0x39,0x06,0x39,0x06,0x30,0xE5,0x30,0xC5,0x30,0xC4,0x30,0xC4,0x30,0xC4,0x38,0xC5,0x38,0xA4,0x41,0x26,0xA3,0x50,0xC3,0x8E,0xED,0x8E,0xED,0x8D,0xED,0x8E,0xED,0x8E,
0xF5,0xCF,0xCC,0xAD,0x40,0xC5,0x30,0xA5,0x28,0x84,0x30,0xC5,0x28,0x64,0xA3,0xAB,0xF5,0xEF,0xED,0x8E,0xED,0x8E,0xED,0x8E,0xED,0x8D,0xED,0x8D,0xED,0x8D,0xED,0xAE,
0xED,0xAE,0xED,0xAE,0xED,0x8F,0xED,0x6F,0xF5,0x90,0xAB,0x31,0xAB,0x58,0x79,0x33,0x92,0x95,0x9A,0xB6,0x81,0xF4,0xB3,0xF8,0x82,0xF4,0xD6,0xFD,0xBE,0x99,0xBE,0x99,
0xDF,0x5B,0xB6,0x76,0xCF,0x1A,0xB6,0x57,0xBE,0x98,0xD6,0xBC,0xCD,0x59,0xE5,0xFB,0xDD,0x38,0xE5,0x7A,0x92,0x72,0x89,0xB0,0xBA,0xF3,0x88,0x6B,0xBB,0x32,0x81,0x6B,
0x69,0x6B,0x50,0xC7,0xCC,0x8E,0xF5,0xEF,0xED,0x8E,0xF5,0x8E,0xF5,0xAE,0xF5,0xAE,0xED,0xAE,0xF5,0xAF,0xF5,0xAF,0xF5,0xAE,0xED,0xAE,0xED,0xAE,0xED,0xAE,0xF5,0xAE,
0xF5,0xAE,0xF5,0xAE,0xED,0xAE,0xF5,0xCF,0xDC,0xCF,0xB2,0xEE,0xB3,0x10,0x51,0x27,0x20,0x64,0x28,0xA5,0x28,0x85,0x28,0xA5,0x28,0x65,0x71,0xAC,0xA2,0x50,0xA2,0x50,
0x71,0x6C,0x20,0x67,0x20,0x66,0x18,0x66,0x18,0x45,0x20,0x86,0x20,0xA6,0x18,0x45,0x18,0x66,0x18,0x86,0x59,0x4C,0x92,0x11,0x89,0xD0,0x89,0xF1,0x48,0xEA,0x10,0x25,
0x18,0x66,0x10,0x45,0x41,0xCC,0x20,0xA6,0x18,0x45,0x18,0x67,0x10,0x26,0x59,0x2C,0x99,0xF1,0x91,0xB0,0x91,0xB0,0x91,0xB0,0x89,0xD0,0x38,0x68,0x10,0x25,0x10,0x25,
0x31,0x29,0x18,0xA6,0x08,0x25,0x10,0x45,0x10,0x45,0x20,0x26,0x79,0x8E,0x91,0xD1,0x91,0xD0,0x89,0xF0,0x30,0xA9,0x18,0x87,0x18,0x87,0x18,0x67,0x18,0x87,0x10,0x66,
0x48,0xEA,0x89,0xD1,0x89,0xB0,0x89,0xB0,0x89,0xB0,0x89,0xB0,0x69,0x4D,0x28,0xE7,0x20,0xE7,0x18,0x86,0x18,0xA7,0x10,0x46,0x10,0x66,0x10,0x66,0x10,0x66,0x20,0xC8,
0x51,0x0B,0x91,0xD1,0x89,0xB0,0x89,0xB0,0x89,0xB0,0x89,0xB0,0x89,0xB0,0x89,0xB0,0x91,0xB0,0x71,0x6D,0x18,0x45,0x10,0x46,0x18,0x66,0x18,0x66,0x18,0x66,0x30,0xA9,
0x89,0xD0,0x91,0xD1,0x91,0xD1,0x91,0xD1,0x91,0xD1,0x8A,0x13,0x92,0xD7,0xEE,0x5E,0xFF,0xFF,0xD5,0x7D,0x59,0xCE,0x42,0x08,0x39,0xE7,0x39,0xE7,0x42,0x08,0x29,0x65,
0x00,0x00,0x00,0x00,0x00,0x00,0x00,0x00,0x00,0x00,0x00,0x00,0x00,0x00,0x00,0x00,0x00,0x00,0x00,0x00,0x00,0x00,0x00,0x00,0x00,0x00,0x00,0x00,0x00,0x00,0x00,0x00,
0x00,0x00,0x00,0x00,0x00,0x00,0x00,0x00,0x00,0x00,0x00,0x00,0x00,0x00,0x00,0x00,0x00,0x00,0x00,0x00,0x00,0x00,0x00,0x00,0x00,0x00,0x00,0x00,0x00,0x00,0x00,0x00,
0x39,0xE7,0x42,0x28,0x42,0x08,0x42,0x28,0x4A,0x29,0x59,0xAE,0xD5,0x3C,0xFF,0xDF,0xEE,0x3E,0x92,0xB7,0xAA,0x55,0x71,0x6E,0x20,0x87,0x20,0xA8,0x18,0x46,0x69,0x4C,
0xA2,0x11,0x99,0xD0,0x99,0xD1,0x81,0xAF,0x20,0x46,0x18,0x66,0x18,0x66,0x10,0x65,0x18,0x65,0x28,0xE9,0x20,0xA8,0x18,0x66,0x6A,0xAF,0x28,0xA5,0x20,0x43,0x20,0x64,
0x20,0x64,0x20,0x63,0x20,0x64,0x20,0x64,0x20,0x64,0x20,0x64,0x28,0x84,0x28,0xA4,0x30,0xC5,0x31,0x06,0x39,0x27,0x31,0x06,0x31,0x27,0x31,0x27,0x29,0x06,0x20,0xE6,
0x20,0xE6,0x21,0x06,0x18,0xC5,0x18,0xC5,0x18,0xC5,0x18,0xC5,0x20,0xE6,0x29,0x26,0x29,0x47,0x31,0x47,0x31,0x47,0x29,0x27,0x20,0xE5,0x18,0xE5,0x20,0xE5,0x20,0xC5,
0x20,0xC5,0x20,0xC5,0x18,0xA5,0x21,0x06,0x20,0xE6,0x18,0xA5,0x31,0x27,0x39,0x68,0x31,0x06,0x31,0x06,0x20,0xC5,0x10,0xA4,0x18,0xC5,0x18,0xC5,0x20,0xE5,0x18,0xC5,
0x18,0xA5,0x18,0xC5,0x20,0xE6,0x21,0x06,0x29,0x27,0x20,0xE6,0x18,0xC5,0x20,0xE6,0x18,0xC6,0x10,0x84,0x18,0xA5,0x29,0x27,0x39,0x47,0x39,0x26,0x39,0x26,0x39,0x26,
0x38,0xE5,0x30,0xE5,0x39,0x26,0x38,0xE6,0x30,0xC5,0x30,0xC5,0x38,0xC5,0x38,0xC5,0x38,0xC4,0x41,0x26,0xA3,0x2F,0xCC,0x2F,0xF5,0xAE,0xED,0x8E,0xED,0x8E,0xED,0x8E,
0xF5,0xAF,0xCC,0xAD,0x38,0xA4,0x39,0x07,0x41,0xA8,0x28,0xC5,0x30,0xA5,0xA3,0x8B,0xFD,0xCF,0xED,0x6D,0xED,0x6E,0xED,0x6E,0xED,0x6D,0xED,0x8E,0xED,0x8E,0xED,0x8E,
0xED,0x8E,0xED,0x8F,0xED,0x8F,0xED,0x6F,0xF5,0x91,0xAB,0x11,0xAB,0x77,0x71,0x33,0x92,0xD5,0x9A,0xB6,0x79,0x93,0xB3,0xF8,0x82,0xF4,0xD6,0xFD,0xBE,0x99,0xBE,0x98,
0xD7,0x3B,0xAE,0x56,0xCF,0x1A,0xB6,0x57,0xBE,0x98,0xD6,0xDC,0xCD,0x79,0xE5,0xDB,0xD5,0x38,0xE5,0x79,0x9A,0xB3,0x91,0xD1,0xBB,0x34,0x90,0xAC,0xC3,0x53,0x81,0x4B,
0x58,0xC9,0x48,0xA7,0xC4,0x6E,0xF5,0xCF,0xED,0x8E,0xF5,0x8F,0xF5,0xAE,0xF5,0xAF,0xF5,0xAF,0xF5,0xAF,0xF5,0xAF,0xF5,0xAE,0xED,0xAE,0xED,0x8E,0xED,0x8E,0xED,0x8E,
0xED,0xAE,0xED,0xAE,0xED,0xAE,0xF5,0xAE,0xED,0x4F,0xBB,0x2E,0xB2,0xEF,0x49,0x07,0x28,0x85,0x28,0xA5,0x28,0x85,0x28,0x86,0x20,0x65,0x71,0xAC,0xA2,0x50,0xA2,0x50,
0x71,0x8C,0x18,0x26,0x18,0x66,0x18,0x45,0x10,0x24,0x20,0xE7,0x29,0x28,0x10,0x45,0x18,0x66,0x28,0xC9,0x59,0x8D,0x81,0xCF,0x79,0xAF,0x89,0xF0,0x48,0xEA,0x10,0x45,
0x18,0xA6,0x10,0x45,0x10,0x45,0x18,0x66,0x18,0x66,0x18,0x66,0x10,0x26,0x59,0x2C,0x99,0xF1,0x91,0xB0,0x91,0xD0,0x91,0xD0,0x92,0x10,0x30,0xA8,0x08,0x45,0x18,0x65,
0x10,0x24,0x18,0x66,0x18,0x66,0x10,0x65,0x10,0x45,0x18,0x25,0x79,0x8E,0x99,0xF1,0x91,0xD0,0x91,0xD0,0x41,0x0A,0x39,0xAC,0x31,0x4B,0x18,0xC7,0x10,0x45,0x10,0x66,
0x51,0x0B,0x89,0xD1,0x89,0xB0,0x89,0xB0,0x89,0xB0,0x91,0xD0,0x79,0x8F,0x41,0x8B,0x29,0x29,0x10,0x46,0x10,0x66,0x10,0x46,0x10,0x46,0x18,0x66,0x18,0x87,0x08,0x04,
0x40,0xCA,0x91,0xD1,0x89,0xB0,0x89,0xB0,0x89,0xB0,0x89,0xB0,0x89,0xB0,0x89,0xB0,0x91,0xB0,0x71,0x6D,0x10,0x45,0x10,0x45,0x18,0x66,0x18,0x45,0x18,0x66,0x30,0xA9,
0x89,0xD0,0x91,0xD1,0x91,0xD1,0x99,0xD1,0x99,0xD1,0x92,0x13,0x92,0xD7,0xEE,0x5E,0xFF,0xFF,0xD5,0x5D,0x59,0xCF,0x41,0xE8,0x39,0xE7,0x39,0xE7,0x42,0x08,0x29,0x65,
0x00,0x00,0x00,0x00,0x00,0x00,0x00,0x00,0x00,0x00,0x00,0x00,0x00,0x00,0x00,0x00,0x00,0x00,0x00,0x00,0x00,0x00,0x00,0x00,0x00,0x00,0x00,0x00,0x00,0x00,0x00,0x00,
0x00,0x00,0x00,0x00,0x00,0x00,0x00,0x00,0x00,0x00,0x00,0x00,0x00,0x00,0x00,0x00,0x00,0x00,0x00,0x00,0x00,0x00,0x00,0x00,0x00,0x00,0x00,0x00,0x00,0x00,0x00,0x00,
0x39,0xE7,0x42,0x28,0x42,0x08,0x42,0x28,0x4A,0x29,0x51,0xAE,0xCD,0x3C,0xFF,0xDF,0xEE,0x1E,0x92,0x97,0xB2,0x95,0x71,0x6E,0x20,0x67,0x20,0x88,0x20,0x47,0x69,0x4C,
0xA1,0xF1,0x99,0xD0,0xA2,0x11,0x89,0xD0,0x28,0x67,0x18,0x66,0x18,0x67,0x20,0x87,0x20,0xA8,0x28,0xE9,0x20,0xA8,0x20,0x87,0x6A,0xAF,0x28,0xA4,0x20,0x43,0x20,0x63,
0x20,0x64,0x20,0x63,0x20,0x64,0x20,0x64,0x20,0x64,0x20,0x64,0x28,0x84,0x28,0xC5,0x31,0x06,0x31,0x27,0x31,0x47,0x62,0xAC,0x8C,0x11,0x9C,0xB4,0x94,0x93,0x73,0x90,
0x4A,0x2A,0x21,0x06,0x21,0x06,0x21,0x26,0x21,0x06,0x4A,0x4A,0x5A,0xCD,0x6B,0x2E,0x73,0x6F,0x73,0x6F,0x73,0x6F,0x6B,0x2E,0x5A,0xED,0x42,0x0A,0x29,0x27,0x29,0x67,
0x6B,0x4E,0x7B,0xB0,0x6B,0x6E,0x31,0x88,0x29,0x48,0x29,0x27,0x39,0x68,0x4A,0x2A,0x83,0xF1,0x83,0xF0,0x52,0x6B,0x20,0xE6,0x21,0x26,0x21,0x06,0x18,0xC5,0x42,0x09,
0x73,0xAF,0x8C,0x72,0x84,0x11,0x5A,0xED,0x31,0x68,0x29,0x68,0x31,0x68,0x29,0x27,0x39,0xA9,0x7B,0xD1,0x8C,0x32,0x52,0x6B,0x41,0x68,0x41,0x88,0x41,0x68,0x49,0xA8,
0x7B,0x6F,0x83,0xB0,0x49,0xC8,0x39,0x06,0x38,0xE5,0x30,0xC5,0x38,0xC5,0x38,0xC5,0x38,0xC4,0x41,0x26,0xA3,0x4F,0xDC,0xCF,0xED,0x8E,0xED,0x6E,0xED,0x6E,0xED,0x6E,
0xF5,0xAF,0xCC,0x8D,0x38,0x84,0x38,0xE7,0x41,0x68,0x30,0xC5,0x30,0x84,0xA3,0xAC,0xF5,0xB0,0xE5,0x4E,0xED,0x4E,0xED,0x4D,0xED,0x6E,0xED,0x6E,0xED,0x6E,0xED,0x6E,
0xED,0x6E,0xED,0x6E,0xED,0x6F,0xED,0x6F,0xFD,0xF2,0xAB,0x32,0xAB,0x77,0x71,0x33,0x92,0xD5,0x92,0xB6,0x79,0x93,0xB3,0xF7,0x8B,0x34,0xD6,0xFD,0xBE,0xB9,0xBE,0x99,
0xD7,0x3B,0xAE,0x56,0xCF,0x1A,0xB6,0x77,0xC6,0xB9,0xD6,0xDC,0xBD,0x5A,0xBD,0x1A,0xC4,0xB8,0xE5,0x7A,0x9A,0x93,0x91,0xD1,0xC3,0x95,0x90,0xAC,0xC3,0x33,0x78,0xEA,
0x58,0xA8,0x40,0xA6,0xC4,0x4D,0xF5,0xAF,0xED,0x6E,0xED,0x8F,0xF5,0x8F,0xF5,0x8F,0xED,0x8F,0xED,0x8E,0xED,0x8E,0xED,0x8E,0xED,0x8E,0xED,0x8E,0xED,0x8E,0xED,0x8E,
0xED,0x8E,0xED,0x8E,0xED,0x8E,0xED,0x6E,0xED,0x6F,0xCB,0xAE,0xA2,0xAE,0x40,0xC6,0x28,0xA6,0x28,0xA5,0x28,0x85,0x28,0xA6,0x20,0x66,0x69,0xAC,0xAA,0x91,0xAA,0x70,
0x71,0x8C,0x18,0x45,0x18,0x66,0x18,0x45,0x18,0x65,0x10,0x45,0x10,0x45,0x18,0x66,0x18,0x66,0x20,0xC8,0x20,0x87,0x20,0x67,0x28,0x47,0x71,0x6E,0x51,0x0B,0x10,0x86,
0x18,0x87,0x10,0x66,0x10,0x65,0x18,0x66,0x10,0x66,0x18,0x66,0x10,0x25,0x59,0x0B,0x99,0xF1,0x91,0xD0,0x99,0xD1,0x81,0x8F,0x30,0x88,0x18,0x66,0x10,0x65,0x10,0x65,
0x10,0x65,0x18,0x66,0x10,0x45,0x10,0x45,0x10,0x66,0x18,0x26,0x79,0x8F,0x99,0xF1,0x91,0xD0,0x91,0xD0,0x38,0xC9,0x18,0x87,0x20,0xC8,0x20,0xC8,0x18,0x87,0x10,0x66,
0x48,0xEA,0x91,0xD1,0x89,0xB0,0x89,0xB0,0x89,0xB0,0x91,0xD1,0x50,0xEB,0x18,0x66,0x18,0x87,0x10,0x66,0x10,0x46,0x18,0x66,0x18,0x67,0x10,0x46,0x18,0x66,0x10,0x45,
0x48,0xEA,0x91,0xF1,0x89,0xD0,0x91,0xD1,0x91,0xB0,0x89,0xB0,0x89,0xB0,0x89,0xB0,0x91,0xB1,0x71,0x6E,0x20,0x87,0x18,0x66,0x18,0x66,0x10,0x45,0x20,0xE9,0x30,0xC9,
0x89,0xD0,0x99,0xD1,0x91,0xD1,0x99,0xD1,0x99,0xD1,0x91,0xF3,0x92,0xD7,0xEE,0x5F,0xFF,0xFF,0xD5,0x5D,0x59,0xCE,0x3A,0x08,0x42,0x07,0x39,0xE7,0x42,0x08,0x29,0x65,
0x00,0x00,0x00,0x00,0x00,0x00,0x00,0x00,0x00,0x00,0x00,0x00,0x00,0x00,0x00,0x00,0x00,0x00,0x00,0x00,0x00,0x00,0x00,0x00,0x00,0x00,0x00,0x00,0x00,0x00,0x00,0x00,
0x00,0x00,0x00,0x00,0x00,0x00,0x00,0x00,0x00,0x00,0x00,0x00,0x00,0x00,0x00,0x00,0x00,0x00,0x00,0x00,0x00,0x00,0x00,0x00,0x00,0x00,0x00,0x00,0x00,0x00,0x00,0x00,
0x39,0xE7,0x42,0x08,0x42,0x08,0x42,0x28,0x42,0x29,0x51,0xAE,0xCD,0x3C,0xFF,0xDF,0xEE,0x1E,0x92,0xB7,0x9A,0x54,0x61,0x4D,0x20,0x88,0x20,0xA8,0x20,0x47,0x69,0x4D,
0xB2,0x32,0x91,0xCF,0x50,0xEA,0x40,0xEA,0x20,0x87,0x10,0x26,0x39,0x2B,0x41,0x8D,0x10,0x26,0x18,0x66,0x18,0x46,0x18,0x67,0x6A,0xAF,0x28,0xA5,0x20,0x43,0x20,0x63,
0x20,0x64,0x20,0x64,0x20,0x64,0x20,0x64,0x20,0x64,0x20,0x64,0x20,0x84,0x20,0xC5,0x29,0x06,0x39,0x88,0xB5,0x96,0xFF,0xFF,0xFF,0xFF,0xFF,0xFF,0xFF,0xFF,0xFF,0xFF,
0xF7,0xBF,0xAD,0x56,0x39,0xA8,0x29,0x27,0x31,0x67,0xE7,0x3C,0xFF,0xFF,0xFF,0xFF,0xFF,0xFF,0xFF,0xFF,0xFF,0xFF,0xFF,0xFF,0xFF,0xFF,0xB5,0xB7,0x29,0x47,0x39,0xC9,
0xDE,0xFC,0xFF,0xFF,0xFF,0xFF,0x6B,0x4F,0x39,0x89,0x39,0xCA,0x39,0x89,0xA5,0x15,0xFF,0xFF,0xFF,0xFF,0x9C,0xD4,0x21,0x07,0x31,0x89,0x29,0x27,0x94,0x73,0xF7,0x9E,
0xFF,0xFF,0xFF,0xFF,0xFF,0xFF,0xFF,0xFF,0xBD,0xD8,0x41,0xEA,0x39,0xA9,0x31,0x48,0x62,0xED,0xFF,0xFF,0xFF,0xFF,0xC6,0x19,0x41,0xA9,0x52,0x0A,0x49,0xC9,0x62,0x8C,
0xFF,0xFF,0xFF,0xFF,0x62,0x8B,0x39,0x27,0x39,0x26,0x38,0xE5,0x30,0xC5,0x38,0xC4,0x38,0xC4,0x41,0x26,0xAB,0x8F,0xE5,0x2F,0xED,0x8F,0xED,0x6E,0xED,0x6E,0xED,0x4E,
0xF5,0x8F,0xC4,0x6D,0x38,0x84,0x38,0xC6,0x30,0xA6,0x30,0xC6,0x30,0xA5,0x9B,0x6D,0x72,0x28,0x49,0x24,0x9B,0x29,0xF5,0x6F,0xED,0x2E,0xED,0x4F,0xED,0x6F,0xED,0x6F,
0xED,0x6E,0xED,0x4F,0xED,0x6F,0xE5,0x0F,0xBC,0x10,0x8A,0x51,0xB3,0xB8,0x71,0x34,0x92,0xD5,0x9A,0xD6,0x71,0x93,0xAB,0xF7,0x8B,0x54,0xCE,0xDD,0xBE,0x99,0xBE,0x98,
0xD7,0x3B,0xAE,0x56,0xC7,0x1A,0x65,0x77,0x65,0x98,0xA5,0xBA,0x52,0xB5,0x83,0xD7,0xAC,0x17,0xE5,0x9B,0x9A,0x93,0x91,0xD1,0xBB,0x55,0x90,0xAC,0xC3,0x33,0x78,0xE9,
0x50,0xA8,0x40,0x85,0xC4,0x0D,0xF5,0xAF,0xED,0x6F,0xED,0x6F,0xED,0x8F,0xED,0x6F,0xED,0x6E,0xED,0x6E,0xED,0x6E,0xED,0x6E,0xED,0x6E,0xED,0x8F,0xF5,0xD0,0xF5,0xF0,
0xF5,0xD0,0xF5,0xAF,0xF5,0xAF,0xF5,0xAF,0xF5,0x8F,0xD4,0x0F,0xA2,0x8E,0x38,0xA6,0x28,0x86,0x28,0x85,0x28,0x85,0x28,0x86,0x20,0x86,0x38,0xE8,0x61,0x6B,0x92,0x2F,
0x71,0x8C,0x10,0x25,0x18,0x45,0x20,0xA7,0x18,0xA7,0x18,0x66,0x18,0x66,0x18,0x66,0x18,0x66,0x18,0x86,0x18,0x86,0x20,0xA7,0x20,0x87,0x69,0x4D,0x59,0x2C,0x20,0xE9,
0x20,0xE9,0x18,0x86,0x5A,0x2C,0x31,0x4A,0x29,0x29,0x10,0x46,0x10,0x45,0x59,0x0B,0x91,0xD0,0x91,0xAF,0x99,0xF1,0x79,0x8E,0x20,0x87,0x10,0x86,0x10,0x65,0x10,0x65,
0x10,0x65,0x10,0x45,0x10,0x65,0x10,0x66,0x10,0x66,0x18,0x46,0x79,0x8F,0x99,0xF1,0x91,0xD0,0x91,0xD0,0x38,0xA9,0x18,0xA7,0x18,0xA7,0x18,0x66,0x20,0xA7,0x10,0x46,
0x48,0xCA,0x91,0xF1,0x89,0xB0,0x89,0xB0,0x91,0xB1,0x89,0xD0,0x30,0x88,0x10,0x66,0x10,0x46,0x20,0xC8,0x28,0xE8,0x28,0xE9,0x31,0x2A,0x10,0x66,0x18,0x66,0x10,0x25,
0x38,0xC9,0x69,0x8E,0x69,0x6D,0x69,0x6D,0x79,0x8E,0x89,0xB0,0x89,0xB0,0x89,0xB0,0x91,0xD1,0x81,0x8F,0x39,0x2A,0x20,0xC8,0x10,0x45,0x10,0x46,0x28,0xE9,0x41,0x2C,
0x92,0x12,0x99,0xF1,0x99,0xD1,0x99,0xD1,0x99,0xD1,0x91,0xF3,0x92,0xD7,0xEE,0x5F,0xFF,0xFF,0xD5,0x5C,0x59,0xCE,0x3A,0x08,0x39,0xE7,0x39,0xE7,0x39,0xE7,0x29,0x65,
0x00,0x00,0x00,0x00,0x00,0x00,0x00,0x00,0x00,0x00,0x00,0x00,0x00,0x00,0x00,0x00,0x00,0x00,0x00,0x00,0x00,0x00,0x00,0x00,0x00,0x00,0x00,0x00,0x00,0x00,0x00,0x00,
0x00,0x00,0x00,0x00,0x00,0x00,0x00,0x00,0x00,0x00,0x00,0x00,0x00,0x00,0x00,0x00,0x00,0x00,0x00,0x00,0x00,0x00,0x00,0x00,0x00,0x00,0x00,0x00,0x00,0x00,0x00,0x00,
0x39,0xE7,0x42,0x08,0x42,0x08,0x42,0x28,0x42,0x29,0x51,0xAE,0xCD,0x3C,0xFF,0xDF,0xEE,0x3E,0x92,0xD8,0x49,0x0D,0x28,0xA9,0x20,0x88,0x20,0xA8,0x20,0x67,0x48,0xCA,
0x79,0x8E,0x71,0x6D,0x20,0x67,0x10,0x46,0x18,0x66,0x10,0x46,0x20,0xC9,0x28,0xEA,0x18,0x46,0x18,0x66,0x20,0xA8,0x20,0x87,0x6A,0x8E,0x28,0xA5,0x20,0x43,0x20,0x63,
0x20,0x64,0x20,0x64,0x20,0x64,0x28,0x64,0x28,0x84,0x20,0x84,0x20,0xA4,0x28,0xE5,0x28,0xE5,0xA4,0xF4,0xFF,0xFF,0xFF,0xDF,0xC6,0x18,0xA4,0xF5,0x9C,0xD4,0xB5,0x97,
0xE7,0x3D,0xFF,0xFF,0x62,0xED,0x29,0x26,0x31,0x88,0xAD,0x35,0xC6,0x18,0xBD,0xD7,0xE7,0x3C,0xFF,0xFF,0xE7,0x1C,0xBD,0xD8,0xC6,0x18,0x8C,0x52,0x31,0x88,0x39,0xC9,
0xD6,0x9A,0xFF,0xFF,0xFF,0xFF,0xBD,0xF8,0x41,0xEA,0x4A,0x4B,0x5A,0xAD,0xEF,0x7D,0xFF,0xFF,0xFF,0xFF,0x9C,0xD4,0x39,0xA9,0x31,0x88,0x8C,0x73,0xFF,0xFF,0xFF,0xDF,
0xB5,0x97,0x8C,0x52,0xA5,0x15,0xF7,0x9E,0xFF,0xFF,0xC5,0xF8,0x39,0xA9,0x41,0xA9,0x62,0xEE,0xFF,0xBF,0xFF,0xDF,0xFF,0xFF,0x83,0xD0,0x52,0x0A,0x5A,0x4C,0x6A,0xCD,
0xF7,0x9E,0xFF,0xDF,0x5A,0x8B,0x31,0x06,0x20,0xA4,0x28,0xA4,0x38,0xC5,0x38,0xC4,0x38,0xC4,0x41,0x26,0xAB,0xD0,0xED,0x90,0xED,0xAF,0xED,0x90,0xED,0x70,0xED,0x4F,
0xF5,0x6F,0xCC,0x4E,0x38,0xC5,0x39,0x07,0x30,0xC6,0x30,0xA7,0x30,0xA7,0x72,0x8C,0x41,0x27,0x20,0x44,0x82,0x89,0xF5,0x70,0xED,0x0F,0xED,0x30,0xED,0x50,0xED,0x50,
0xED,0x50,0xED,0x50,0xF5,0x70,0xCC,0x50,0x48,0xAB,0x50,0xEF,0xBC,0x39,0x79,0x34,0x92,0xD5,0x92,0xB6,0x71,0x72,0xAB,0xF7,0x93,0x75,0xCE,0xDD,0xB6,0x9A,0xBE,0x79,
0xDF,0x3B,0xAE,0x37,0xC7,0x1B,0x3D,0x17,0x24,0xB7,0x84,0xF9,0x3A,0x14,0x7B,0xB7,0xAB,0xF8,0xED,0xFD,0x9A,0x73,0x91,0xB1,0xBB,0x55,0x88,0x8C,0xC3,0x33,0x70,0xE9,
0x48,0x87,0x40,0x65,0xC4,0x2D,0xF5,0xB0,0xED,0x70,0xED,0x70,0xED,0x6F,0xED,0x6F,0xED,0x4F,0xF5,0x4F,0xED,0x4F,0xED,0x4F,0xF5,0xB0,0xCC,0x6E,0x69,0xE6,0x72,0x28,
0x6A,0x28,0x62,0x07,0x69,0xE8,0x69,0xC7,0xCC,0xAE,0xEC,0xF1,0x9A,0x6D,0x38,0xA6,0x28,0x86,0x28,0x86,0x20,0x86,0x20,0x86,0x20,0x86,0x18,0x86,0x18,0x25,0x79,0xCE,
0x71,0x6C,0x18,0x66,0x20,0x86,0x10,0x66,0x20,0xC8,0x29,0x09,0x18,0x66,0x18,0x66,0x18,0x66,0x18,0xA7,0x18,0x87,0x18,0x87,0x18,0x67,0x69,0x4D,0x59,0x2C,0x10,0x66,
0x18,0xA8,0x18,0x87,0x4A,0x0E,0x20,0xE8,0x10,0x66,0x18,0x66,0x10,0x25,0x59,0x2B,0x9A,0x11,0x91,0xD0,0x9A,0x11,0x79,0xAF,0x20,0x87,0x10,0x86,0x10,0x65,0x10,0x65,
0x10,0x65,0x10,0x65,0x10,0x66,0x10,0x46,0x10,0x66,0x18,0x26,0x79,0x8E,0x99,0xF1,0x99,0xF1,0x91,0xF1,0x30,0xA9,0x18,0x87,0x18,0x87,0x18,0x67,0x18,0x67,0x10,0x46,
0x48,0xCA,0x91,0xF1,0x89,0xB0,0x91,0xB0,0x91,0xB0,0x89,0xD0,0x30,0x88,0x18,0x87,0x18,0x87,0x20,0xC8,0x28,0xE9,0x18,0x67,0x18,0x87,0x18,0x66,0x20,0xC8,0x18,0x87,
0x10,0x45,0x10,0x25,0x18,0x25,0x10,0x25,0x38,0x88,0x91,0xD0,0x89,0xB0,0x91,0xD0,0x81,0xAF,0x61,0x4D,0x20,0x67,0x18,0x87,0x18,0x66,0x18,0x66,0x18,0x88,0x28,0xA9,
0x40,0xCB,0x59,0x0C,0x91,0xF1,0x91,0xD1,0x99,0xD1,0x91,0xF3,0x92,0xD7,0xEE,0x5F,0xFF,0xFF,0xD5,0x7D,0x59,0xCF,0x39,0xE8,0x42,0x07,0x39,0xE7,0x42,0x08,0x29,0x65,
0x00,0x00,0x00,0x00,0x00,0x00,0x00,0x00,0x00,0x00,0x00,0x00,0x00,0x00,0x00,0x00,0x00,0x00,0x00,0x00,0x00,0x00,0x00,0x00,0x00,0x00,0x00,0x00,0x00,0x00,0x00,0x00,
0x00,0x00,0x00,0x00,0x00,0x00,0x00,0x00,0x00,0x00,0x00,0x00,0x00,0x00,0x00,0x00,0x00,0x00,0x00,0x00,0x00,0x00,0x00,0x00,0x00,0x00,0x00,0x00,0x00,0x00,0x00,0x00,
0x39,0xE7,0x42,0x08,0x42,0x08,0x42,0x28,0x42,0x29,0x51,0xAE,0xD5,0x3C,0xFF,0xDF,0xEE,0x5E,0x92,0xB7,0x41,0x0D,0x20,0x87,0x20,0x87,0x20,0x87,0x20,0x87,0x20,0x67,
0x20,0x46,0x30,0xA9,0x20,0x88,0x18,0x87,0x18,0x87,0x18,0x87,0x18,0x67,0x20,0xC9,0x28,0xC9,0x31,0x2A,0x18,0x67,0x18,0x66,0x6A,0xAE,0x28,0xA5,0x20,0x43,0x20,0x64,
0x20,0x63,0x20,0x64,0x20,0x64,0x20,0x64,0x20,0x84,0x18,0x63,0x18,0x84,0x20,0xE5,0x31,0x47,0xDE,0xBB,0xFF,0xFF,0x8C,0x52,0x41,0xEA,0x52,0x4B,0x41,0xC9,0x39,0x88,
0x4A,0x0A,0x84,0x11,0x4A,0x2A,0x29,0x47,0x31,0x88,0x31,0x67,0x39,0xC9,0x39,0xA8,0xB5,0x96,0xFF,0xFF,0x9C,0xF4,0x31,0x67,0x39,0xA8,0x31,0x88,0x41,0xE9,0x39,0xEA,
0xDE,0xBB,0xFF,0xFF,0xFF,0xFF,0xFF,0xDF,0x6B,0x6F,0x42,0x0B,0x9C,0xB4,0xFF,0xFF,0xFF,0xDF,0xFF,0xFF,0xA5,0x15,0x41,0xEA,0x5A,0xAD,0xF7,0x9E,0xFF,0xDF,0x83,0xF1,
0x29,0x47,0x39,0xA9,0x31,0x89,0x63,0x0E,0xEF,0x7D,0xFF,0xFF,0x7B,0xB0,0x39,0x89,0x73,0x4F,0xFF,0xFF,0xFF,0xFF,0xFF,0xFF,0xDE,0xDB,0x62,0x8C,0x62,0x8D,0x6B,0x0E,
0xF7,0x9E,0xFF,0xDF,0x5A,0xAC,0x29,0x06,0x18,0x84,0x20,0xA4,0x38,0xC5,0x38,0xC4,0x30,0xC4,0x41,0x26,0xAB,0xB1,0xCB,0xD0,0xCB,0xCF,0xCB,0xB0,0xCB,0xB0,0xCB,0x8F,
0xCB,0x90,0xAA,0xEE,0x30,0x85,0x28,0xA6,0x28,0xA6,0x28,0xA8,0x39,0x4B,0x30,0xE7,0x28,0x84,0x28,0x84,0x69,0xEA,0xCB,0xB1,0xC3,0x90,0xCB,0xB0,0xCB,0xB0,0xCB,0x90,
0xC3,0x90,0xC3,0x70,0xCB,0x91,0xA2,0xD0,0x48,0xAD,0x51,0x0F,0xB4,0x19,0x79,0x54,0x92,0xD6,0x9B,0x17,0x81,0xF4,0xAB,0xF7,0x83,0x34,0xBE,0xBD,0x9D,0xBB,0xA5,0x99,
0xC6,0x7B,0x9D,0x17,0xB6,0x5A,0x3D,0x17,0x2C,0x97,0x7C,0xB9,0x39,0xF4,0x7B,0xB7,0x9B,0x57,0xCC,0xBB,0x92,0x54,0x89,0x91,0xB3,0x14,0x88,0x8B,0xC3,0x13,0x79,0x2B,
0x59,0x2A,0x38,0x86,0xA2,0xED,0xD3,0xF1,0xD3,0xF1,0xD3,0xF1,0xD3,0xF0,0xD3,0xD0,0xCB,0xAF,0xCB,0x8F,0xCB,0x8E,0xCB,0x8F,0xD4,0x10,0x92,0xAC,0x38,0xA6,0x41,0x07,
0x28,0x65,0x28,0x45,0x28,0x45,0x28,0x04,0x9A,0xCD,0xD3,0xF2,0x9A,0x6E,0x38,0xC7,0x30,0xE8,0x30,0xC7,0x28,0xA7,0x20,0x86,0x20,0x86,0x20,0x86,0x18,0x45,0x71,0x8D,
0x71,0x6D,0x28,0xA7,0x18,0xA6,0x10,0x65,0x20,0xA7,0x20,0xE8,0x18,0x66,0x18,0x66,0x18,0x66,0x18,0x87,0x18,0x67,0x18,0x87,0x10,0x46,0x71,0x6D,0x59,0x2C,0x18,0xC8,
0x20,0xA8,0x18,0x87,0x18,0xC9,0x18,0xA8,0x10,0x65,0x18,0x66,0x10,0x25,0x28,0x67,0x38,0xA8,0x38,0xA8,0x40,0xC9,0x49,0x0A,0x20,0x87,0x10,0x65,0x10,0x86,0x10,0x66,
0x10,0x45,0x10,0x45,0x10,0x45,0x10,0x65,0x10,0x45,0x18,0x25,0x79,0x8E,0x89,0xD0,0x69,0x4D,0x61,0x4C,0x28,0xA8,0x18,0x87,0x18,0x87,0x18,0x87,0x18,0x87,0x10,0x45,
0x40,0xCA,0x89,0xD1,0x89,0xB0,0x91,0xB0,0x91,0xB0,0x89,0xD0,0x30,0x68,0x20,0xE8,0x20,0xC8,0x18,0xA7,0x18,0x67,0x18,0x87,0x18,0x87,0x10,0x66,0x18,0x87,0x18,0x66,
0x18,0x66,0x10,0x66,0x18,0x86,0x10,0x65,0x30,0xA8,0x91,0xD0,0x91,0xB0,0x99,0xF1,0x59,0x0B,0x10,0x25,0x20,0xA8,0x18,0xA8,0x18,0x87,0x18,0x67,0x28,0xEA,0x29,0x0B,
0x18,0xA9,0x40,0xCB,0x91,0xD1,0x91,0xD1,0x99,0xD1,0x91,0xD3,0x92,0xD7,0xEE,0x5E,0xFF,0xFF,0xD5,0x7D,0x59,0xCF,0x3A,0x08,0x3A,0x07,0x39,0xE7,0x42,0x08,0x29,0x65,
0x00,0x00,0x00,0x00,0x00,0x00,0x00,0x00,0x00,0x00,0x00,0x00,0x00,0x00,0x00,0x00,0x00,0x00,0x00,0x00,0x00,0x00,0x00,0x00,0x00,0x00,0x00,0x00,0x00,0x00,0x00,0x00,
0x00,0x00,0x00,0x00,0x00,0x00,0x00,0x00,0x00,0x00,0x00,0x00,0x00,0x00,0x00,0x00,0x00,0x00,0x00,0x00,0x00,0x00,0x00,0x00,0x00,0x00,0x00,0x00,0x00,0x00,0x00,0x00,
0x39,0xE7,0x42,0x08,0x42,0x08,0x42,0x28,0x42,0x29,0x51,0xAE,0xD5,0x3C,0xFF,0xDF,0xEE,0x5E,0x92,0xD7,0x41,0x0C,0x28,0xC9,0x28,0xC8,0x20,0x87,0x20,0xA7,0x20,0xC8,
0x20,0xA8,0x20,0xA8,0x28,0xE9,0x39,0x6B,0x18,0xA8,0x18,0x87,0x18,0x67,0x18,0x87,0x20,0xA8,0x20,0xC8,0x18,0x67,0x10,0x46,0x6A,0xAF,0x28,0xA4,0x10,0x22,0x10,0x22,
0x10,0x42,0x08,0x22,0x10,0x22,0x10,0x22,0x10,0x42,0x10,0x63,0x18,0xA4,0x28,0xE6,0x29,0x06,0xCE,0x39,0xFF,0xFF,0xB5,0x56,0x5A,0x8C,0x4A,0x4B,0x4A,0x2B,0x4A,0x0B,
0x41,0xEA,0x31,0x68,0x31,0x68,0x31,0x47,0x29,0x47,0x31,0xA8,0x41,0xEA,0x39,0xA9,0xB5,0x76,0xFF,0xFF,0xA4,0xF5,0x39,0xA9,0x41,0xEA,0x39,0xA8,0x39,0xA9,0x39,0xE9,
0xDE,0xDB,0xFF,0xFF,0xCE,0x7A,0xFF,0xFF,0xBD,0xD8,0x4A,0x2B,0xDE,0xFC,0xF7,0xBE,0xD6,0x9B,0xFF,0xFF,0xA5,0x35,0x39,0xCA,0x94,0x93,0xFF,0xFF,0xCE,0x7A,0x31,0xA9,
0x41,0xEA,0x42,0x0A,0x4A,0x2B,0x31,0x88,0xA5,0x15,0xFF,0xFF,0xB5,0x97,0x39,0xC9,0x7B,0x90,0xFF,0xFF,0xEF,0x5D,0xE7,0x1C,0xFF,0xFF,0x9C,0xB4,0x5A,0x6C,0x73,0x2F,
0xEF,0x7E,0xFF,0xDF,0x5A,0xAD,0x29,0x27,0x18,0x84,0x28,0xA4,0x38,0xC5,0x38,0xC4,0x30,0xC4,0x41,0x26,0xA3,0x71,0xBA,0xF1,0xBA,0xF0,0xBA,0xF1,0xBA,0xF1,0xBA,0xF0,
0xC2,0xF1,0xA2,0x6F,0x30,0x65,0x28,0x85,0x28,0x85,0x31,0x09,0x39,0x4B,0x28,0xC7,0x28,0x84,0x28,0xA5,0x41,0x07,0x69,0x8A,0x69,0xAA,0x71,0xAA,0x71,0xAA,0x8A,0x0D,
0xB2,0xD1,0xB2,0xB1,0xC2,0xF2,0x92,0x30,0x40,0xAD,0x48,0xCE,0xB3,0xD8,0x71,0x34,0x92,0xD6,0x9B,0x17,0x79,0xB4,0xAC,0x17,0x7B,0x34,0xB6,0xBD,0x8D,0x7B,0x95,0x1A,
0xBE,0x3A,0x94,0xB7,0xB6,0x5A,0x3C,0xF6,0x2C,0x76,0x74,0x99,0x39,0xD4,0x83,0xD7,0x92,0xF7,0xC3,0xDA,0x92,0x33,0x89,0x70,0xB3,0x34,0x80,0x8C,0xBA,0xF2,0x81,0x6D,
0x61,0x6C,0x40,0xA7,0x9A,0x8F,0xA2,0xAF,0x69,0x6A,0x69,0x6A,0x69,0x6A,0x69,0x49,0x89,0xEC,0xBA,0xD0,0xBA,0xAF,0xBA,0xCF,0xC3,0x11,0x89,0xEC,0x49,0x28,0x51,0xCA,
0x30,0xA6,0x30,0xA6,0x30,0x87,0x38,0x86,0x92,0x2D,0xBA,0xF0,0xA2,0x8F,0x38,0x86,0x30,0xC8,0x30,0xE8,0x20,0x65,0x20,0x86,0x20,0x87,0x20,0x86,0x18,0x45,0x71,0xAD,
0x71,0x8D,0x18,0x87,0x10,0x66,0x18,0x66,0x18,0x86,0x20,0xA8,0x18,0x87,0x18,0x66,0x18,0x66,0x18,0x87,0x18,0x87,0x20,0xA8,0x18,0x66,0x71,0x8D,0x59,0x4C,0x18,0xA8,
0x20,0xA8,0x18,0x87,0x18,0xA7,0x18,0xA7,0x10,0x66,0x18,0xC7,0x39,0xCB,0x10,0x45,0x10,0x45,0x10,0x45,0x08,0x45,0x20,0x66,0x20,0xE8,0x29,0xCC,0x18,0xA7,0x18,0xA7,
0x21,0x09,0x29,0x6A,0x10,0x86,0x10,0x66,0x10,0x66,0x18,0x25,0x81,0xCF,0x69,0x6D,0x10,0x06,0x18,0x46,0x18,0x87,0x20,0xA8,0x18,0x87,0x18,0x87,0x18,0x87,0x20,0xA7,
0x28,0xA8,0x48,0xEA,0x71,0x4E,0x91,0xD1,0x91,0xB0,0x91,0xD1,0x30,0x68,0x29,0x0A,0x29,0x09,0x18,0xA7,0x18,0x87,0x18,0x67,0x18,0x87,0x10,0x66,0x10,0x45,0x10,0x66,
0x18,0x87,0x18,0x66,0x18,0x66,0x10,0x66,0x38,0xA9,0x91,0xD0,0x91,0xB0,0x99,0xF1,0x61,0x2C,0x20,0xA8,0x18,0x87,0x18,0xA7,0x18,0x67,0x18,0x67,0x20,0xA8,0x20,0xA9,
0x20,0xCA,0x38,0xCA,0x91,0xD1,0x91,0xD1,0x99,0xD1,0x91,0xD3,0x92,0xB7,0xEE,0x5F,0xFF,0xFF,0xD5,0x7D,0x59,0xEE,0x39,0xE8,0x3A,0x07,0x39,0xE7,0x42,0x08,0x29,0x65,
0x00,0x00,0x00,0x00,0x00,0x00,0x00,0x00,0x00,0x00,0x00,0x00,0x00,0x00,0x00,0x00,0x00,0x00,0x00,0x00,0x00,0x00,0x00,0x00,0x00,0x00,0x00,0x00,0x00,0x00,0x00,0x00,
0x00,0x00,0x00,0x00,0x00,0x00,0x00,0x00,0x00,0x00,0x00,0x00,0x00,0x00,0x00,0x00,0x00,0x00,0x00,0x00,0x00,0x00,0x00,0x00,0x00,0x00,0x00,0x00,0x00,0x00,0x00,0x00,
0x39,0xE7,0x42,0x08,0x42,0x08,0x42,0x28,0x42,0x29,0x51,0xAE,0xD5,0x3C,0xFF,0xDF,0xEE,0x7E,0x92,0xD7,0x41,0x2D,0x28,0xEA,0x28,0xC9,0x20,0xA8,0x20,0xA8,0x20,0xA8,
0x18,0x87,0x20,0xA8,0x18,0x87,0x18,0x87,0x10,0x67,0x10,0x66,0x10,0x66,0x10,0x46,0x10,0x66,0x10,0x46,0x20,0xC8,0x18,0x87,0x6A,0xAF,0x28,0xA5,0x08,0x21,0x00,0x01,
0x00,0x22,0x00,0x21,0x08,0x21,0x08,0x22,0x08,0x42,0x10,0x63,0x18,0xA4,0x20,0xE5,0x20,0xE5,0x6B,0x4E,0xFF,0xFF,0xFF,0xFF,0xEF,0x3D,0xB5,0x97,0x84,0x11,0x5A,0xCD,
0x41,0xE9,0x39,0xC9,0x39,0xA9,0x31,0x47,0x29,0x27,0x29,0x47,0x39,0x88,0x31,0x47,0xAD,0x35,0xFF,0xFF,0x9C,0xD4,0x31,0x48,0x39,0x88,0x31,0x67,0x31,0x88,0x39,0xA9,
0xDE,0xDB,0xFF,0xFF,0x94,0xB3,0xEF,0x7D,0xF7,0x9E,0x94,0x72,0xFF,0xFF,0xC6,0x39,0xB5,0x97,0xFF,0xFF,0xA5,0x35,0x42,0x0A,0xB5,0x97,0xFF,0xFF,0x9C,0xF4,0x31,0x89,
0x39,0xEA,0x39,0xA9,0x39,0xC9,0x39,0xA9,0x7B,0xB0,0xFF,0xFF,0xD6,0xBB,0x4A,0x4B,0x83,0xD1,0xFF,0xFF,0xE7,0x1C,0x9C,0xB4,0xFF,0xFF,0xEF,0x3D,0x6B,0x0E,0x73,0x4F,
0xF7,0x7E,0xFF,0xDF,0x5A,0xAC,0x29,0x27,0x18,0x84,0x20,0xA4,0x38,0xE5,0x38,0xC4,0x30,0xC4,0x41,0x26,0xAB,0xB1,0xC3,0xD1,0xCB,0xD0,0xCB,0xD0,0xCB,0xD0,0xCB,0xB0,
0xD3,0xF1,0xAB,0x0F,0x30,0x65,0x28,0x85,0x20,0x85,0x20,0x86,0x20,0x86,0x28,0x85,0x28,0xA5,0x28,0xA6,0x28,0xA5,0x28,0x85,0x28,0x85,0x28,0xA5,0x20,0x64,0x61,0xA8,
0xCB,0xD1,0xC3,0x90,0xD3,0xF2,0x9A,0xD0,0x40,0x8D,0x48,0xEE,0xAB,0xD8,0x69,0x13,0x92,0xB5,0x92,0xD6,0x71,0x73,0xAC,0x57,0x83,0x74,0xB6,0xDD,0x95,0xBB,0x9D,0x59,
0xBE,0x5A,0x94,0xF6,0xB6,0x7A,0x34,0xF6,0x2C,0x76,0x74,0x79,0x31,0xD4,0x8C,0x38,0x8A,0xB6,0xBB,0xDA,0x9A,0x75,0x81,0x70,0xBB,0x55,0x80,0x8C,0xC3,0x33,0x81,0x2C,
0x50,0xAA,0x40,0xA7,0xAB,0x0E,0x8A,0x0B,0x28,0x44,0x30,0x85,0x30,0xA5,0x28,0x64,0x61,0x68,0xCB,0xB0,0xCB,0x8F,0xCB,0x8F,0xCB,0xB0,0x92,0x4C,0x28,0x45,0x20,0x45,
0x28,0x86,0x28,0x86,0x39,0x09,0x38,0xC8,0x92,0x8C,0xD3,0xD0,0xA2,0xAE,0x30,0x66,0x30,0xC8,0x31,0x09,0x20,0xA7,0x20,0x86,0x20,0x86,0x20,0x86,0x18,0x45,0x71,0xAE,
0x71,0x8D,0x18,0x87,0x18,0x66,0x18,0x86,0x18,0x66,0x29,0x0A,0x20,0xE8,0x10,0x45,0x18,0x66,0x18,0xA7,0x18,0xA8,0x18,0xA7,0x18,0x66,0x71,0x8E,0x59,0x2C,0x08,0x46,
0x10,0x66,0x10,0x65,0x10,0x66,0x18,0x86,0x18,0x86,0x18,0x87,0x20,0xE8,0x18,0x86,0x18,0x87,0x18,0x87,0x18,0x86,0x18,0x65,0x10,0x86,0x19,0x08,0x18,0xA7,0x18,0xA7,
0x21,0x29,0x29,0x29,0x10,0x86,0x10,0x65,0x10,0x65,0x10,0x25,0x81,0xEF,0x69,0x8E,0x10,0x26,0x18,0x67,0x18,0x87,0x20,0xA8,0x18,0x87,0x18,0xA7,0x18,0x87,0x18,0xA7,
0x18,0x67,0x08,0x25,0x59,0x0C,0x99,0xD1,0x91,0xB0,0x91,0xD1,0x38,0x89,0x39,0x6B,0x29,0x2A,0x10,0x67,0x18,0x66,0x10,0x66,0x10,0x66,0x10,0x66,0x18,0x87,0x18,0x87,
0x18,0x67,0x18,0x66,0x18,0x66,0x10,0x66,0x38,0xC9,0x91,0xF1,0x91,0xD0,0x99,0xF1,0x61,0x2C,0x18,0x67,0x18,0x87,0x10,0x66,0x18,0x67,0x18,0x87,0x18,0x88,0x18,0x68,
0x18,0x88,0x38,0xA9,0x91,0xD1,0x99,0xB1,0x99,0xD1,0x91,0xD3,0x92,0xB7,0xEE,0x5F,0xFF,0xFF,0xD5,0x9D,0x59,0xEE,0x39,0xE8,0x39,0xE7,0x39,0xE7,0x39,0xE7,0x29,0x65,
0x00,0x00,0x00,0x00,0x00,0x00,0x00,0x00,0x00,0x00,0x00,0x00,0x00,0x00,0x00,0x00,0x00,0x00,0x00,0x00,0x00,0x00,0x00,0x00,0x00,0x00,0x00,0x00,0x00,0x00,0x00,0x00,
0x00,0x00,0x00,0x00,0x00,0x00,0x00,0x00,0x00,0x00,0x00,0x00,0x00,0x00,0x00,0x00,0x00,0x00,0x00,0x00,0x00,0x00,0x00,0x00,0x00,0x00,0x00,0x00,0x00,0x00,0x00,0x00,
0x39,0xE7,0x42,0x08,0x42,0x08,0x42,0x28,0x42,0x29,0x51,0xAE,0xD5,0x5C,0xFF,0xDF,0xEE,0x5F,0x92,0xD8,0x41,0x0D,0x28,0xC9,0x28,0xC9,0x28,0xE9,0x18,0x87,0x18,0x87,
0x18,0x87,0x20,0xA8,0x10,0x66,0x18,0x87,0x10,0x66,0x10,0x66,0x20,0xC8,0x31,0x2A,0x10,0x66,0x10,0x67,0x20,0xC8,0x18,0x87,0x72,0xD0,0x28,0xC5,0x10,0x21,0x00,0x01,
0x00,0x22,0x00,0x21,0x08,0x21,0x08,0x42,0x08,0x42,0x08,0x43,0x10,0x83,0x18,0xC5,0x29,0x26,0x31,0x47,0x73,0x6F,0xCE,0x7A,0xFF,0xDF,0xFF,0xFF,0xFF,0xFF,0xF7,0xBE,
0xC6,0x18,0x6B,0x4E,0x31,0x88,0x31,0x88,0x29,0x27,0x29,0x27,0x31,0x68,0x29,0x27,0xA5,0x15,0xFF,0xFF,0x9C,0xD4,0x29,0x27,0x31,0x88,0x29,0x47,0x31,0x68,0x31,0x88,
0xDE,0xBB,0xFF,0xFF,0x84,0x11,0xAD,0x76,0xFF,0xFF,0xEF,0x7D,0xFF,0xFF,0x8C,0x32,0xB5,0x97,0xFF,0xFF,0xA5,0x35,0x4A,0x2B,0xBD,0xD8,0xFF,0xFF,0x94,0x93,0x31,0x89,
0x39,0xA9,0x39,0xA9,0x39,0xA9,0x31,0x89,0x73,0x6F,0xFF,0xFF,0xE7,0x1C,0x52,0x8C,0x83,0xF1,0xFF,0xFF,0xF7,0x7E,0x73,0x4F,0xD6,0xBB,0xFF,0xFF,0xAD,0x36,0x6B,0x0E,
0xF7,0x9E,0xFF,0xDF,0x5A,0xAD,0x29,0x47,0x18,0xA4,0x20,0xA4,0x38,0xE5,0x30,0xC4,0x38,0xC4,0x41,0x06,0xBC,0x50,0xF5,0x90,0xED,0x4F,0xED,0x70,0xED,0x70,0xED,0x50,
0xF5,0x90,0xC4,0x6E,0x30,0x85,0x28,0x85,0x28,0xA6,0x28,0xE7,0x20,0x85,0x28,0xC6,0x28,0xA6,0x28,0xA6,0x28,0xA6,0x30,0xA6,0x30,0xC6,0x30,0xC6,0x28,0x85,0x72,0x29,
0xFD,0x71,0xED,0x30,0xFD,0x91,0xB3,0xD1,0x48,0xAF,0x51,0x10,0xB3,0xF8,0x69,0x14,0x8A,0xB5,0x92,0xD6,0x69,0x73,0xB4,0x77,0x8B,0xD5,0xB6,0xBD,0xAE,0x39,0xC6,0x18,
0xD6,0xDB,0xB5,0xD7,0xBE,0xFB,0x34,0xD6,0x2C,0x76,0x74,0x99,0x39,0xF4,0x94,0x99,0x61,0xF4,0x82,0xB8,0x92,0x15,0x81,0x30,0xB2,0xD4,0x88,0xAD,0xBB,0x13,0x91,0xCE,
0x61,0x0B,0x38,0x67,0xC4,0x30,0xA3,0x4D,0x28,0x44,0x30,0xC6,0x38,0xC6,0x38,0xC6,0x72,0x08,0xF5,0x91,0xF5,0x50,0xED,0x2F,0xFD,0x70,0xA3,0x2C,0x20,0x45,0x39,0x28,
0x28,0xC7,0x20,0x66,0x49,0xAB,0x38,0xE8,0xB3,0xCD,0xFE,0x12,0xBB,0x4E,0x30,0x67,0x28,0xA7,0x28,0xA8,0x39,0x4A,0x20,0x86,0x18,0x66,0x20,0x86,0x18,0x45,0x71,0xAD,
0x71,0x8E,0x10,0x46,0x20,0xA8,0x18,0x86,0x18,0xA7,0x29,0x4A,0x20,0xC8,0x10,0x65,0x18,0x66,0x18,0x87,0x18,0x87,0x18,0x87,0x18,0x66,0x71,0x8E,0x61,0x6D,0x28,0xC9,
0x31,0x0A,0x31,0x0A,0x20,0xC8,0x10,0x66,0x18,0x87,0x18,0x86,0x10,0x66,0x18,0xA7,0x20,0xC8,0x10,0x66,0x10,0x66,0x18,0x86,0x18,0x86,0x10,0x66,0x10,0x66,0x18,0x86,
0x10,0x66,0x18,0x66,0x18,0x86,0x10,0x65,0x10,0x66,0x10,0x25,0x51,0x0B,0x48,0xEA,0x10,0x46,0x18,0x66,0x18,0x87,0x20,0xE9,0x20,0xC8,0x18,0x87,0x18,0x66,0x18,0x66,
0x18,0x87,0x20,0x88,0x61,0x2D,0x99,0xD1,0x99,0xB1,0x99,0xF1,0x40,0xCA,0x20,0xC8,0x10,0x66,0x18,0x87,0x10,0x66,0x10,0x66,0x10,0x66,0x10,0x66,0x18,0xA7,0x18,0x66,
0x18,0x86,0x18,0x67,0x20,0xC8,0x18,0xA7,0x30,0xC9,0x91,0xF0,0x91,0xD0,0x99,0xF1,0x59,0x0C,0x10,0x46,0x20,0xA8,0x18,0x87,0x18,0x66,0x18,0x67,0x28,0xC9,0x28,0xEA,
0x18,0x67,0x38,0x89,0x91,0xD1,0x99,0xD1,0x99,0xD1,0x91,0xD3,0x92,0xB7,0xEE,0x5E,0xFF,0xFF,0xD5,0x7D,0x59,0xEE,0x39,0xE8,0x39,0xE7,0x39,0xC7,0x39,0xE7,0x29,0x65,
0x00,0x00,0x00,0x00,0x00,0x00,0x00,0x00,0x00,0x00,0x00,0x00,0x00,0x00,0x00,0x00,0x00,0x00,0x00,0x00,0x00,0x00,0x00,0x00,0x00,0x00,0x00,0x00,0x00,0x00,0x00,0x00,
0x00,0x00,0x00,0x00,0x00,0x00,0x00,0x00,0x00,0x00,0x00,0x00,0x00,0x00,0x00,0x00,0x00,0x00,0x00,0x00,0x00,0x00,0x00,0x00,0x00,0x00,0x00,0x00,0x00,0x00,0x00,0x00,
0x39,0xE7,0x42,0x08,0x42,0x08,0x42,0x28,0x42,0x28,0x51,0xAE,0xD5,0x5C,0xFF,0xDF,0xEE,0x7E,0x92,0xF8,0x41,0x2D,0x18,0x88,0x20,0xA8,0x20,0xA8,0x18,0x88,0x29,0x09,
0x20,0xC9,0x20,0xC9,0x18,0x87,0x10,0x66,0x31,0x2A,0x20,0xC8,0x18,0x87,0x31,0x4A,0x10,0x46,0x10,0x66,0x18,0x87,0x18,0x87,0x72,0xF0,0x28,0xC5,0x10,0x22,0x00,0x22,
0x00,0x22,0x00,0x21,0x08,0x22,0x08,0x22,0x08,0x22,0x08,0x42,0x10,0x63,0x18,0xA4,0x21,0x06,0x39,0x88,0x39,0x88,0x41,0xCA,0x6B,0x2E,0x9C,0x93,0xC6,0x19,0xF7,0xBE,
0xFF,0xFF,0xFF,0xFF,0x73,0x8F,0x29,0x47,0x31,0x68,0x29,0x27,0x31,0x68,0x29,0x27,0xA5,0x15,0xFF,0xFF,0x9C,0xF4,0x29,0x68,0x31,0xA8,0x29,0x67,0x31,0x68,0x31,0x88,
0xD6,0xBB,0xFF,0xFF,0x84,0x31,0x63,0x0E,0xF7,0xBF,0xFF,0xFF,0xE7,0x1C,0x52,0x8C,0xC5,0xF8,0xFF,0xFF,0xAD,0x56,0x4A,0x2B,0xBD,0xD8,0xFF,0xFF,0x94,0xB4,0x31,0x89,
0x39,0xA9,0x31,0x88,0x39,0xA9,0x31,0x88,0x73,0x8F,0xFF,0xFF,0xDE,0xFC,0x52,0x8C,0x83,0xF1,0xFF,0xFF,0xF7,0x9E,0x73,0x2F,0x8C,0x32,0xFF,0xFF,0xF7,0x7E,0x7B,0xB0,
0xEF,0x5D,0xFF,0xBF,0x5A,0xAC,0x29,0x47,0x18,0xA4,0x20,0xA4,0x38,0xE5,0x38,0xC5,0x38,0xC4,0x41,0x26,0xBC,0x50,0xED,0x4F,0xED,0x2E,0xED,0x4F,0xED,0x4F,0xED,0x70,
0xFD,0xD1,0xC4,0x6E,0x30,0xA6,0x28,0xC7,0x20,0xA6,0x28,0xE7,0x20,0x86,0x28,0xA6,0x28,0x86,0x28,0xA6,0x28,0xA6,0x28,0xA6,0x30,0xC7,0x49,0xCA,0x31,0x28,0x69,0xE8,
0xF5,0x30,0xEC,0xEF,0xF5,0x50,0xAB,0x90,0x48,0xCF,0x59,0x31,0xB4,0x39,0x71,0x34,0x8A,0x95,0x8A,0x96,0x69,0x52,0xB4,0x77,0x8B,0xF5,0xB6,0xBD,0xB6,0x59,0xC6,0x37,
0xD6,0xDA,0xAD,0xD6,0xB6,0xFB,0x2C,0xB6,0x2C,0x96,0x74,0xD9,0x31,0xF4,0x94,0x79,0x59,0xD4,0x82,0xB8,0x92,0x15,0x81,0x31,0xB2,0xF4,0x80,0x8C,0xC3,0x33,0x68,0xAA,
0x50,0x89,0x38,0x67,0xAB,0x8E,0x93,0x0C,0x20,0x66,0x39,0x28,0x30,0xC7,0x28,0x85,0x69,0xE8,0xF5,0x90,0xED,0x2E,0xED,0x0E,0xFD,0x6F,0x9B,0x2B,0x28,0x85,0x6A,0xEF,
0x39,0x49,0x20,0x67,0x28,0x88,0x20,0x26,0x9B,0x6D,0xED,0x30,0xAB,0x0D,0x30,0x67,0x28,0x87,0x20,0x87,0x20,0x87,0x28,0xC7,0x31,0x29,0x18,0x66,0x18,0x45,0x69,0xAD,
0x69,0xAD,0x10,0x66,0x29,0x09,0x18,0xA7,0x18,0x87,0x18,0xA8,0x18,0xA7,0x18,0x66,0x18,0x86,0x18,0x87,0x18,0x87,0x18,0x87,0x18,0x87,0x38,0xEA,0x38,0xEA,0x39,0x2B,
0x41,0x4C,0x41,0x6C,0x28,0xE9,0x10,0x86,0x18,0x87,0x18,0xA7,0x18,0x87,0x18,0x87,0x18,0xA7,0x10,0x86,0x10,0x66,0x18,0x86,0x18,0xA7,0x18,0xA7,0x10,0x66,0x18,0xA7,
0x18,0x87,0x18,0xA7,0x18,0x86,0x18,0x87,0x31,0x2B,0x28,0xC8,0x18,0x45,0x10,0x45,0x18,0x66,0x18,0x66,0x18,0xA7,0x18,0xA8,0x18,0x87,0x20,0xC8,0x18,0x87,0x18,0x87,
0x18,0x87,0x20,0x88,0x61,0x2D,0x99,0xF1,0x79,0x6E,0x69,0x6E,0x30,0xA9,0x18,0xA7,0x18,0x87,0x10,0x66,0x10,0x66,0x10,0x66,0x10,0x66,0x18,0x87,0x10,0x66,0x18,0x66,
0x18,0x87,0x18,0x87,0x20,0xC8,0x18,0x87,0x38,0xC9,0x9A,0x32,0x9A,0x11,0xA2,0x32,0x59,0x4D,0x10,0x46,0x18,0xA8,0x18,0xA8,0x18,0x67,0x18,0x67,0x28,0xE9,0x29,0x0A,
0x18,0x88,0x38,0x89,0x91,0xD1,0x99,0xD1,0x99,0xD1,0x91,0xD3,0x92,0xB7,0xEE,0x7E,0xFF,0xFF,0xD5,0x7D,0x59,0xCE,0x3A,0x08,0x39,0xE7,0x39,0xE7,0x39,0xE7,0x29,0x65,
0x00,0x00,0x00,0x00,0x00,0x00,0x00,0x00,0x00,0x00,0x00,0x00,0x00,0x00,0x00,0x00,0x00,0x00,0x00,0x00,0x00,0x00,0x00,0x00,0x00,0x00,0x00,0x00,0x00,0x00,0x00,0x00,
0x00,0x00,0x00,0x00,0x00,0x00,0x00,0x00,0x00,0x00,0x00,0x00,0x00,0x00,0x00,0x00,0x00,0x00,0x00,0x00,0x00,0x00,0x00,0x00,0x00,0x00,0x00,0x00,0x00,0x00,0x00,0x00,
0x39,0xE7,0x42,0x08,0x42,0x08,0x42,0x28,0x42,0x28,0x59,0xAE,0xD5,0x5C,0xFF,0xDF,0xEE,0x5E,0x92,0xD8,0x41,0x2D,0x18,0x88,0x28,0xEA,0x28,0xE9,0x18,0x88,0x18,0xA8,
0x18,0x87,0x10,0x67,0x18,0x87,0x10,0x66,0x29,0x09,0x20,0xC8,0x18,0x87,0x52,0x2E,0x18,0x87,0x10,0x66,0x18,0x87,0x18,0x87,0x72,0xF0,0x30,0xC5,0x10,0x22,0x00,0x22,
0x00,0x21,0x00,0x21,0x08,0x21,0x08,0x22,0x08,0x42,0x08,0x42,0x10,0x63,0x10,0x84,0x20,0xE5,0x21,0x06,0x39,0x88,0x4A,0x0B,0x4A,0x2B,0x52,0x4C,0x52,0x4C,0x62,0xEE,
0xCE,0x39,0xFF,0xFF,0xC6,0x18,0x29,0x47,0x31,0x88,0x31,0x68,0x39,0xA9,0x29,0x47,0xAD,0x35,0xFF,0xFF,0xA5,0x35,0x39,0xC9,0x39,0xEA,0x31,0x88,0x31,0x88,0x31,0x88,
0xD6,0x9A,0xFF,0xFF,0x84,0x11,0x39,0xC9,0xB5,0x77,0xFF,0xFF,0x94,0xB3,0x42,0x0A,0xC6,0x18,0xFF,0xFF,0xAD,0x35,0x42,0x0A,0xA5,0x35,0xFF,0xFF,0xB5,0xB7,0x31,0x89,
0x39,0xCA,0x31,0xA9,0x39,0xCA,0x29,0x48,0x8C,0x32,0xFF,0xFF,0xCE,0x39,0x4A,0x2B,0x83,0xD1,0xFF,0xFF,0xEF,0x7E,0x73,0x50,0x62,0xAE,0xCE,0x5A,0xFF,0xFF,0xBD,0xF8,
0xE7,0x1C,0xFF,0xDF,0x52,0x8C,0x21,0x27,0x18,0xA4,0x20,0xA4,0x38,0xC5,0x38,0xC4,0x38,0xC4,0x41,0x26,0xBC,0x50,0xED,0x4F,0xED,0x2F,0xED,0x2F,0xED,0x70,0xBC,0x0E,
0xAB,0xCE,0x8A,0xEC,0x28,0x86,0x28,0xA7,0x20,0x86,0x18,0x45,0x20,0x86,0x20,0xA7,0x20,0x86,0x20,0x86,0x20,0x86,0x28,0x86,0x28,0x86,0x39,0x09,0x28,0xA7,0x6A,0x09,
0xF5,0x50,0xE4,0xEF,0xF5,0x50,0xAB,0x8F,0x38,0x8D,0x51,0x10,0xBC,0x79,0x71,0x54,0x92,0xD6,0x8A,0xB6,0x61,0x52,0xAC,0x57,0x7B,0x94,0xB6,0x9D,0xBE,0x79,0xC6,0x38,
0xD6,0xDA,0xAD,0xD6,0xB7,0x1B,0x2C,0xB6,0x2C,0x96,0x74,0xD9,0x31,0xF4,0x8C,0x39,0x59,0x94,0x7A,0x97,0x92,0x16,0x89,0x52,0xBB,0x34,0xA9,0xF0,0xC3,0x53,0x71,0x2B,
0x59,0x0A,0x38,0xA8,0x40,0xC7,0x41,0x07,0x39,0x69,0x39,0x49,0x28,0xC7,0x20,0x66,0x59,0xA8,0xDC,0xCF,0xED,0x0E,0xEC,0xEE,0xF5,0x4F,0xA3,0x4B,0x18,0x04,0x18,0x26,
0x20,0x67,0x20,0x67,0x39,0x6A,0x31,0x29,0x28,0x86,0x38,0xE6,0x38,0xC7,0x20,0x87,0x28,0xC8,0x20,0xA7,0x20,0x86,0x20,0xA7,0x29,0x08,0x18,0x66,0x18,0x66,0x30,0xA8,
0x28,0x87,0x18,0x87,0x10,0x66,0x10,0x86,0x20,0xC8,0x18,0xC8,0x18,0x87,0x18,0x67,0x18,0x67,0x20,0xA8,0x28,0xEA,0x29,0x0A,0x18,0xA7,0x18,0xA7,0x18,0x87,0x10,0x46,
0x18,0x87,0x18,0xA7,0x10,0x66,0x18,0x87,0x18,0x87,0x20,0xC8,0x20,0xE9,0x10,0x67,0x18,0xA7,0x10,0x86,0x20,0xA7,0x20,0xA7,0x10,0x66,0x10,0x66,0x10,0x66,0x18,0x87,
0x18,0x67,0x18,0x66,0x18,0x86,0x18,0x87,0x20,0xA9,0x18,0xA8,0x10,0x65,0x10,0x86,0x10,0x65,0x10,0x66,0x18,0xA8,0x18,0xA7,0x10,0x66,0x18,0x87,0x18,0xA7,0x18,0x87,
0x18,0x87,0x18,0x47,0x61,0x2C,0x99,0xF2,0x30,0x89,0x18,0x67,0x18,0xA7,0x18,0x87,0x20,0xE9,0x20,0xC8,0x10,0x66,0x10,0x86,0x18,0xA7,0x18,0xA7,0x10,0x45,0x20,0xC8,
0x29,0x2A,0x18,0x87,0x18,0xA7,0x10,0x66,0x28,0xA8,0x61,0x6D,0x69,0x4D,0x69,0x6E,0x40,0xEB,0x20,0xA9,0x28,0xEA,0x28,0xE9,0x18,0x87,0x18,0x87,0x18,0x67,0x20,0xC9,
0x29,0x0A,0x30,0x89,0x89,0xB0,0x89,0x90,0x91,0xD0,0x89,0xF3,0x92,0xB7,0xEE,0x7F,0xFF,0xFF,0xD5,0x7D,0x59,0xCE,0x39,0xE8,0x39,0xE7,0x39,0xE7,0x39,0xE7,0x29,0x65,
0x00,0x00,0x00,0x00,0x00,0x00,0x00,0x00,0x00,0x00,0x00,0x00,0x00,0x00,0x00,0x00,0x00,0x00,0x00,0x00,0x00,0x00,0x00,0x00,0x00,0x00,0x00,0x00,0x00,0x00,0x00,0x00,
0x00,0x00,0x00,0x00,0x00,0x00,0x00,0x00,0x00,0x00,0x00,0x00,0x00,0x00,0x00,0x00,0x00,0x00,0x00,0x00,0x00,0x00,0x00,0x00,0x00,0x00,0x00,0x00,0x00,0x00,0x00,0x00,
0x39,0xE7,0x42,0x08,0x42,0x08,0x42,0x28,0x42,0x29,0x59,0xAE,0xD5,0x5C,0xFF,0xBF,0xEE,0x5E,0x92,0xD8,0x41,0x2E,0x28,0xAA,0x31,0x0B,0x18,0x88,0x18,0x67,0x18,0x87,
0x18,0x87,0x29,0x0A,0x18,0x87,0x18,0x66,0x18,0x66,0x10,0x66,0x18,0x67,0x20,0xA8,0x18,0x67,0x10,0x66,0x18,0x87,0x20,0xC8,0x72,0xD0,0x28,0xC5,0x10,0x22,0x08,0x21,
0x08,0x42,0x08,0x22,0x08,0x22,0x08,0x22,0x08,0x42,0x08,0x42,0x10,0x63,0x18,0xA4,0x20,0xE5,0x52,0x8B,0x42,0x0A,0x31,0x48,0x41,0xCA,0x52,0x4C,0x52,0x6C,0x39,0x89,
0x9C,0xD4,0xFF,0xFF,0xC6,0x19,0x29,0x47,0x31,0x88,0x29,0x27,0x29,0x47,0x18,0xE5,0xA5,0x15,0xFF,0xFF,0xA5,0x15,0x29,0x48,0x31,0x68,0x29,0x48,0x31,0xA9,0x29,0x68,
0xCE,0x7A,0xFF,0xFF,0x7B,0xB0,0x39,0xC9,0x4A,0x2B,0x5A,0xCD,0x52,0x6C,0x42,0x2B,0xBD,0xD7,0xFF,0xFF,0xA5,0x15,0x41,0xEA,0x73,0x90,0xFF,0xFF,0xEF,0x7E,0x52,0x8C,
0x29,0x48,0x39,0xA9,0x31,0x68,0x39,0xA8,0xD6,0x9B,0xFF,0xFF,0x94,0xB4,0x39,0xCA,0x7B,0x90,0xFF,0xFF,0xEF,0x7D,0x6A,0xEE,0x5A,0x6D,0x7B,0x90,0xFF,0xDF,0xFF,0xDF,
0xF7,0xBE,0xF7,0x9E,0x52,0xAC,0x29,0x47,0x18,0xA4,0x20,0xA4,0x30,0xC4,0x30,0xC4,0x30,0xC4,0x41,0x06,0xB4,0x4F,0xED,0x2F,0xE5,0x0F,0xE5,0x0F,0xF5,0x91,0x82,0x6B,
0x38,0xE8,0x41,0x08,0x39,0x09,0x39,0x6A,0x28,0xA7,0x29,0x08,0x20,0xC7,0x28,0xE8,0x28,0xE8,0x20,0x86,0x20,0x86,0x20,0x86,0x28,0x86,0x28,0xA7,0x20,0x46,0x72,0x2A,
0xF5,0x51,0xE4,0xCF,0xF5,0x30,0xAB,0x4F,0x38,0x8D,0x51,0x0F,0xB4,0x19,0x69,0x14,0x92,0xF6,0x8A,0xB6,0x61,0x52,0xAC,0x57,0x6B,0x13,0xAE,0x5C,0xC6,0x79,0xC6,0x57,
0xCE,0xDA,0xAD,0xD6,0xB7,0x1B,0x2C,0xD6,0x2C,0xB6,0x75,0x19,0x31,0xF4,0x8C,0x39,0x51,0x93,0x7A,0x57,0x89,0xF5,0x89,0x72,0xBB,0x34,0x99,0x0E,0xC3,0x54,0x68,0xEA,
0x48,0x88,0x38,0xA7,0x28,0x66,0x39,0x09,0x41,0xAA,0x30,0xE8,0x39,0x29,0x30,0xE8,0x20,0x46,0x61,0x87,0xED,0x0F,0xEC,0xCD,0xF5,0x4F,0xA3,0x6C,0x28,0x86,0x41,0x6B,
0x28,0xC8,0x20,0x67,0x31,0x09,0x28,0xE9,0x20,0x87,0x20,0xA8,0x20,0x88,0x20,0xA8,0x20,0xA8,0x20,0xA7,0x18,0x87,0x18,0x86,0x18,0x66,0x18,0x86,0x18,0x66,0x61,0xAD,
0x39,0x0A,0x18,0x87,0x18,0xA8,0x10,0x87,0x18,0x87,0x18,0xA8,0x20,0xC8,0x18,0xA8,0x18,0x87,0x18,0x88,0x20,0xC9,0x20,0xE9,0x21,0x09,0x29,0x09,0x20,0xE8,0x10,0x66,
0x18,0xA7,0x18,0xA7,0x10,0x86,0x28,0xC9,0x30,0xEA,0x18,0xA8,0x18,0xC9,0x18,0x87,0x10,0x66,0x10,0x66,0x18,0x86,0x18,0x87,0x10,0x86,0x10,0x66,0x18,0xE8,0x18,0xE9,
0x21,0x0A,0x18,0xA7,0x18,0x87,0x18,0x87,0x18,0x87,0x10,0x86,0x10,0x65,0x18,0x86,0x18,0xC8,0x10,0x66,0x18,0xA8,0x18,0xA7,0x18,0x86,0x10,0x87,0x20,0xC8,0x18,0xA8,
0x18,0x67,0x10,0x67,0x59,0x2D,0x9A,0x12,0x38,0xCA,0x18,0x88,0x18,0xA7,0x18,0xA8,0x20,0xC8,0x18,0xC8,0x10,0x66,0x18,0x86,0x18,0xA7,0x20,0xE8,0x20,0xC8,0x20,0xC8,
0x18,0xA8,0x10,0x66,0x18,0x86,0x18,0xA7,0x20,0xC8,0x20,0xA8,0x18,0x87,0x18,0x47,0x18,0x87,0x18,0xA8,0x18,0xA8,0x18,0xA8,0x10,0x67,0x18,0x67,0x18,0x87,0x28,0xE9,
0x18,0x88,0x28,0x88,0x38,0xAA,0x40,0xCB,0x49,0x0C,0x59,0x4F,0x92,0xD8,0xEE,0x5E,0xFF,0xFF,0xD5,0x7D,0x59,0xCE,0x39,0xE7,0x39,0xE7,0x39,0xC7,0x39,0xE7,0x29,0x65,
0x00,0x00,0x00,0x00,0x00,0x00,0x00,0x00,0x00,0x00,0x00,0x00,0x00,0x00,0x00,0x00,0x00,0x00,0x00,0x00,0x00,0x00,0x00,0x00,0x00,0x00,0x00,0x00,0x00,0x00,0x00,0x00,
0x00,0x00,0x00,0x00,0x00,0x00,0x00,0x00,0x00,0x00,0x00,0x00,0x00,0x00,0x00,0x00,0x00,0x00,0x00,0x00,0x00,0x00,0x00,0x00,0x00,0x00,0x00,0x00,0x00,0x00,0x00,0x00,
0x39,0xE7,0x42,0x08,0x42,0x08,0x42,0x28,0x42,0x29,0x51,0xAE,0xD5,0x7C,0xFF,0xDF,0xEE,0x7F,0x92,0xD7,0x51,0x6F,0x28,0xEB,0x28,0xCA,0x28,0xE9,0x28,0xE9,0x18,0xA8,
0x10,0x67,0x39,0x6B,0x18,0xA7,0x18,0xA7,0x20,0xE8,0x18,0x87,0x10,0x87,0x18,0x87,0x10,0x87,0x10,0x67,0x18,0x87,0x20,0x88,0x72,0xD0,0x28,0xC5,0x10,0x22,0x08,0x22,
0x08,0x22,0x00,0x22,0x08,0x22,0x08,0x22,0x08,0x22,0x08,0x42,0x10,0x63,0x10,0x84,0x29,0x26,0xF7,0x9E,0xEF,0x5D,0x9C,0xD4,0x7B,0x90,0x6B,0x2F,0x6B,0x4F,0x9C,0x93,
0xF7,0x9E,0xFF,0xFF,0x94,0x73,0x29,0x27,0x31,0x88,0x62,0xED,0x73,0xB0,0x6B,0x6F,0xC6,0x18,0xFF,0xFF,0xC6,0x19,0x83,0xF1,0x84,0x32,0x6B,0x4F,0x31,0x88,0x29,0x47,
0xC6,0x39,0xFF,0xFF,0x73,0x90,0x29,0x68,0x31,0x89,0x29,0x48,0x39,0xCA,0x31,0xA9,0xB5,0xB7,0xFF,0xFF,0x9C,0xD4,0x41,0xEA,0x39,0xEA,0xBD,0xF8,0xFF,0xFF,0xD6,0xBB,
0x6B,0x4E,0x4A,0x6B,0x5A,0xCD,0xBD,0xF8,0xFF,0xFF,0xE7,0x3D,0x4A,0x4B,0x39,0xCA,0x6B,0x2F,0xFF,0xFF,0xEF,0x5D,0x5A,0x6C,0x52,0x2C,0x41,0xCA,0xB5,0x97,0xFF,0xFF,
0xFF,0xDF,0xF7,0x9E,0x52,0x8C,0x29,0x27,0x18,0x84,0x20,0xA4,0x30,0xC4,0x30,0xC4,0x30,0xA4,0x39,0x05,0xB4,0x2F,0xED,0x50,0xED,0x2F,0xED,0x2F,0xFD,0x91,0x82,0xAC,
0x28,0x87,0x28,0xA7,0x28,0xA7,0x28,0xC8,0x20,0xA7,0x28,0xE8,0x20,0xA7,0x28,0xC8,0x20,0x86,0x20,0x86,0x20,0x86,0x20,0xA7,0x20,0x86,0x28,0xA7,0x20,0x66,0x72,0x4B,
0xF5,0x71,0xEC,0xEF,0xF5,0x30,0xAB,0x4F,0x38,0x6C,0x48,0xEF,0xB4,0x39,0x71,0x55,0x93,0x16,0x92,0xB6,0x69,0x53,0xAC,0x98,0x62,0xF3,0x9D,0xFB,0xAE,0x7A,0xAE,0x38,
0xCE,0xFB,0xAD,0xD6,0xB7,0x1B,0x2C,0xD6,0x24,0xB7,0x75,0x19,0x31,0xF4,0x8C,0x39,0x51,0x93,0x7A,0x97,0x8A,0x16,0x91,0xD3,0xC3,0x75,0x90,0xAD,0xC3,0x54,0x69,0x0B,
0x48,0xC9,0x30,0x87,0x30,0x87,0x28,0x87,0x28,0xC8,0x31,0x08,0x28,0xC8,0x28,0x87,0x18,0x46,0x51,0x47,0xED,0x0F,0xEC,0xEE,0xFD,0x70,0xAB,0x8C,0x30,0xC8,0x52,0x0D,
0x28,0xE9,0x20,0x67,0x18,0x67,0x18,0x87,0x28,0xE9,0x31,0x09,0x28,0xE9,0x28,0xC8,0x18,0x67,0x18,0xA7,0x20,0xC8,0x20,0xA8,0x18,0x87,0x18,0x87,0x18,0x86,0x30,0xC8,
0x28,0xA7,0x18,0x87,0x20,0xC8,0x18,0x87,0x18,0xC8,0x29,0x2A,0x18,0xC8,0x10,0x67,0x18,0x87,0x18,0xC8,0x18,0xA8,0x18,0xA8,0x10,0x87,0x10,0x66,0x10,0x66,0x10,0x87,
0x10,0x67,0x18,0x87,0x10,0x86,0x30,0xC9,0x41,0x2B,0x18,0xA7,0x18,0xA7,0x18,0x87,0x10,0x66,0x10,0x66,0x10,0x86,0x10,0x66,0x10,0x66,0x10,0x66,0x21,0x2A,0x21,0x4A,
0x21,0x6B,0x10,0xA7,0x18,0x86,0x18,0x86,0x18,0x87,0x18,0x86,0x10,0x86,0x18,0x87,0x18,0x87,0x10,0x86,0x18,0xA7,0x18,0xA7,0x18,0xA7,0x20,0xE8,0x18,0xA8,0x20,0xA8,
0x18,0x67,0x20,0xC9,0x49,0x0B,0x91,0xD1,0x38,0xCA,0x18,0xA8,0x20,0xC8,0x18,0x87,0x10,0x66,0x10,0x66,0x18,0x66,0x10,0x66,0x10,0x66,0x10,0x66,0x18,0x87,0x18,0x87,
0x10,0x66,0x10,0x66,0x10,0x86,0x18,0x87,0x20,0xA8,0x18,0x87,0x10,0x87,0x18,0x87,0x18,0x87,0x10,0x67,0x10,0x66,0x18,0x87,0x18,0x67,0x18,0x67,0x18,0x87,0x18,0x87,
0x20,0xA8,0x20,0xA9,0x28,0xAA,0x28,0xCA,0x28,0xA9,0x49,0x2E,0x92,0xD7,0xEE,0x5E,0xFF,0xFF,0xD5,0x7D,0x59,0xCE,0x39,0xE7,0x39,0xE7,0x39,0xC7,0x39,0xE7,0x29,0x65,
0x00,0x00,0x00,0x00,0x00,0x00,0x00,0x00,0x00,0x00,0x00,0x00,0x00,0x00,0x00,0x00,0x00,0x00,0x00,0x00,0x00,0x00,0x00,0x00,0x00,0x00,0x00,0x00,0x00,0x00,0x00,0x00,
0x00,0x00,0x00,0x00,0x00,0x00,0x00,0x00,0x00,0x00,0x00,0x00,0x00,0x00,0x00,0x00,0x00,0x00,0x00,0x00,0x00,0x00,0x00,0x00,0x00,0x00,0x00,0x00,0x00,0x00,0x00,0x00,
0x39,0xE7,0x42,0x08,0x42,0x08,0x42,0x08,0x42,0x29,0x51,0xAE,0xD5,0x5C,0xFF,0xDF,0xEE,0x5F,0x92,0xD7,0x49,0x4E,0x20,0xAA,0x20,0xA9,0x28,0xEA,0x29,0x0A,0x18,0x87,
0x18,0x87,0x29,0x09,0x18,0x87,0x10,0x67,0x10,0x86,0x10,0x66,0x10,0x86,0x10,0x87,0x18,0x87,0x10,0x66,0x20,0xC8,0x28,0xC9,0x6A,0xAF,0x28,0xC5,0x10,0x42,0x08,0x22,
0x00,0x22,0x00,0x22,0x08,0x42,0x08,0x22,0x08,0x22,0x08,0x42,0x08,0x63,0x10,0x84,0x21,0x05,0xB5,0xB7,0xFF,0xFF,0xFF,0xFF,0xFF,0xFF,0xFF,0xFF,0xFF,0xFF,0xFF,0xFF,
0xFF,0xFF,0xB5,0x97,0x31,0x88,0x29,0x47,0x21,0x06,0xDE,0xFC,0xFF,0xFF,0xFF,0xFF,0xFF,0xFF,0xFF,0xFF,0xFF,0xFF,0xFF,0xFF,0xFF,0xFF,0xDE,0xFC,0x21,0x27,0x21,0x06,
0xCE,0x7A,0xFF,0xFF,0x73,0x6F,0x18,0xE6,0x29,0x27,0x29,0x27,0x29,0x68,0x21,0x06,0xBD,0xF8,0xFF,0xFF,0x9C,0xF4,0x31,0x68,0x39,0xC9,0x42,0x0A,0xCE,0x7A,0xFF,0xFF,
0xFF,0xFF,0xFF,0xFF,0xFF,0xFF,0xFF,0xFF,0xE7,0x1C,0x5A,0xED,0x31,0x89,0x31,0x68,0x5A,0xCD,0xFF,0xFF,0xFF,0xDF,0x4A,0x0A,0x39,0x89,0x39,0x89,0x52,0x4C,0xF7,0xBE,
0xFF,0xFF,0xFF,0xFF,0x52,0x8B,0x18,0xC6,0x10,0x84,0x20,0xA4,0x30,0xE4,0x30,0xC4,0x30,0xA4,0x39,0x05,0xA3,0xCF,0xDC,0x70,0xDC,0x6F,0xDC,0x8F,0xED,0x32,0x7A,0x4B,
0x28,0x67,0x28,0xA7,0x20,0x86,0x30,0xE8,0x28,0xC8,0x20,0x66,0x31,0x09,0x39,0x8C,0x18,0x66,0x20,0x86,0x20,0x86,0x28,0xC7,0x20,0x86,0x28,0xA7,0x20,0x46,0x6A,0x0B,
0xEC,0xF3,0xE4,0x91,0xEC,0xB2,0x9A,0xF0,0x30,0x8D,0x48,0xEF,0xAB,0xD8,0x69,0x14,0x92,0xF6,0x8A,0xB7,0x69,0x53,0xAC,0x98,0x52,0x72,0x7D,0x9A,0x5D,0x99,0x44,0x95,
0xAE,0xBB,0xA5,0xD7,0xAF,0x3C,0x34,0xD7,0x2C,0xB7,0x6C,0xF9,0x31,0xD4,0x83,0xF9,0x51,0x73,0x82,0xB7,0x8A,0x16,0x81,0x72,0xBB,0x55,0x90,0xAD,0xBB,0x34,0x69,0x0B,
0x48,0xA9,0x30,0x87,0x28,0x87,0x28,0x87,0x28,0xC8,0x31,0x29,0x20,0x87,0x20,0x87,0x18,0x46,0x51,0x27,0xE4,0xB1,0xE4,0x8F,0xF4,0xF1,0xAB,0x4E,0x20,0x47,0x18,0x47,
0x20,0x67,0x20,0xA8,0x20,0xA8,0x18,0x87,0x18,0x87,0x20,0xA7,0x20,0xA8,0x18,0x87,0x29,0x2A,0x18,0xC8,0x18,0xA8,0x18,0x88,0x18,0x67,0x18,0x87,0x18,0x87,0x18,0x66,
0x18,0x67,0x18,0x87,0x18,0x87,0x18,0x87,0x18,0x87,0x20,0xC9,0x18,0x87,0x10,0x67,0x18,0x67,0x18,0xC8,0x18,0xA8,0x18,0xA8,0x18,0x87,0x10,0x87,0x10,0x66,0x10,0x67,
0x10,0x87,0x18,0x87,0x18,0x87,0x10,0x87,0x10,0x87,0x18,0xA7,0x18,0xA8,0x18,0x87,0x10,0x66,0x10,0x66,0x18,0x87,0x18,0xA7,0x10,0x66,0x18,0x87,0x10,0x66,0x10,0x65,
0x10,0x65,0x20,0xE8,0x18,0xA7,0x10,0x66,0x10,0x86,0x18,0x86,0x10,0x86,0x18,0xA7,0x10,0x66,0x10,0x66,0x18,0xC8,0x18,0xA7,0x10,0x66,0x18,0x87,0x18,0x87,0x18,0x87,
0x18,0x88,0x29,0x0A,0x28,0x88,0x79,0x8E,0x38,0xA9,0x10,0x67,0x18,0x87,0x18,0x87,0x10,0x67,0x10,0x67,0x10,0x87,0x18,0x87,0x18,0xA7,0x18,0xA8,0x18,0xA7,0x18,0xA8,
0x29,0x2B,0x31,0x6C,0x20,0xE9,0x20,0xA8,0x28,0xE9,0x10,0x67,0x10,0x66,0x10,0x66,0x10,0x66,0x10,0x66,0x10,0x66,0x18,0x87,0x18,0x87,0x18,0x87,0x10,0x87,0x20,0xA8,
0x28,0xCA,0x28,0xA9,0x30,0xCA,0x28,0xAA,0x28,0xAA,0x49,0x4E,0x92,0xD7,0xE6,0x5E,0xFF,0xFF,0xD5,0x5D,0x59,0xCE,0x39,0xE7,0x39,0xE7,0x39,0xC7,0x39,0xE7,0x29,0x65,
0x00,0x00,0x00,0x00,0x00,0x00,0x00,0x00,0x00,0x00,0x00,0x00,0x00,0x00,0x00,0x00,0x00,0x00,0x00,0x00,0x00,0x00,0x00,0x00,0x00,0x00,0x00,0x00,0x00,0x00,0x00,0x00,
0x00,0x00,0x00,0x00,0x00,0x00,0x00,0x00,0x00,0x00,0x00,0x00,0x00,0x00,0x00,0x00,0x00,0x00,0x00,0x00,0x00,0x00,0x00,0x00,0x00,0x00,0x00,0x00,0x00,0x00,0x00,0x00,
0x39,0xC7,0x42,0x08,0x42,0x07,0x42,0x08,0x42,0x29,0x51,0xAE,0xD5,0x5C,0xFF,0xBF,0xEE,0x5F,0x92,0xD7,0x49,0x4E,0x20,0xA9,0x28,0xCA,0x20,0xA9,0x18,0x88,0x18,0x88,
0x18,0x87,0x18,0x87,0x18,0x87,0x18,0x87,0x18,0x87,0x18,0x87,0x10,0x86,0x18,0x87,0x10,0x87,0x18,0x87,0x20,0xA8,0x20,0xA8,0x62,0xAF,0x18,0x84,0x08,0x22,0x08,0x22,
0x08,0x22,0x00,0x22,0x08,0x22,0x00,0x22,0x08,0x22,0x08,0x42,0x10,0x63,0x10,0x84,0x18,0xA4,0x20,0xE5,0x52,0x6B,0x8C,0x52,0xBD,0xB7,0xCE,0x39,0xC5,0xF8,0x9C,0xD4,
0x62,0xED,0x29,0x06,0x29,0x26,0x29,0x26,0x20,0xE5,0x84,0x11,0xA4,0xF4,0x9C,0xF4,0xA5,0x15,0xAD,0x55,0xAD,0x56,0xA5,0x35,0xAD,0x55,0x84,0x32,0x21,0x06,0x18,0xC5,
0x84,0x11,0xB5,0x96,0x42,0x2A,0x10,0xA5,0x18,0xE6,0x18,0xE6,0x21,0x06,0x18,0xC5,0x73,0xAF,0xB5,0x96,0x63,0x0D,0x21,0x06,0x29,0x68,0x29,0x27,0x31,0x68,0x7B,0xD1,
0xBD,0xD8,0xD6,0x7A,0xC6,0x39,0x8C,0x73,0x39,0xE9,0x29,0x27,0x29,0x47,0x21,0x06,0x39,0xC9,0xB5,0x76,0xAD,0x56,0x31,0x47,0x21,0x07,0x29,0x47,0x29,0x07,0x7B,0xD0,
0xBD,0xD7,0xAD,0x56,0x39,0xC9,0x18,0xA5,0x10,0x63,0x20,0xA4,0x30,0xC4,0x28,0xA4,0x20,0x83,0x39,0x25,0x82,0xCE,0x59,0x2A,0x51,0x09,0x59,0x29,0xAA,0xCF,0x69,0x8B,
0x28,0x87,0x28,0xA7,0x20,0x87,0x31,0x49,0x28,0xE8,0x18,0x66,0x28,0xE9,0x28,0xE9,0x20,0x86,0x20,0x86,0x20,0x86,0x20,0x86,0x20,0x86,0x20,0x86,0x20,0x66,0x41,0x09,
0x79,0xCD,0x71,0xAD,0x79,0xCE,0x59,0x4D,0x38,0xAE,0x40,0xEF,0xA3,0xB8,0x61,0x13,0x8A,0xD6,0x8A,0xB6,0x61,0x73,0xAC,0x98,0x4A,0x31,0x6D,0x38,0x3D,0x38,0x23,0xD4,
0x86,0x3A,0x74,0xF5,0x96,0x9A,0x2C,0xF7,0x24,0x96,0x6C,0xF9,0x29,0xD4,0x83,0xF9,0x51,0x93,0x82,0xD7,0x92,0x36,0x81,0x52,0xBB,0x56,0x90,0xEE,0xC3,0x74,0x60,0xCA,
0x40,0x48,0x38,0x88,0x28,0x87,0x28,0xA8,0x20,0x87,0x20,0x87,0x20,0x87,0x20,0xA7,0x31,0x29,0x48,0xC8,0xB2,0x30,0xB2,0x10,0xBA,0x51,0x81,0xAD,0x20,0x67,0x39,0x2B,
0x30,0xE9,0x18,0x87,0x20,0xA8,0x20,0xC8,0x28,0xE9,0x28,0xC8,0x20,0x88,0x20,0x88,0x29,0x2B,0x21,0x0A,0x21,0x0A,0x18,0xA8,0x18,0x67,0x18,0x87,0x18,0x87,0x18,0x87,
0x18,0x87,0x18,0x88,0x20,0xC9,0x18,0xA8,0x18,0xA8,0x18,0xA8,0x18,0x87,0x10,0x66,0x10,0x87,0x10,0x87,0x18,0x88,0x39,0xCD,0x10,0x67,0x49,0xED,0x6A,0xD1,0x10,0x66,
0x10,0x67,0x18,0x87,0x18,0x87,0x18,0x87,0x18,0xA7,0x18,0xC8,0x18,0xA8,0x18,0xA7,0x10,0x86,0x10,0x66,0x18,0x87,0x18,0x87,0x10,0x86,0x18,0x87,0x18,0x86,0x10,0x86,
0x10,0x66,0x52,0x0D,0x20,0xC7,0x10,0x66,0x10,0x86,0x18,0x86,0x18,0x87,0x20,0xC8,0x20,0xE8,0x21,0x09,0x18,0xA8,0x18,0x88,0x10,0x66,0x10,0x66,0x18,0x87,0x18,0x87,
0x18,0x87,0x28,0xE9,0x28,0x68,0x79,0x8F,0x30,0xA8,0x10,0x67,0x18,0x87,0x18,0x87,0x10,0x67,0x18,0x87,0x10,0x67,0x18,0x87,0x18,0x87,0x18,0x87,0x18,0x87,0x10,0x87,
0x42,0x30,0x52,0xB2,0x20,0xCA,0x18,0x67,0x10,0x67,0x18,0x67,0x18,0x67,0x18,0x87,0x18,0x88,0x18,0x87,0x18,0x87,0x18,0x87,0x18,0x87,0x18,0xA8,0x18,0xA8,0x18,0xA8,
0x20,0x88,0x28,0xA9,0x28,0xAA,0x28,0xAA,0x28,0xAA,0x49,0x4E,0x92,0xD7,0xE6,0x5E,0xFF,0xFF,0xD5,0x5C,0x59,0xCE,0x39,0xE7,0x39,0xE7,0x39,0xC7,0x39,0xE7,0x29,0x65,
0x00,0x00,0x00,0x00,0x00,0x00,0x00,0x00,0x00,0x00,0x00,0x00,0x00,0x00,0x00,0x00,0x00,0x00,0x00,0x00,0x00,0x00,0x00,0x00,0x00,0x00,0x00,0x00,0x00,0x00,0x00,0x00,
0x00,0x00,0x00,0x00,0x00,0x00,0x00,0x00,0x00,0x00,0x00,0x00,0x00,0x00,0x00,0x00,0x00,0x00,0x00,0x00,0x00,0x00,0x00,0x00,0x00,0x00,0x00,0x00,0x00,0x00,0x00,0x00,
0x39,0xC7,0x42,0x08,0x42,0x07,0x42,0x08,0x42,0x08,0x51,0xAE,0xD5,0x5C,0xFF,0xBF,0xEE,0x5F,0x92,0xD8,0x49,0x4E,0x28,0xCA,0x28,0xCA,0x31,0x0B,0x28,0xEA,0x18,0x88,
0x18,0x87,0x18,0x87,0x18,0x87,0x18,0x87,0x18,0x87,0x18,0x87,0x10,0x66,0x29,0x29,0x18,0xA7,0x10,0x67,0x28,0xE9,0x18,0x87,0x5A,0x8E,0x10,0x84,0x00,0x22,0x08,0x22,
0x08,0x22,0x08,0x22,0x00,0x22,0x08,0x22,0x08,0x22,0x08,0x42,0x08,0x42,0x10,0x63,0x10,0x84,0x20,0xC5,0x18,0xA5,0x20,0xA5,0x28,0xE6,0x29,0x06,0x28,0xE5,0x20,0xC5,
0x20,0xC5,0x29,0x06,0x20,0xE5,0x20,0xC5,0x18,0xC5,0x10,0x84,0x10,0xA4,0x18,0xC4,0x20,0xE5,0x21,0x06,0x20,0xE6,0x20,0xE6,0x18,0xE6,0x18,0xC5,0x20,0xE6,0x18,0xE5,
0x08,0x64,0x08,0x43,0x10,0xA5,0x10,0xC5,0x10,0xA5,0x10,0xA5,0x10,0xA5,0x18,0xC5,0x10,0x84,0x10,0x64,0x18,0xA4,0x20,0xE5,0x18,0xC5,0x21,0x06,0x21,0x06,0x18,0xC6,
0x21,0x06,0x29,0x47,0x21,0x27,0x18,0xE6,0x21,0x06,0x20,0xE6,0x18,0xA5,0x18,0xC5,0x18,0xA4,0x10,0x63,0x20,0xA5,0x10,0x84,0x10,0xA5,0x18,0xA5,0x20,0xE6,0x18,0xC6,
0x18,0xC5,0x18,0xA5,0x18,0xC5,0x10,0xA4,0x10,0x63,0x18,0x83,0x18,0x83,0x10,0x63,0x08,0x22,0x20,0xC4,0x6A,0x4D,0x30,0xA8,0x18,0x46,0x28,0x66,0xAA,0xD0,0x69,0xAB,
0x28,0x87,0x28,0xC8,0x20,0x87,0x20,0x87,0x20,0x86,0x20,0x87,0x18,0x86,0x18,0x66,0x20,0x86,0x20,0x86,0x20,0x86,0x20,0x87,0x20,0x87,0x20,0x86,0x20,0x86,0x20,0x86,
0x20,0x67,0x20,0x87,0x28,0x89,0x28,0xAB,0x38,0xCE,0x40,0xEF,0xA3,0xB8,0x61,0x13,0x8A,0xB5,0x8A,0x96,0x61,0x73,0xAC,0x78,0x4A,0x11,0x6D,0x38,0x45,0x58,0x23,0xF4,
0x8E,0x7A,0x7D,0x15,0x86,0x5A,0x2C,0xD7,0x2C,0x56,0x6C,0xF9,0x31,0xD4,0x83,0xF9,0x59,0xB4,0x8A,0xF8,0x92,0x16,0x89,0x52,0xBB,0x35,0x80,0x8D,0xBB,0x13,0x71,0x0B,
0x50,0x8A,0x38,0x89,0x39,0x0A,0x31,0x0A,0x20,0x87,0x20,0x87,0x20,0x87,0x20,0x87,0x20,0xA7,0x48,0xC9,0xB2,0x12,0xB1,0xF1,0xBA,0x12,0x81,0x8E,0x20,0x67,0x39,0x6B,
0x31,0x2A,0x18,0x67,0x20,0xA8,0x31,0x2A,0x28,0xE9,0x29,0x0A,0x20,0xA8,0x20,0x87,0x18,0x87,0x18,0xA8,0x20,0xC9,0x20,0xE9,0x20,0xA8,0x18,0xA8,0x18,0x88,0x18,0x87,
0x18,0x87,0x18,0xA8,0x20,0xE9,0x18,0xA8,0x18,0x88,0x18,0xC8,0x18,0xA8,0x10,0x66,0x18,0x87,0x20,0xA8,0x18,0xA8,0x18,0xA8,0x18,0x87,0x20,0xA8,0x29,0x0A,0x20,0xC8,
0x18,0x87,0x18,0x87,0x18,0x87,0x18,0x87,0x18,0x87,0x18,0x87,0x10,0x87,0x18,0x87,0x18,0x87,0x10,0x87,0x10,0x87,0x18,0x87,0x10,0x86,0x18,0x87,0x18,0x87,0x10,0x86,
0x10,0x86,0x10,0x65,0x10,0x66,0x10,0x86,0x10,0x86,0x10,0x87,0x18,0x87,0x18,0xA7,0x18,0x88,0x18,0x87,0x18,0xA8,0x18,0xC8,0x10,0x86,0x10,0x86,0x10,0x86,0x18,0x87,
0x10,0x67,0x18,0x87,0x20,0x88,0x59,0x4D,0x28,0xA8,0x10,0x67,0x18,0x67,0x18,0x66,0x18,0x87,0x10,0x67,0x10,0x67,0x18,0x87,0x18,0x87,0x18,0x87,0x18,0x87,0x18,0x87,
0x29,0x4C,0x31,0xAE,0x18,0xA9,0x10,0x67,0x18,0x87,0x18,0x87,0x18,0x88,0x18,0xA9,0x18,0xA9,0x18,0xA8,0x18,0xA8,0x18,0xA8,0x10,0x67,0x18,0xA9,0x20,0xCA,0x18,0xA8,
0x18,0x88,0x18,0x88,0x28,0xAA,0x30,0xEB,0x28,0xCB,0x49,0x4E,0x92,0xD7,0xE6,0x5E,0xFF,0xFF,0xD5,0x5D,0x59,0xCE,0x39,0xE7,0x39,0xE7,0x39,0xC7,0x39,0xE7,0x29,0x65,
0x00,0x00,0x00,0x00,0x00,0x00,0x00,0x00,0x00,0x00,0x00,0x00,0x00,0x00,0x00,0x00,0x00,0x00,0x00,0x00,0x00,0x00,0x00,0x00,0x00,0x00,0x00,0x00,0x00,0x00,0x00,0x00,
0x00,0x00,0x00,0x00,0x00,0x00,0x00,0x00,0x00,0x00,0x00,0x00,0x00,0x00,0x00,0x00,0x00,0x00,0x00,0x00,0x00,0x00,0x00,0x00,0x00,0x00,0x00,0x00,0x00,0x00,0x00,0x00,
0x39,0xC7,0x42,0x08,0x39,0xE7,0x42,0x08,0x42,0x08,0x51,0x8E,0xD5,0x3C,0xFF,0xBF,0xEE,0x5F,0x92,0xB8,0x49,0x2E,0x31,0x0B,0x28,0xEA,0x28,0xCA,0x28,0xEA,0x20,0xA8,
0x20,0xE9,0x20,0xC9,0x18,0xA8,0x18,0x87,0x10,0x87,0x10,0x87,0x10,0x66,0x18,0xA7,0x18,0xA7,0x10,0x86,0x29,0x29,0x20,0xC8,0x5A,0x8E,0x10,0x84,0x00,0x01,0x00,0x22,
0x00,0x22,0x08,0x22,0x00,0x22,0x00,0x22,0x08,0x22,0x08,0x42,0x08,0x42,0x08,0x42,0x10,0x63,0x18,0x83,0x20,0xA4,0x28,0xC5,0x31,0x06,0x28,0xE5,0x28,0xE5,0x28,0xE6,
0x28,0xC5,0x28,0xE5,0x18,0xA4,0x18,0x84,0x18,0x84,0x18,0xA4,0x18,0xC5,0x20,0xE5,0x21,0x06,0x21,0x06,0x21,0x06,0x21,0x06,0x21,0x06,0x18,0xE6,0x10,0xA5,0x10,0xA5,
0x10,0xC5,0x10,0xC5,0x10,0xC5,0x10,0xA5,0x10,0xA5,0x10,0x85,0x08,0x84,0x10,0x84,0x18,0xC5,0x18,0xC5,0x10,0x84,0x10,0x84,0x10,0x84,0x10,0x84,0x18,0xA5,0x18,0xE6,
0x21,0x06,0x21,0x06,0x21,0x06,0x20,0xE6,0x18,0xA5,0x10,0x84,0x10,0x63,0x10,0x63,0x10,0x83,0x10,0x84,0x20,0xC5,0x08,0x43,0x08,0x63,0x10,0x64,0x10,0x84,0x18,0xC5,
0x18,0xC5,0x18,0xA5,0x10,0x84,0x10,0x63,0x10,0x63,0x08,0x43,0x08,0x43,0x10,0x63,0x00,0x22,0x20,0xC5,0x62,0x6D,0x28,0xA7,0x18,0x86,0x28,0x86,0x59,0x6A,0x40,0xE8,
0x28,0xC9,0x28,0xE9,0x20,0x87,0x20,0x87,0x20,0x87,0x18,0x86,0x18,0x86,0x20,0xA7,0x18,0x86,0x20,0x87,0x28,0xE9,0x28,0xE9,0x20,0xA7,0x20,0x87,0x20,0x87,0x20,0x87,
0x28,0xA8,0x20,0xC8,0x20,0xA9,0x28,0xCB,0x38,0xEF,0x40,0xF0,0xA3,0xD9,0x59,0x13,0x8A,0xD5,0x82,0x96,0x61,0x53,0xA4,0x38,0x4A,0x11,0x6D,0x38,0x45,0x58,0x23,0xF4,
0x8E,0x5A,0x7C,0xF5,0x86,0x59,0x2C,0xB7,0x2C,0x56,0x64,0xD9,0x31,0xD4,0x7B,0xD9,0x51,0x73,0x82,0xB7,0x89,0xF5,0x81,0x52,0xBB,0x15,0x78,0x4C,0xBB,0x13,0x79,0x2D,
0x50,0xAA,0x38,0x89,0x30,0xCA,0x28,0xC9,0x18,0x67,0x20,0x86,0x20,0x87,0x20,0x87,0x18,0x46,0x48,0xCA,0xB2,0x31,0xB1,0xF0,0xBA,0x31,0x81,0xAD,0x20,0x87,0x18,0x87,
0x18,0x87,0x20,0xA8,0x20,0xC9,0x20,0xA8,0x18,0x67,0x28,0xE9,0x20,0xE8,0x18,0x67,0x28,0xE9,0x20,0xC9,0x20,0xC9,0x18,0xA8,0x20,0xE9,0x29,0x2B,0x18,0x88,0x20,0xC8,
0x18,0xA8,0x18,0x88,0x18,0xA8,0x18,0xA8,0x18,0xA8,0x18,0x87,0x18,0x87,0x10,0x67,0x20,0xA8,0x20,0xA8,0x18,0xA7,0x10,0x66,0x18,0x87,0x20,0xE9,0x18,0x87,0x18,0x87,
0x18,0x87,0x18,0x87,0x18,0x87,0x18,0x87,0x18,0x87,0x18,0xA7,0x18,0xA7,0x10,0x66,0x18,0x87,0x18,0x87,0x10,0x87,0x18,0x87,0x10,0x87,0x18,0x87,0x10,0x87,0x10,0x86,
0x18,0xA6,0x18,0xA7,0x10,0x86,0x10,0x86,0x10,0x86,0x10,0x87,0x18,0x86,0x18,0xA7,0x20,0xE9,0x29,0x2A,0x18,0x88,0x20,0xE9,0x10,0x67,0x10,0x67,0x10,0x66,0x10,0x87,
0x10,0x66,0x18,0xA8,0x29,0x0A,0x20,0xA9,0x20,0xA8,0x18,0x88,0x18,0xA8,0x18,0xA8,0x18,0x87,0x18,0x87,0x18,0xA8,0x18,0xA8,0x18,0x87,0x18,0x87,0x18,0xA8,0x18,0xA8,
0x29,0x0B,0x29,0x2B,0x20,0xC9,0x18,0x87,0x10,0x67,0x18,0x67,0x18,0x88,0x18,0xA9,0x18,0xA9,0x18,0xA9,0x18,0xA9,0x18,0x88,0x10,0x87,0x18,0xA9,0x20,0xCA,0x18,0xA8,
0x18,0x88,0x18,0x89,0x28,0xA9,0x30,0xEB,0x30,0xEB,0x49,0x4E,0x8A,0xD7,0xE6,0x5E,0xFF,0xFF,0xD5,0x5C,0x59,0xCE,0x39,0xE7,0x39,0xE7,0x39,0xC7,0x39,0xE7,0x29,0x65,
0x00,0x00,0x00,0x00,0x00,0x00,0x00,0x00,0x00,0x00,0x00,0x00,0x00,0x00,0x00,0x00,0x00,0x00,0x00,0x00,0x00,0x00,0x00,0x00,0x00,0x00,0x00,0x00,0x00,0x00,0x00,0x00,
0x00,0x00,0x00,0x00,0x00,0x00,0x00,0x00,0x00,0x00,0x00,0x00,0x00,0x00,0x00,0x00,0x00,0x00,0x00,0x00,0x00,0x00,0x00,0x00,0x00,0x00,0x00,0x00,0x00,0x00,0x00,0x00,
0x39,0xC7,0x42,0x08,0x39,0xE7,0x42,0x08,0x42,0x08,0x51,0x8E,0xD5,0x3C,0xFF,0xBF,0xEE,0x5F,0x92,0xB7,0x49,0x2E,0x28,0xCA,0x28,0xEA,0x20,0xCA,0x20,0xA9,0x18,0x88,
0x31,0x2A,0x28,0xE9,0x20,0xA8,0x18,0xA8,0x18,0x87,0x10,0x87,0x10,0x66,0x10,0x66,0x10,0x86,0x10,0x86,0x10,0x87,0x10,0x87,0x5A,0x8E,0x10,0x84,0x00,0x22,0x08,0x22,
0x08,0x22,0x08,0x22,0x00,0x22,0x00,0x22,0x08,0x22,0x08,0x42,0x08,0x42,0x08,0x22,0x10,0x42,0x18,0x43,0x20,0x63,0x20,0x83,0x28,0x84,0x30,0x84,0x30,0x84,0x28,0x84,
0x28,0x84,0x20,0x63,0x20,0x63,0x18,0x63,0x18,0x63,0x10,0x63,0x10,0x83,0x10,0x84,0x10,0xA4,0x18,0xA4,0x18,0xA4,0x10,0xA5,0x10,0xA5,0x10,0xA5,0x10,0xA5,0x10,0xA6,
0x08,0xA6,0x08,0xC6,0x08,0xC7,0x10,0xC7,0x10,0xC7,0x10,0xE6,0x10,0xA6,0x08,0xA5,0x10,0x85,0x08,0x84,0x08,0x64,0x08,0x63,0x10,0x63,0x08,0x63,0x10,0x63,0x10,0x84,
0x10,0x84,0x10,0x84,0x10,0x84,0x10,0x64,0x10,0x63,0x08,0x63,0x08,0x43,0x08,0x43,0x08,0x63,0x10,0x43,0x10,0x63,0x08,0x42,0x08,0x42,0x08,0x63,0x10,0x64,0x10,0x63,
0x10,0x83,0x08,0x63,0x08,0x63,0x08,0x43,0x08,0x42,0x08,0x42,0x08,0x42,0x08,0x43,0x00,0x22,0x20,0xC5,0x5A,0x6D,0x10,0x25,0x18,0x86,0x18,0x66,0x18,0x45,0x18,0x66,
0x28,0xE9,0x20,0xA8,0x20,0x87,0x20,0x87,0x20,0x87,0x18,0x87,0x20,0xC8,0x31,0x4A,0x18,0x87,0x18,0xA7,0x29,0x2A,0x29,0x0A,0x18,0x67,0x18,0x67,0x20,0x87,0x20,0x87,
0x28,0xE9,0x20,0xC9,0x20,0xA9,0x31,0x2C,0x41,0x2F,0x40,0xF0,0xA4,0x19,0x59,0x34,0x8A,0xD5,0x82,0x96,0x61,0x73,0x9C,0x18,0x41,0xF1,0x6D,0x38,0x45,0x58,0x1C,0x14,
0x86,0x9B,0x64,0xF5,0x6E,0x39,0x24,0xB7,0x2C,0x36,0x6C,0xF9,0x31,0xF5,0x83,0xF9,0x51,0x93,0x82,0xB7,0x8A,0x15,0x81,0x52,0xBA,0xF5,0x80,0x6C,0xBB,0x54,0x79,0x2D,
0x50,0xAA,0x38,0x89,0x28,0xA9,0x28,0xEA,0x29,0x09,0x18,0x86,0x20,0x87,0x20,0x87,0x18,0x47,0x59,0x69,0xE4,0xB2,0xDC,0x70,0xEC,0xD2,0x9B,0x0E,0x30,0xE9,0x28,0xE9,
0x18,0x67,0x20,0xA8,0x28,0xE9,0x20,0xE9,0x18,0x88,0x18,0xA7,0x18,0x66,0x18,0x66,0x21,0x09,0x29,0x2B,0x20,0xC9,0x10,0x67,0x29,0x2B,0x31,0x6C,0x18,0x67,0x20,0xC9,
0x18,0xA8,0x18,0xA8,0x31,0x8C,0x21,0x0A,0x21,0x2A,0x20,0xE9,0x10,0x87,0x10,0x87,0x10,0x87,0x18,0x87,0x10,0x66,0x20,0xC8,0x18,0xA8,0x18,0xA8,0x18,0xA7,0x10,0x66,
0x20,0xC9,0x18,0xC8,0x28,0xE9,0x18,0xA7,0x10,0x87,0x10,0x87,0x18,0xA7,0x20,0xC8,0x18,0x87,0x10,0x87,0x18,0x87,0x18,0x87,0x18,0x87,0x18,0x87,0x10,0x87,0x10,0x86,
0x10,0x86,0x10,0x86,0x10,0x86,0x10,0x86,0x18,0xA7,0x10,0x86,0x18,0x87,0x18,0xA7,0x10,0xA7,0x10,0xA7,0x18,0xA8,0x20,0xC8,0x10,0x67,0x10,0x86,0x10,0x67,0x10,0x66,
0x18,0x87,0x18,0xA8,0x18,0x87,0x18,0x87,0x18,0x87,0x18,0x87,0x18,0xA8,0x18,0xA8,0x18,0xA8,0x18,0x87,0x18,0xA8,0x18,0xA8,0x18,0x87,0x10,0x66,0x10,0x67,0x10,0x67,
0x10,0x67,0x10,0x67,0x10,0x67,0x18,0x87,0x20,0xC9,0x18,0xA8,0x18,0x88,0x18,0xA8,0x18,0xA8,0x18,0xA8,0x20,0xC9,0x31,0x4B,0x10,0x67,0x18,0xC9,0x20,0xC9,0x20,0xC9,
0x20,0xC9,0x20,0xA9,0x20,0xA9,0x28,0xAA,0x28,0xAA,0x49,0x4E,0x8A,0xB7,0xE6,0x5E,0xFF,0xFF,0xD5,0x5C,0x59,0xCE,0x39,0xE7,0x39,0xE7,0x39,0xC7,0x39,0xE7,0x29,0x65,
0x00,0x00,0x00,0x00,0x00,0x00,0x00,0x00,0x00,0x00,0x00,0x00,0x00,0x00,0x00,0x00,0x00,0x00,0x00,0x00,0x00,0x00,0x00,0x00,0x00,0x00,0x00,0x00,0x00,0x00,0x00,0x00,
0x00,0x00,0x00,0x00,0x00,0x00,0x00,0x00,0x00,0x00,0x00,0x00,0x00,0x00,0x00,0x00,0x00,0x00,0x00,0x00,0x00,0x00,0x00,0x00,0x00,0x00,0x00,0x00,0x00,0x00,0x00,0x00,
0x39,0xC7,0x3A,0x08,0x39,0xE7,0x42,0x08,0x42,0x08,0x51,0x8E,0xD5,0x5C,0xFF,0xBF,0xEE,0x3E,0x92,0xB7,0x49,0x2E,0x28,0xCA,0x28,0xCA,0x28,0xCA,0x31,0x0B,0x18,0xA9,
0x20,0xC9,0x20,0xE9,0x20,0xC9,0x18,0xA8,0x18,0x87,0x10,0x66,0x20,0xC8,0x18,0xC8,0x18,0xA8,0x18,0x87,0x10,0x87,0x18,0x87,0x5A,0x6E,0x10,0x84,0x00,0x21,0x08,0x22,
0x08,0x22,0x00,0x22,0x00,0x22,0x00,0x22,0x08,0x22,0x08,0x22,0x08,0x42,0x10,0x42,0x10,0x22,0x20,0x42,0x28,0x63,0x30,0x63,0x38,0x84,0x38,0x84,0x38,0x84,0x38,0x64,
0x38,0x64,0x30,0x63,0x30,0x63,0x28,0x63,0x20,0x63,0x18,0x63,0x10,0x63,0x10,0x63,0x10,0x84,0x10,0x64,0x10,0x64,0x10,0x84,0x08,0x85,0x10,0xA6,0x10,0xE7,0x11,0x08,
0x11,0x09,0x09,0x09,0x09,0x2A,0x11,0x2A,0x11,0x0A,0x11,0x29,0x11,0x09,0x10,0xE8,0x08,0xC6,0x08,0xA5,0x08,0x84,0x08,0x64,0x10,0x84,0x10,0x64,0x08,0x43,0x08,0x43,
0x08,0x43,0x08,0x43,0x08,0x43,0x08,0x43,0x08,0x42,0x08,0x42,0x08,0x42,0x08,0x42,0x08,0x42,0x08,0x63,0x10,0x83,0x08,0x42,0x08,0x42,0x08,0x42,0x08,0x63,0x08,0x43,
0x08,0x43,0x08,0x42,0x08,0x42,0x08,0x43,0x08,0x42,0x08,0x42,0x08,0x42,0x08,0x42,0x00,0x22,0x20,0xC5,0x5A,0x6D,0x10,0x46,0x18,0x66,0x18,0x86,0x18,0x86,0x20,0x87,
0x20,0xA8,0x20,0xA8,0x18,0x87,0x18,0x87,0x18,0x87,0x18,0x87,0x18,0xA7,0x18,0xA7,0x18,0x86,0x18,0x87,0x18,0x87,0x20,0xA8,0x20,0xA8,0x30,0xE9,0x18,0x87,0x20,0x88,
0x20,0xA9,0x18,0x88,0x20,0xCA,0x39,0x4E,0x30,0xCF,0x41,0x10,0xA4,0x19,0x59,0x54,0x8A,0xF5,0x82,0xB6,0x59,0x72,0x9C,0x38,0x42,0x32,0x6D,0x59,0x45,0x38,0x24,0x35,
0x66,0x5A,0x1B,0xD2,0x45,0xB8,0x24,0xB7,0x2C,0x36,0x6C,0xF9,0x32,0x15,0x84,0x1A,0x51,0x93,0x82,0x97,0x89,0xF5,0x81,0x72,0xBA,0xF5,0x80,0x8D,0xC3,0x95,0x79,0x2C,
0x48,0x69,0x30,0x89,0x31,0x0B,0x29,0x2B,0x29,0x2A,0x18,0x66,0x20,0x87,0x20,0x87,0x18,0x47,0x59,0xAA,0xF5,0xB3,0xED,0x51,0xF5,0x71,0x9B,0x4D,0x20,0xA8,0x31,0x4B,
0x28,0xE9,0x28,0xE9,0x20,0xC9,0x20,0xC8,0x18,0x88,0x18,0xA8,0x21,0x09,0x18,0xA7,0x18,0x87,0x18,0xA8,0x20,0xA8,0x18,0x67,0x39,0xAD,0x4A,0x4E,0x10,0x87,0x20,0xE9,
0x20,0xE9,0x18,0xA8,0x20,0xE9,0x18,0xA8,0x31,0x8C,0x21,0x0A,0x10,0x87,0x10,0x87,0x10,0x87,0x18,0xA7,0x10,0x66,0x31,0x4B,0x20,0xC8,0x10,0x87,0x18,0x87,0x10,0x86,
0x18,0xA7,0x18,0xA8,0x18,0xA8,0x18,0x87,0x10,0x87,0x10,0x86,0x10,0x66,0x31,0x4A,0x18,0xA8,0x10,0x87,0x18,0x87,0x18,0xA8,0x10,0x67,0x18,0xA7,0x18,0x87,0x10,0x86,
0x10,0x86,0x10,0x86,0x18,0x87,0x18,0x87,0x18,0xA7,0x10,0x86,0x28,0xE9,0x31,0x2A,0x10,0x86,0x10,0x86,0x18,0xA7,0x18,0xA8,0x10,0x66,0x10,0x66,0x10,0x86,0x10,0x66,
0x10,0x66,0x10,0x66,0x10,0x66,0x10,0x66,0x10,0x67,0x10,0x87,0x10,0x67,0x10,0x67,0x10,0x67,0x18,0x87,0x18,0x87,0x18,0xA8,0x10,0x87,0x10,0x66,0x10,0x66,0x10,0x66,
0x10,0x66,0x10,0x66,0x10,0x66,0x18,0xA8,0x29,0x2A,0x18,0x87,0x10,0x66,0x18,0x87,0x18,0x87,0x10,0x87,0x10,0x87,0x20,0xA8,0x18,0x67,0x20,0xA9,0x29,0x0A,0x20,0xEA,
0x29,0x0A,0x20,0xC9,0x28,0xCA,0x30,0xCB,0x28,0xCB,0x41,0x2E,0x8A,0xB7,0xE6,0x5E,0xFF,0xFF,0xD5,0x5D,0x59,0xCE,0x39,0xE7,0x39,0xE7,0x39,0xC7,0x39,0xE7,0x29,0x65,
0x00,0x00,0x00,0x00,0x00,0x00,0x00,0x00,0x00,0x00,0x00,0x00,0x00,0x00,0x00,0x00,0x00,0x00,0x00,0x00,0x00,0x00,0x00,0x00,0x00,0x00,0x00,0x00,0x00,0x00,0x00,0x00,
0x00,0x00,0x00,0x00,0x00,0x00,0x00,0x00,0x00,0x00,0x00,0x00,0x00,0x00,0x00,0x00,0x00,0x00,0x00,0x00,0x00,0x00,0x00,0x00,0x00,0x00,0x00,0x00,0x00,0x00,0x00,0x00,
0x39,0xC7,0x42,0x07,0x39,0xE7,0x42,0x08,0x42,0x08,0x51,0x8E,0xD5,0x5C,0xFF,0xBF,0xEE,0x3E,0x92,0xB7,0x49,0x2E,0x28,0xCA,0x28,0xCA,0x20,0xA9,0x20,0xCA,0x18,0xA9,
0x20,0xC9,0x29,0x2B,0x20,0xEA,0x18,0x87,0x18,0x87,0x10,0x66,0x29,0x09,0x20,0xC8,0x18,0xA8,0x18,0xA8,0x10,0x87,0x18,0x87,0x5A,0x8E,0x10,0x83,0x00,0x22,0x08,0x22,
0x08,0x22,0x00,0x22,0x00,0x22,0x00,0x22,0x08,0x22,0x08,0x22,0x10,0x22,0x18,0x22,0x20,0x22,0x30,0x42,0x38,0x63,0x48,0xA4,0x50,0x84,0x50,0x84,0x58,0x63,0x50,0x63,
0x50,0x43,0x48,0x43,0x48,0x63,0x40,0x84,0x30,0x63,0x28,0x63,0x18,0x63,0x10,0x63,0x10,0x63,0x10,0x63,0x08,0x64,0x08,0x85,0x08,0xA6,0x10,0xE8,0x19,0x4A,0x11,0x6C,
0x11,0x6C,0x11,0x6D,0x11,0xCF,0x11,0xEF,0x11,0xCF,0x11,0x8E,0x11,0x4C,0x09,0x2A,0x11,0x29,0x10,0xE8,0x08,0xA6,0x08,0x85,0x10,0x84,0x08,0x64,0x08,0x63,0x08,0x43,
0x08,0x22,0x08,0x43,0x08,0x42,0x08,0x63,0x08,0x42,0x08,0x22,0x08,0x42,0x08,0x42,0x08,0x42,0x08,0x42,0x08,0x42,0x08,0x42,0x08,0x42,0x08,0x42,0x08,0x42,0x08,0x42,
0x08,0x43,0x10,0x83,0x08,0x42,0x08,0x43,0x08,0x42,0x08,0x42,0x08,0x42,0x08,0x42,0x00,0x22,0x18,0xC5,0x5A,0x4D,0x10,0x46,0x18,0x86,0x18,0x66,0x18,0x66,0x18,0x87,
0x20,0xA8,0x18,0x87,0x20,0xC9,0x28,0xE9,0x18,0x87,0x18,0x88,0x18,0x87,0x18,0x87,0x18,0x87,0x18,0xA7,0x29,0x09,0x39,0x2A,0x20,0xA8,0x29,0x09,0x18,0x88,0x20,0x88,
0x20,0xC9,0x18,0x89,0x20,0xEB,0x31,0x2E,0x28,0xEF,0x31,0x0F,0x9C,0x18,0x59,0x73,0x82,0xD5,0x82,0x96,0x61,0x93,0x9B,0xF8,0x3A,0x11,0x65,0x59,0x34,0xF7,0x24,0x35,
0x5E,0x5A,0x13,0xD3,0x45,0xD9,0x24,0xB7,0x2C,0x57,0x6C,0xF9,0x32,0x15,0x84,0x1A,0x51,0x93,0x7A,0x97,0x8A,0x15,0x89,0x92,0xC3,0x56,0x88,0x8D,0xC3,0xD5,0x79,0x2D,
0x50,0xCB,0x30,0x88,0x28,0xA8,0x20,0xA8,0x20,0x87,0x20,0x87,0x20,0x67,0x20,0x87,0x20,0x67,0x38,0xE8,0x59,0xA9,0x82,0x8A,0xFD,0x51,0x9B,0x2C,0x10,0x26,0x20,0xC9,
0x20,0xA8,0x20,0xC9,0x20,0xC9,0x18,0x87,0x18,0x87,0x18,0x87,0x20,0xE9,0x18,0xA7,0x18,0x87,0x18,0x87,0x18,0x88,0x18,0x88,0x29,0x0A,0x31,0xAB,0x10,0x87,0x29,0x2A,
0x31,0x4B,0x18,0xA8,0x18,0x88,0x18,0x87,0x18,0xA8,0x18,0xA8,0x18,0x87,0x10,0x87,0x10,0x87,0x10,0x87,0x10,0x87,0x10,0x67,0x18,0x87,0x18,0x87,0x10,0x87,0x10,0x86,
0x18,0x87,0x18,0x88,0x18,0xA8,0x29,0x09,0x18,0x87,0x18,0x87,0x10,0x87,0x10,0x66,0x10,0x87,0x18,0xA7,0x10,0x87,0x29,0x6B,0x18,0xA8,0x10,0x87,0x21,0x09,0x18,0xA7,
0x18,0x86,0x18,0x86,0x18,0x87,0x10,0x86,0x18,0x87,0x10,0x87,0x20,0xC9,0x20,0xE9,0x18,0xC8,0x18,0xA7,0x18,0xA7,0x18,0x67,0x10,0x66,0x10,0x86,0x10,0x86,0x10,0x66,
0x18,0x87,0x18,0xC8,0x18,0xA7,0x10,0x66,0x18,0x87,0x18,0xA8,0x18,0xA8,0x18,0x87,0x18,0x87,0x18,0xA7,0x18,0xA8,0x18,0x88,0x10,0x87,0x10,0x87,0x18,0x87,0x18,0x87,
0x18,0x87,0x10,0x67,0x10,0x86,0x10,0x66,0x10,0x66,0x10,0x66,0x29,0x09,0x20,0xC9,0x18,0xC8,0x18,0x87,0x18,0xA7,0x18,0x88,0x18,0x87,0x18,0xA8,0x18,0xA8,0x18,0xA8,
0x18,0xA8,0x18,0x88,0x30,0xEA,0x30,0xCB,0x28,0xCA,0x41,0x2E,0x8A,0xB7,0xE6,0x5E,0xFF,0xFF,0xD5,0x5D,0x59,0xCE,0x39,0xE7,0x39,0xE7,0x39,0xC7,0x39,0xE7,0x29,0x65,
0x00,0x00,0x00,0x00,0x00,0x00,0x00,0x00,0x00,0x00,0x00,0x00,0x00,0x00,0x00,0x00,0x00,0x00,0x00,0x00,0x00,0x00,0x00,0x00,0x00,0x00,0x00,0x00,0x00,0x00,0x00,0x00,
0x00,0x00,0x00,0x00,0x00,0x00,0x00,0x00,0x00,0x00,0x00,0x00,0x00,0x00,0x00,0x00,0x00,0x00,0x00,0x00,0x00,0x00,0x00,0x00,0x00,0x00,0x00,0x00,0x00,0x00,0x00,0x00,
0x39,0xC7,0x39,0xE7,0x39,0xE7,0x42,0x08,0x42,0x08,0x51,0x8E,0xD5,0x3C,0xFF,0xBF,0xE6,0x3E,0x92,0xB7,0x41,0x2E,0x20,0xCA,0x20,0xC9,0x20,0xA9,0x20,0xA9,0x20,0xA9,
0x18,0xA8,0x18,0x88,0x18,0x87,0x18,0x87,0x10,0x67,0x18,0x87,0x10,0x87,0x18,0xA7,0x18,0xA8,0x18,0xA8,0x10,0x66,0x10,0x67,0x5A,0x6E,0x10,0x63,0x00,0x01,0x08,0x22,
0x08,0x22,0x08,0x22,0x08,0x22,0x08,0x22,0x08,0x22,0x10,0x22,0x10,0x22,0x20,0x22,0x30,0x42,0x40,0x63,0x50,0x63,0x68,0x83,0x88,0x84,0xA0,0xC5,0xA8,0xE5,0xB1,0x06,
0xA8,0xE5,0x98,0xC4,0x78,0x84,0x58,0x63,0x48,0x63,0x38,0x63,0x28,0x63,0x20,0x63,0x18,0x64,0x10,0x84,0x10,0x85,0x10,0xA6,0x10,0xE8,0x11,0x2A,0x11,0x8D,0x11,0xCF,
0x1A,0x93,0x1B,0x77,0x24,0x19,0x2C,0x7A,0x2C,0x7A,0x24,0x19,0x13,0x56,0x0A,0x50,0x09,0x6C,0x11,0x2A,0x11,0x09,0x10,0xE7,0x10,0xA6,0x08,0x64,0x08,0x43,0x08,0x43,
0x08,0x42,0x08,0x22,0x08,0x22,0x08,0x42,0x08,0x43,0x08,0x42,0x08,0x22,0x08,0x42,0x08,0x42,0x08,0x42,0x08,0x42,0x08,0x42,0x08,0x42,0x08,0x42,0x08,0x42,0x08,0x42,
0x08,0x42,0x08,0x42,0x08,0x42,0x08,0x42,0x08,0x42,0x08,0x42,0x08,0x42,0x08,0x42,0x00,0x22,0x18,0xA5,0x5A,0x4D,0x10,0x46,0x18,0x87,0x18,0x87,0x18,0x67,0x18,0x87,
0x20,0xA8,0x18,0x67,0x20,0xE9,0x29,0x2B,0x29,0x0A,0x29,0x0A,0x20,0xA8,0x20,0xA8,0x18,0x87,0x18,0xA7,0x18,0xA7,0x20,0xA7,0x20,0xA8,0x29,0x09,0x18,0x88,0x18,0x88,
0x20,0xA9,0x20,0xCA,0x29,0x4D,0x31,0x8F,0x21,0x4F,0x31,0xD0,0x94,0x99,0x59,0xF4,0x83,0x36,0x8A,0xD6,0x69,0xB4,0xA4,0x39,0x3A,0x11,0x65,0x59,0x34,0xF7,0x1C,0x35,
0x56,0x5B,0x13,0xF4,0x4D,0xFA,0x2C,0xB8,0x2C,0x57,0x6C,0xD9,0x32,0x15,0x84,0x3A,0x51,0xB4,0x82,0xD7,0x81,0xF5,0x81,0x72,0xBB,0x35,0x88,0x8D,0xC3,0xB5,0x79,0x2C,
0x50,0x8A,0x38,0xA9,0x20,0x87,0x20,0x87,0x20,0x87,0x20,0x87,0x20,0x87,0x20,0x87,0x20,0x87,0x20,0x88,0x10,0x06,0x51,0x68,0xFD,0x94,0x93,0x2D,0x18,0x26,0x29,0x0A,
0x29,0x0A,0x18,0x88,0x20,0xA8,0x18,0x88,0x18,0x87,0x20,0xE8,0x10,0x66,0x18,0x87,0x18,0xA8,0x18,0xA8,0x18,0xA8,0x18,0xA8,0x18,0x88,0x10,0x68,0x18,0xA8,0x30,0xCA,
0x28,0xA9,0x18,0x88,0x39,0x6B,0x20,0xE9,0x18,0xA8,0x18,0xA8,0x10,0x87,0x10,0x87,0x10,0x87,0x10,0x87,0x10,0x87,0x10,0x87,0x10,0x87,0x18,0x87,0x18,0x87,0x10,0x87,
0x18,0x87,0x18,0xA8,0x10,0x88,0x18,0xA8,0x18,0x87,0x18,0xA7,0x18,0x87,0x31,0x4A,0x18,0xC8,0x10,0x66,0x18,0x87,0x18,0xA8,0x10,0x87,0x18,0xC8,0x21,0x4A,0x10,0xA7,
0x10,0x86,0x18,0x86,0x10,0x86,0x10,0x86,0x18,0x87,0x10,0x66,0x29,0x09,0x39,0x6C,0x10,0xE9,0x18,0xC8,0x18,0x87,0x41,0xEC,0x18,0xA7,0x10,0x66,0x10,0x66,0x10,0x86,
0x10,0x86,0x10,0x66,0x10,0x66,0x10,0x67,0x18,0x87,0x18,0x87,0x28,0xE9,0x20,0xC9,0x20,0xA8,0x20,0xC8,0x18,0xA8,0x18,0x88,0x18,0xA9,0x20,0xEA,0x28,0xEA,0x28,0xEA,
0x20,0xCA,0x20,0xC9,0x18,0x87,0x10,0x86,0x10,0x87,0x10,0x87,0x20,0xC8,0x18,0x87,0x18,0x87,0x18,0x87,0x18,0xA8,0x20,0xC8,0x18,0x88,0x18,0xA8,0x18,0x87,0x18,0x88,
0x18,0xA8,0x18,0xA8,0x20,0xA9,0x28,0xAA,0x28,0xCA,0x41,0x2D,0x8A,0xB7,0xE6,0x5E,0xFF,0xFF,0xD5,0x5D,0x59,0xCE,0x39,0xE7,0x39,0xE7,0x39,0xC7,0x39,0xE7,0x29,0x45,
0x00,0x00,0x00,0x00,0x00,0x00,0x00,0x00,0x00,0x00,0x00,0x00,0x00,0x00,0x00,0x00,0x00,0x00,0x00,0x00,0x00,0x00,0x00,0x00,0x00,0x00,0x00,0x00,0x00,0x00,0x00,0x00,
0x00,0x00,0x00,0x00,0x00,0x00,0x00,0x00,0x00,0x00,0x00,0x00,0x00,0x00,0x00,0x00,0x00,0x00,0x00,0x00,0x00,0x00,0x00,0x00,0x00,0x00,0x00,0x00,0x00,0x00,0x00,0x00,
0x39,0xC7,0x39,0xE7,0x39,0xE7,0x42,0x08,0x42,0x08,0x51,0x8D,0xD5,0x5C,0xFF,0xBF,0xE6,0x3E,0x92,0xB7,0x49,0x4E,0x28,0xCA,0x28,0xCA,0x20,0xA9,0x20,0xA9,0x18,0xA8,
0x18,0xA8,0x20,0xC9,0x18,0xA8,0x18,0xC8,0x18,0xA8,0x10,0x87,0x18,0x87,0x10,0x67,0x18,0x87,0x18,0x87,0x10,0x87,0x10,0x67,0x5A,0x6E,0x10,0x63,0x00,0x21,0x08,0x22,
0x00,0x22,0x08,0x22,0x08,0x22,0x08,0x22,0x08,0x22,0x18,0x22,0x20,0x22,0x30,0x42,0x40,0x42,0x58,0x62,0x98,0xA4,0xC1,0x47,0xE2,0x0A,0xF2,0xED,0xFB,0x4F,0xFB,0x4F,
0xF3,0x2E,0xEA,0x8C,0xD1,0xA8,0xB1,0x06,0x70,0x84,0x50,0x63,0x40,0x63,0x28,0x64,0x18,0x84,0x10,0x84,0x10,0xA6,0x10,0xE8,0x11,0x4A,0x11,0x8D,0x1A,0x51,0x2C,0x18,
0x3D,0x7C,0x56,0x3E,0x6E,0x9F,0x76,0xDF,0x6E,0xDF,0x66,0x7F,0x45,0xDE,0x24,0xFC,0x1B,0xB6,0x09,0xEE,0x09,0x4B,0x11,0x29,0x08,0xC7,0x08,0x85,0x08,0x64,0x08,0x63,
0x08,0x43,0x08,0x22,0x08,0x22,0x08,0x22,0x08,0x42,0x08,0x42,0x08,0x42,0x08,0x42,0x08,0x42,0x08,0x43,0x08,0x42,0x08,0x42,0x08,0x42,0x08,0x42,0x08,0x42,0x08,0x22,
0x08,0x42,0x08,0x42,0x08,0x42,0x08,0x43,0x08,0x42,0x08,0x22,0x08,0x22,0x08,0x42,0x00,0x22,0x18,0xA5,0x62,0xAF,0x18,0x67,0x18,0x88,0x18,0x88,0x18,0x87,0x18,0x87,
0x20,0xC8,0x18,0x87,0x18,0x87,0x18,0x87,0x20,0xC8,0x20,0xC8,0x20,0xC8,0x20,0xC8,0x18,0x87,0x18,0xA7,0x10,0x87,0x18,0x87,0x18,0xA7,0x18,0xC8,0x18,0x88,0x18,0xA8,
0x18,0xA9,0x20,0xEB,0x21,0x2C,0x21,0xAF,0x21,0xAF,0x22,0x10,0x7C,0xB9,0x4A,0x54,0x83,0x96,0x8B,0x17,0x69,0xF4,0x9C,0x58,0x3A,0x11,0x55,0x59,0x2C,0xB6,0x1C,0x14,
0x56,0x5A,0x13,0xF4,0x56,0x1A,0x2C,0xB7,0x2C,0x37,0x6C,0xB9,0x32,0x15,0x7C,0x3A,0x49,0x94,0x7A,0xF7,0x81,0xF5,0x89,0x93,0xBA,0xF5,0x88,0xAD,0xC3,0x95,0x71,0x0C,
0x48,0x69,0x30,0x68,0x28,0xA8,0x20,0x88,0x20,0x88,0x20,0xA8,0x28,0xE9,0x20,0x87,0x20,0x87,0x20,0x88,0x20,0xA8,0x30,0xC8,0x59,0xAA,0x41,0x49,0x18,0x68,0x39,0x8C,
0x31,0x4C,0x18,0x68,0x20,0xA8,0x18,0xA8,0x18,0x88,0x21,0x2A,0x18,0xC8,0x18,0xA7,0x20,0xA8,0x20,0xA8,0x18,0xA9,0x18,0xA8,0x18,0xA8,0x18,0xA8,0x28,0xEB,0x49,0x4E,
0x28,0xEA,0x10,0x68,0x31,0x6B,0x20,0xE9,0x18,0x88,0x18,0xA8,0x18,0x87,0x10,0x87,0x10,0x67,0x10,0x87,0x10,0x67,0x20,0xE9,0x20,0xE9,0x10,0x87,0x18,0xA8,0x10,0x87,
0x18,0xA8,0x18,0xA8,0x10,0x87,0x18,0x87,0x18,0x87,0x18,0x87,0x10,0x87,0x20,0xE8,0x18,0xA7,0x10,0x87,0x18,0xA7,0x18,0x87,0x10,0x86,0x18,0xA6,0x10,0x86,0x18,0xC7,
0x29,0x8A,0x10,0x87,0x10,0x86,0x18,0x86,0x18,0xA7,0x10,0x87,0x18,0x87,0x18,0xC7,0x10,0xC8,0x18,0xA8,0x18,0x87,0x31,0x8B,0x10,0x86,0x10,0x66,0x10,0x66,0x10,0x66,
0x10,0x86,0x10,0x87,0x10,0x67,0x10,0x67,0x18,0x87,0x18,0x87,0x18,0x87,0x18,0xA8,0x18,0x88,0x18,0x88,0x18,0x88,0x18,0xA8,0x18,0xA8,0x18,0xA9,0x18,0xA9,0x18,0xA8,
0x18,0xA8,0x18,0x88,0x10,0x66,0x10,0x86,0x10,0x87,0x10,0x86,0x10,0x86,0x10,0x66,0x10,0x87,0x10,0x87,0x10,0x87,0x18,0xA8,0x18,0x88,0x18,0xA8,0x18,0x88,0x18,0x88,
0x18,0xA8,0x18,0xA8,0x20,0xA9,0x39,0x0C,0x41,0x4D,0x41,0x2E,0x92,0xD7,0xE6,0x5E,0xFF,0xFF,0xD5,0x5C,0x59,0xCE,0x39,0xE7,0x39,0xC7,0x39,0xC7,0x39,0xE7,0x29,0x65,
0x00,0x00,0x00,0x00,0x00,0x00,0x00,0x00,0x00,0x00,0x00,0x00,0x00,0x00,0x00,0x00,0x00,0x00,0x00,0x00,0x00,0x00,0x00,0x00,0x00,0x00,0x00,0x00,0x00,0x00,0x00,0x00,
0x00,0x00,0x00,0x00,0x00,0x00,0x00,0x00,0x00,0x00,0x00,0x00,0x00,0x00,0x00,0x00,0x00,0x00,0x00,0x00,0x00,0x00,0x00,0x00,0x00,0x00,0x00,0x00,0x00,0x00,0x00,0x00,
0x39,0xC7,0x39,0xE7,0x39,0xE7,0x42,0x08,0x42,0x08,0x51,0x8D,0xCD,0x3C,0xFF,0xBF,0xE6,0x3E,0x8A,0xB7,0x49,0x6F,0x28,0xCA,0x28,0xEA,0x20,0xC9,0x20,0xA9,0x18,0xA9,
0x20,0xA9,0x18,0xA8,0x20,0xEA,0x20,0xE9,0x31,0x2A,0x18,0xA7,0x20,0xC8,0x31,0x4A,0x18,0x87,0x18,0xA8,0x18,0x87,0x18,0x67,0x5A,0x6E,0x10,0x63,0x00,0x21,0x08,0x42,
0x00,0x22,0x08,0x22,0x08,0x22,0x08,0x22,0x10,0x22,0x20,0x42,0x30,0x42,0x40,0x42,0x68,0x63,0xB0,0xE5,0xE1,0xEA,0xFB,0x2F,0xFB,0x4F,0xF2,0xEE,0xEA,0xCC,0xEA,0xEC,
0xF3,0x4E,0xFB,0xD1,0xFB,0xD1,0xEA,0x6B,0xC9,0x67,0x80,0xA4,0x48,0x64,0x38,0x84,0x28,0x84,0x18,0xA5,0x10,0xC7,0x19,0x2A,0x19,0x8D,0x12,0x92,0x2C,0xDB,0x56,0x3E,
0x86,0xFF,0x86,0xDF,0x6E,0x7E,0x5E,0x1E,0x56,0x1E,0x66,0x5E,0x76,0xDF,0x6E,0xBF,0x45,0xDD,0x2C,0x9A,0x0A,0x50,0x09,0x6C,0x09,0x09,0x08,0xC6,0x08,0x64,0x08,0x43,
0x08,0x43,0x08,0x43,0x08,0x22,0x08,0x42,0x08,0x22,0x08,0x42,0x08,0x42,0x08,0x43,0x08,0x63,0x08,0x22,0x08,0x42,0x08,0x42,0x08,0x42,0x08,0x22,0x08,0x42,0x08,0x42,
0x08,0x42,0x08,0x22,0x08,0x42,0x08,0x42,0x08,0x42,0x08,0x63,0x08,0x42,0x08,0x42,0x00,0x22,0x18,0xA5,0x62,0x8E,0x18,0x67,0x18,0x88,0x20,0xE9,0x29,0x2A,0x10,0x66,
0x18,0xA8,0x18,0xA7,0x18,0x87,0x18,0x87,0x18,0xA7,0x18,0x87,0x20,0xC8,0x18,0xA8,0x18,0x87,0x20,0xE9,0x29,0x4B,0x21,0x2A,0x29,0x2A,0x4A,0x4E,0x18,0x87,0x18,0xA8,
0x18,0xC9,0x18,0xEA,0x19,0x2B,0x2A,0x2F,0x22,0x30,0x1A,0x51,0x6C,0xF9,0x3A,0x13,0x73,0x34,0x93,0x58,0x61,0xD4,0xA4,0x59,0x3A,0x52,0x4C,0xF8,0x2C,0xF7,0x14,0x14,
0x56,0x5A,0x14,0x14,0x4D,0xD9,0x2C,0xB7,0x24,0x17,0x5C,0x9A,0x32,0x36,0x7C,0x5B,0x41,0x94,0x83,0x38,0x82,0x35,0x89,0xD3,0xB2,0xF5,0x80,0x8D,0xCB,0x34,0x70,0xEB,
0x50,0x8A,0x38,0xA9,0x28,0x89,0x28,0xEA,0x21,0x0B,0x21,0x0A,0x20,0xA8,0x20,0xA8,0x20,0xE9,0x28,0xE9,0x28,0xEA,0x20,0xC9,0x20,0x89,0x20,0xA9,0x20,0xC9,0x20,0xA9,
0x20,0xA9,0x20,0xA9,0x18,0xA8,0x20,0xC9,0x18,0xA8,0x21,0x6A,0x21,0x29,0x18,0xA7,0x18,0xA8,0x18,0x88,0x18,0x88,0x18,0xA8,0x18,0xA8,0x18,0xA8,0x20,0xE9,0x20,0xA9,
0x18,0xA8,0x18,0xA8,0x10,0x67,0x18,0x88,0x18,0xA8,0x18,0x88,0x18,0x87,0x18,0x87,0x18,0xC8,0x18,0x87,0x10,0x67,0x20,0xE9,0x20,0xE9,0x10,0x87,0x18,0xA8,0x18,0xA7,
0x18,0x87,0x18,0xA8,0x18,0x88,0x18,0x87,0x18,0xA8,0x18,0xA8,0x18,0x87,0x10,0x66,0x10,0x87,0x10,0x87,0x10,0x87,0x10,0x87,0x18,0xA7,0x18,0xA7,0x10,0xA6,0x10,0xA7,
0x19,0x09,0x18,0xE9,0x10,0x66,0x18,0x87,0x18,0xC8,0x10,0xA7,0x18,0xC8,0x18,0xA7,0x20,0xC8,0x28,0xEA,0x18,0xA9,0x18,0x88,0x18,0x87,0x18,0x87,0x18,0x87,0x18,0x87,
0x10,0x87,0x10,0x86,0x18,0x87,0x18,0x88,0x18,0x87,0x18,0xA7,0x18,0xA7,0x18,0xA7,0x10,0x87,0x31,0x0B,0x28,0xEA,0x10,0x87,0x18,0x88,0x10,0x87,0x10,0x87,0x10,0x87,
0x10,0x67,0x18,0xA7,0x18,0xC8,0x10,0x87,0x10,0x87,0x10,0x87,0x10,0x87,0x10,0x87,0x10,0x87,0x18,0x87,0x18,0x88,0x31,0x2B,0x20,0xC9,0x18,0xC8,0x18,0xA8,0x18,0xA8,
0x18,0x88,0x18,0xA8,0x20,0xA9,0x28,0xCB,0x31,0x0C,0x41,0x2E,0x92,0xD7,0xE6,0x5E,0xFF,0xFF,0xD5,0x5C,0x59,0xCE,0x39,0xE7,0x39,0xE7,0x39,0xC7,0x39,0xE7,0x29,0x65,
0x00,0x00,0x00,0x00,0x00,0x00,0x00,0x00,0x00,0x00,0x00,0x00,0x00,0x00,0x00,0x00,0x00,0x00,0x00,0x00,0x00,0x00,0x00,0x00,0x00,0x00,0x00,0x00,0x00,0x00,0x00,0x00,
0x00,0x00,0x00,0x00,0x00,0x00,0x00,0x00,0x00,0x00,0x00,0x00,0x00,0x00,0x00,0x00,0x00,0x00,0x00,0x00,0x00,0x00,0x00,0x00,0x00,0x00,0x00,0x00,0x00,0x00,0x00,0x00,
0x39,0xC7,0x39,0xE7,0x39,0xE7,0x42,0x08,0x42,0x08,0x51,0x8D,0xD5,0x3C,0xFF,0xBF,0xE6,0x3E,0x8A,0xB7,0x49,0x4E,0x20,0xCA,0x28,0xEA,0x20,0xA9,0x20,0xA9,0x18,0xA9,
0x20,0xA9,0x18,0xA8,0x20,0xE9,0x20,0xE9,0x28,0xE9,0x18,0xA8,0x18,0xA8,0x20,0xC9,0x18,0x88,0x18,0xC8,0x10,0x87,0x18,0x87,0x5A,0x6E,0x10,0x63,0x00,0x01,0x00,0x22,
0x00,0x22,0x08,0x22,0x08,0x22,0x10,0x22,0x18,0x22,0x30,0x42,0x40,0x62,0x68,0x83,0xC1,0x06,0xEA,0x6B,0xFB,0x4F,0xEA,0x2A,0xD9,0x66,0xD9,0x46,0xE1,0x87,0xE1,0xA7,
0xE1,0x87,0xE1,0xC8,0xEA,0xCC,0xFB,0xF2,0xEA,0x8D,0xC1,0x27,0x70,0xA4,0x40,0xA4,0x30,0xA5,0x20,0xC7,0x19,0x29,0x19,0x6C,0x1A,0x71,0x24,0xBB,0x56,0x3E,0x86,0xFF,
0x5D,0xFD,0x3D,0x7D,0x35,0x7D,0x35,0x7E,0x35,0x7E,0x2D,0x5D,0x35,0x5C,0x56,0x1D,0x86,0xFF,0x56,0x3E,0x2C,0x9A,0x0A,0x0F,0x09,0x4B,0x08,0xE8,0x08,0x85,0x08,0x64,
0x08,0x43,0x08,0x42,0x08,0x42,0x08,0x22,0x08,0x42,0x08,0x22,0x08,0x42,0x08,0x42,0x08,0x42,0x08,0x22,0x08,0x22,0x08,0x23,0x08,0x22,0x08,0x22,0x08,0x22,0x08,0x22,
0x08,0x22,0x08,0x22,0x08,0x22,0x08,0x42,0x08,0x22,0x08,0x43,0x08,0x42,0x08,0x22,0x00,0x02,0x18,0xA5,0x5A,0x6E,0x10,0x67,0x18,0x88,0x18,0xA8,0x18,0xC8,0x18,0x87,
0x29,0x29,0x18,0x87,0x18,0xA8,0x18,0xC8,0x20,0xC8,0x20,0xC8,0x18,0x88,0x18,0xA8,0x18,0x88,0x21,0x0A,0x21,0x2B,0x20,0xE9,0x18,0x87,0x18,0x87,0x18,0xC8,0x18,0xC8,
0x21,0x0A,0x19,0x0B,0x19,0x6C,0x5C,0x36,0x2A,0xD3,0x2B,0x95,0x65,0x19,0x31,0xB2,0x83,0x77,0x82,0xD6,0x59,0x93,0xA4,0x39,0x42,0x93,0x4C,0xF8,0x35,0x17,0x13,0xD3,
0x56,0x7B,0x14,0x35,0x35,0x37,0x35,0x59,0x1B,0xD7,0x5C,0x79,0x3A,0x57,0x5B,0x19,0x5A,0x77,0x83,0x58,0x82,0x56,0x91,0xF4,0xB2,0xD5,0x70,0x4B,0xBA,0xF3,0x91,0xAF,
0x58,0x6A,0x48,0xCA,0x38,0xAA,0x39,0x4C,0x29,0x4C,0x29,0x0A,0x18,0x88,0x18,0x88,0x20,0xA8,0x20,0xA8,0x20,0xA9,0x20,0xC9,0x20,0xC9,0x20,0xA9,0x18,0xA8,0x18,0xA8,
0x18,0xA8,0x18,0x87,0x18,0x88,0x18,0x88,0x18,0xC8,0x21,0x2A,0x18,0xA8,0x18,0x88,0x18,0x88,0x21,0x0A,0x21,0x0A,0x18,0xA8,0x18,0xA9,0x20,0xEA,0x18,0xA8,0x18,0xA8,
0x10,0x87,0x18,0xC8,0x29,0x2A,0x18,0xA8,0x18,0xA8,0x18,0xA8,0x10,0x87,0x10,0x87,0x20,0xC9,0x20,0xE9,0x10,0x67,0x10,0x87,0x10,0x87,0x18,0x87,0x18,0x87,0x10,0x87,
0x18,0x87,0x18,0xA8,0x10,0x87,0x18,0x88,0x18,0xA8,0x18,0x87,0x18,0x87,0x18,0x87,0x10,0x87,0x10,0x87,0x10,0x87,0x10,0x87,0x18,0xC8,0x18,0xA7,0x18,0xA7,0x18,0x87,
0x21,0x09,0x21,0x29,0x18,0xA7,0x18,0x87,0x18,0xA7,0x18,0xC8,0x10,0xA7,0x10,0xA7,0x18,0xA8,0x28,0xEA,0x20,0xEB,0x20,0xEA,0x20,0xE9,0x20,0xE9,0x18,0xA8,0x20,0xEA,
0x39,0x4C,0x10,0x67,0x18,0x88,0x28,0xA9,0x18,0xA8,0x18,0xA7,0x18,0xA8,0x18,0xA8,0x18,0xA8,0x28,0xE9,0x18,0x88,0x18,0xA8,0x18,0x87,0x10,0x87,0x10,0x67,0x10,0x87,
0x10,0x87,0x18,0xA8,0x29,0x29,0x10,0x67,0x18,0x87,0x18,0x87,0x18,0x87,0x29,0x09,0x18,0xA7,0x18,0x87,0x18,0xA8,0x20,0xC9,0x18,0xA8,0x18,0xA8,0x18,0xA8,0x18,0xA8,
0x18,0xA8,0x20,0xC9,0x20,0xA9,0x28,0xAA,0x28,0xCA,0x41,0x4E,0x92,0xD7,0xE6,0x5E,0xFF,0xFF,0xD5,0x5C,0x59,0xCE,0x39,0xC7,0x39,0xE7,0x39,0xC7,0x39,0xE7,0x29,0x65,
0x00,0x00,0x00,0x00,0x00,0x00,0x00,0x00,0x00,0x00,0x00,0x00,0x00,0x00,0x00,0x00,0x00,0x00,0x00,0x00,0x00,0x00,0x00,0x00,0x00,0x00,0x00,0x00,0x00,0x00,0x00,0x00,
0x00,0x00,0x00,0x00,0x00,0x00,0x00,0x00,0x00,0x00,0x00,0x00,0x00,0x00,0x00,0x00,0x00,0x00,0x00,0x00,0x00,0x00,0x00,0x00,0x00,0x00,0x00,0x00,0x00,0x00,0x00,0x00,
0x39,0xC7,0x39,0xE7,0x39,0xE7,0x42,0x08,0x42,0x08,0x51,0x8E,0xD5,0x5C,0xFF,0xBF,0xE6,0x3E,0x92,0xB7,0x49,0x6F,0x31,0x2B,0x28,0xEA,0x20,0xC9,0x20,0xC9,0x18,0xA9,
0x18,0xA9,0x18,0xA8,0x18,0x88,0x18,0xA8,0x18,0xA8,0x18,0x88,0x18,0xA8,0x29,0x0A,0x18,0xA8,0x18,0xA8,0x18,0xA8,0x20,0xA8,0x5A,0x4D,0x10,0x63,0x00,0x21,0x00,0x22,
0x00,0x22,0x08,0x22,0x08,0x22,0x10,0x22,0x28,0x42,0x38,0x62,0x50,0x62,0xB0,0xE5,0xEA,0x4B,0xFB,0x70,0xD9,0x88,0xD9,0x25,0xE9,0x86,0xF1,0xC7,0xF1,0xE8,0xF1,0xE8,
0xF1,0xE8,0xE9,0xC8,0xE1,0x66,0xE2,0x0A,0xFB,0xB1,0xE2,0x2B,0xA9,0x06,0x50,0xC5,0x38,0xE6,0x29,0x08,0x29,0x6B,0x21,0xEF,0x24,0x39,0x4D,0xFD,0x7E,0xDF,0x3D,0x7D,
0x2D,0x5D,0x3D,0xBE,0x3D,0xFE,0x3E,0x1F,0x3E,0x1F,0x3D,0xFE,0x35,0xBE,0x25,0x5C,0x4D,0xDD,0x87,0x1F,0x4D,0xFE,0x1B,0xD7,0x01,0x8C,0x09,0x29,0x08,0xC7,0x00,0x85,
0x08,0x63,0x08,0x43,0x08,0x42,0x08,0x42,0x08,0x42,0x08,0x42,0x08,0x42,0x08,0x42,0x08,0x22,0x08,0x42,0x08,0x42,0x08,0x23,0x08,0x22,0x08,0x22,0x08,0x22,0x08,0x22,
0x08,0x23,0x10,0x63,0x08,0x22,0x08,0x42,0x08,0x42,0x08,0x22,0x08,0x22,0x08,0x22,0x00,0x02,0x18,0xA5,0x5A,0x6E,0x10,0x67,0x18,0xA8,0x18,0x88,0x18,0x87,0x18,0x87,
0x18,0x87,0x18,0xA7,0x18,0xA7,0x18,0xA8,0x18,0xA8,0x18,0x88,0x18,0xA8,0x18,0xA8,0x18,0xA8,0x29,0x4B,0x29,0x4C,0x31,0xAD,0x20,0xC9,0x29,0x2A,0x18,0xA8,0x18,0xC9,
0x19,0x2A,0x19,0x6C,0x19,0x8D,0x2A,0x91,0x22,0xF3,0x65,0x7A,0x3A,0xF4,0x49,0xB3,0x9B,0x98,0x59,0xD3,0x6A,0x15,0x9C,0x19,0x32,0x94,0x4D,0x9A,0x2C,0xB6,0x13,0x92,
0x56,0x5A,0x14,0x35,0x24,0xD7,0x4E,0x3B,0x1B,0x76,0x53,0xD8,0x63,0x59,0x31,0x76,0x62,0xF8,0x7B,0x18,0x69,0x74,0x81,0x92,0xB2,0xB4,0x70,0x8C,0x81,0x2D,0xC3,0x34,
0x68,0x8B,0x50,0xAA,0x40,0xCB,0x30,0x89,0x20,0x68,0x20,0x88,0x20,0x88,0x18,0x88,0x18,0x88,0x18,0x67,0x18,0x87,0x18,0x87,0x18,0x88,0x18,0x88,0x18,0x87,0x18,0x87,
0x18,0x67,0x18,0x67,0x18,0x87,0x18,0x87,0x18,0x87,0x18,0xC9,0x18,0xA9,0x18,0xA8,0x18,0xA8,0x20,0xEA,0x29,0x4A,0x18,0xC8,0x18,0xA9,0x18,0xC9,0x18,0xA8,0x29,0x2A,
0x18,0xC8,0x18,0xC8,0x29,0x2A,0x18,0xA8,0x18,0xA8,0x18,0xA8,0x18,0xA8,0x10,0x87,0x18,0xA8,0x20,0xE9,0x10,0x87,0x18,0xA7,0x10,0x87,0x10,0x87,0x18,0x87,0x10,0xA7,
0x18,0x87,0x18,0xA8,0x18,0xA8,0x18,0xA8,0x18,0xC8,0x18,0xA8,0x18,0x87,0x29,0x2A,0x18,0xA7,0x10,0x87,0x10,0xA7,0x10,0x87,0x18,0xC7,0x18,0xA7,0x20,0xC8,0x39,0x4A,
0x18,0xA7,0x31,0x8A,0x31,0x8B,0x10,0x67,0x20,0xE8,0x18,0xC8,0x18,0xC7,0x19,0x09,0x19,0x2A,0x19,0x09,0x10,0x87,0x10,0x67,0x10,0x67,0x18,0xA7,0x10,0x86,0x20,0xE9,
0x29,0x2B,0x10,0x88,0x20,0xA9,0x20,0xC9,0x10,0x87,0x10,0x87,0x20,0xE9,0x31,0x8C,0x18,0xA8,0x18,0xC8,0x18,0xA8,0x18,0xA8,0x20,0xE9,0x20,0xE9,0x18,0xA8,0x18,0xA8,
0x18,0xA7,0x10,0x87,0x10,0x87,0x10,0x87,0x18,0x87,0x18,0x87,0x18,0xA8,0x29,0x0A,0x18,0xA8,0x10,0xA7,0x18,0xA8,0x18,0xC8,0x18,0xA8,0x18,0xA8,0x18,0xA8,0x18,0xA8,
0x20,0xC9,0x20,0xC9,0x20,0xA9,0x28,0xCA,0x28,0xCB,0x49,0x2E,0x92,0xD7,0xE6,0x5E,0xFF,0xFF,0xD5,0x5C,0x59,0xCE,0x39,0xE7,0x39,0xC7,0x39,0xC7,0x39,0xC7,0x29,0x45,
0x00,0x00,0x00,0x00,0x00,0x00,0x00,0x00,0x00,0x00,0x00,0x00,0x00,0x00,0x00,0x00,0x00,0x00,0x00,0x00,0x00,0x00,0x00,0x00,0x00,0x00,0x00,0x00,0x00,0x00,0x00,0x00,
0x00,0x00,0x00,0x00,0x00,0x00,0x00,0x00,0x00,0x00,0x00,0x00,0x00,0x00,0x00,0x00,0x00,0x00,0x00,0x00,0x00,0x00,0x00,0x00,0x00,0x00,0x00,0x00,0x00,0x00,0x00,0x00,
0x39,0xC7,0x3A,0x07,0x39,0xE7,0x42,0x08,0x42,0x08,0x51,0x8E,0xD5,0x5C,0xFF,0xDF,0xEE,0x3E,0x92,0xB7,0x49,0x4F,0x31,0x4C,0x28,0xEA,0x20,0xC9,0x20,0xC9,0x18,0xA9,
0x18,0xC9,0x20,0xC8,0x20,0xA9,0x18,0xA8,0x20,0xE9,0x20,0xC9,0x18,0xA8,0x18,0xA8,0x18,0xA8,0x29,0x2A,0x18,0xA8,0x20,0xC8,0x5A,0x6D,0x10,0x63,0x00,0x21,0x08,0x22,
0x08,0x22,0x08,0x22,0x08,0x22,0x18,0x22,0x30,0x42,0x40,0x62,0x80,0x83,0xD9,0x88,0xFB,0x70,0xE2,0x09,0xD9,0x25,0xF1,0xA7,0xF1,0xC8,0xFA,0x08,0xFA,0x29,0xFA,0x29,
0xFA,0x29,0xF2,0x08,0xE9,0xC8,0xD9,0x46,0xE2,0x2A,0xFB,0x90,0xD1,0x89,0x79,0x07,0x41,0x07,0x31,0x49,0x29,0x6C,0x2B,0x14,0x35,0x3C,0x76,0xBF,0x45,0x9D,0x2D,0x5D,
0x3D,0xDE,0x3E,0x1E,0x46,0x3E,0x3E,0x7E,0x3E,0x5F,0x3E,0x5E,0x3E,0x3E,0x35,0xFE,0x2D,0x5C,0x5E,0x1D,0x76,0xDF,0x35,0x3C,0x12,0x91,0x09,0x4B,0x08,0xE8,0x08,0xA5,
0x08,0x64,0x08,0x63,0x08,0x22,0x08,0x42,0x08,0x43,0x08,0x42,0x08,0x42,0x08,0x42,0x08,0x42,0x08,0x42,0x08,0x43,0x08,0x22,0x08,0x22,0x08,0x23,0x08,0x42,0x08,0x22,
0x08,0x22,0x08,0x43,0x08,0x42,0x08,0x42,0x08,0x42,0x08,0x42,0x08,0x42,0x08,0x42,0x00,0x02,0x18,0xA5,0x5A,0x4E,0x18,0x88,0x18,0xA8,0x20,0xE9,0x18,0xC9,0x18,0x87,
0x18,0xA8,0x18,0xA8,0x20,0xC8,0x29,0x0A,0x18,0xC9,0x18,0xA8,0x18,0xA8,0x18,0xA9,0x18,0xA9,0x29,0x4B,0x21,0x2B,0x18,0xCA,0x20,0xE9,0x18,0xE9,0x18,0xE9,0x19,0x0A,
0x19,0x4B,0x19,0x6C,0x19,0xCE,0x12,0x50,0x4C,0xF8,0x54,0x98,0x31,0xD2,0x72,0xB6,0x93,0x37,0x41,0x31,0x82,0xB6,0x8B,0xD8,0x2A,0xD4,0x55,0xFB,0x24,0x55,0x13,0xD3,
0x4E,0x3A,0x1C,0x35,0x24,0x96,0x46,0x1B,0x23,0x56,0x43,0x37,0x84,0x3A,0x41,0xD6,0x52,0x37,0x8B,0xB9,0x59,0x74,0x58,0xF1,0xAA,0x74,0x91,0xD1,0x70,0xAC,0xA2,0x51,
0xAA,0x92,0x58,0x4A,0x48,0xCB,0x38,0xCA,0x28,0xA9,0x20,0xA9,0x20,0xA8,0x18,0x88,0x20,0xE9,0x20,0xEA,0x18,0xA9,0x18,0xA8,0x20,0xC9,0x20,0xC8,0x18,0xA8,0x20,0xEA,
0x20,0xEA,0x20,0xEA,0x20,0xCA,0x18,0xA9,0x18,0xA8,0x18,0x88,0x18,0xA8,0x18,0xA9,0x18,0xA9,0x29,0x2B,0x42,0x0D,0x20,0xE9,0x18,0xA8,0x18,0xA8,0x18,0xA8,0x20,0xE9,
0x18,0xC9,0x20,0xE9,0x10,0x87,0x10,0x88,0x18,0xA8,0x18,0xA8,0x18,0xA8,0x18,0xA8,0x18,0xA8,0x18,0xA8,0x10,0xA8,0x18,0xA7,0x21,0x09,0x20,0xE9,0x10,0x87,0x18,0xA8,
0x18,0x88,0x18,0xA8,0x18,0xA8,0x18,0xA8,0x18,0xC9,0x20,0xE9,0x18,0xA7,0x31,0x4A,0x18,0xA7,0x10,0x87,0x10,0xA7,0x10,0x87,0x10,0x87,0x10,0xA7,0x10,0xA7,0x18,0xC8,
0x18,0xA7,0x18,0xA8,0x10,0x87,0x18,0x88,0x18,0xA7,0x18,0x87,0x18,0xA7,0x21,0x09,0x21,0x2A,0x19,0x29,0x10,0x87,0x18,0xA8,0x18,0x88,0x20,0xA9,0x20,0xC8,0x18,0xC8,
0x10,0x67,0x10,0x88,0x18,0xA9,0x18,0xA8,0x28,0xEA,0x20,0xC9,0x10,0xA8,0x20,0xE9,0x18,0xC9,0x18,0xC9,0x18,0xC9,0x18,0xA8,0x18,0xC9,0x18,0xE8,0x18,0xE8,0x18,0xA8,
0x18,0xA8,0x21,0x09,0x18,0xA8,0x18,0xA7,0x18,0xA8,0x18,0xA8,0x18,0xA8,0x18,0xA8,0x18,0xA8,0x18,0xA8,0x18,0xA8,0x18,0xC8,0x18,0xA8,0x18,0xA8,0x18,0xA8,0x18,0xA8,
0x18,0xA8,0x18,0xA9,0x20,0xCA,0x28,0xCA,0x28,0xCB,0x41,0x2E,0x92,0xD7,0xEE,0x5E,0xFF,0xFF,0xD5,0x7D,0x59,0xCE,0x39,0xE7,0x39,0xC7,0x39,0xC7,0x39,0xE7,0x29,0x45,
0x00,0x00,0x00,0x00,0x00,0x00,0x00,0x00,0x00,0x00,0x00,0x00,0x00,0x00,0x00,0x00,0x00,0x00,0x00,0x00,0x00,0x00,0x00,0x00,0x00,0x00,0x00,0x00,0x00,0x00,0x00,0x00,
0x00,0x00,0x00,0x00,0x00,0x00,0x00,0x00,0x00,0x00,0x00,0x00,0x00,0x00,0x00,0x00,0x00,0x00,0x00,0x00,0x00,0x00,0x00,0x00,0x00,0x00,0x00,0x00,0x00,0x00,0x00,0x00,
0x39,0xC7,0x39,0xE7,0x39,0xE7,0x42,0x08,0x42,0x08,0x51,0x8E,0xD5,0x5C,0xFF,0xDF,0xE6,0x3E,0x92,0xB7,0x49,0x4F,0x20,0xAA,0x28,0xEA,0x20,0xC9,0x20,0xC9,0x18,0xA9,
0x20,0xC9,0x18,0xA8,0x18,0xA9,0x18,0xC9,0x20,0xC9,0x18,0xA9,0x18,0xA8,0x18,0xA8,0x18,0xA8,0x18,0xA8,0x18,0xA8,0x18,0x88,0x5A,0x6E,0x10,0x63,0x00,0x21,0x00,0x22,
0x00,0x22,0x08,0x22,0x10,0x22,0x20,0x22,0x30,0x42,0x48,0x62,0xA8,0xC4,0xF2,0x8C,0xF3,0x2E,0xD9,0x25,0xE9,0xA7,0xF1,0xE8,0xFA,0x09,0xFA,0x49,0xFA,0x49,0xFA,0x49,
0xFA,0x49,0xFA,0x29,0xF1,0xE8,0xE9,0xA7,0xD1,0x46,0xF3,0x4F,0xEA,0xAD,0xA1,0x27,0x49,0x28,0x39,0x8B,0x29,0xCD,0x2C,0x18,0x5E,0x3E,0x6E,0x5E,0x25,0x1C,0x35,0xBE,
0x3D,0xFE,0x3E,0x5F,0x46,0x9E,0x46,0xBE,0x46,0x9E,0x46,0x9E,0x3E,0x5E,0x3E,0x1E,0x35,0xBE,0x2D,0x3C,0x76,0xBF,0x4E,0x1E,0x1B,0xB6,0x09,0x8C,0x09,0x09,0x08,0xA6,
0x08,0x64,0x08,0x64,0x08,0x63,0x08,0x43,0x08,0x43,0x08,0x22,0x08,0x42,0x08,0x42,0x08,0x43,0x08,0x43,0x08,0x43,0x08,0x42,0x08,0x22,0x08,0x22,0x08,0x42,0x08,0x22,
0x08,0x22,0x08,0x22,0x08,0x22,0x08,0x43,0x08,0x42,0x08,0x42,0x08,0x42,0x08,0x43,0x00,0x22,0x18,0xC5,0x5A,0x6E,0x18,0x88,0x18,0xC8,0x18,0xA8,0x18,0xA8,0x18,0xA8,
0x18,0xA8,0x18,0xA8,0x20,0xC9,0x20,0xC9,0x18,0xA9,0x18,0xA9,0x18,0xA9,0x18,0xC9,0x18,0xC9,0x18,0xEA,0x20,0xEA,0x21,0x0B,0x20,0xEA,0x21,0x0A,0x21,0x0A,0x19,0x2B,
0x19,0x6C,0x19,0xEE,0x1A,0x2F,0x2B,0xB4,0x5D,0x9A,0x32,0x93,0x41,0xF3,0xA3,0xB9,0x6A,0x35,0x49,0x52,0x93,0x57,0x63,0x16,0x33,0x55,0x56,0x3B,0x1B,0xF4,0x1B,0xF4,
0x4E,0x3A,0x1B,0xF4,0x1C,0x35,0x46,0x1B,0x23,0x76,0x3A,0xD6,0x8C,0x9A,0x52,0x37,0x41,0x96,0x8B,0x79,0x6A,0x15,0x59,0x12,0x81,0x91,0xB2,0xD5,0x79,0x0E,0x80,0xCD,
0xC3,0x34,0x81,0x6E,0x50,0x8A,0x40,0xCA,0x30,0xA9,0x28,0xCA,0x20,0xA9,0x20,0x88,0x20,0xA9,0x20,0xC9,0x18,0xA9,0x18,0xA9,0x18,0xA8,0x10,0x87,0x20,0xC9,0x29,0x0C,
0x29,0x0B,0x29,0x0C,0x29,0x0B,0x20,0xEA,0x20,0xCA,0x20,0xAA,0x20,0xA9,0x18,0xA9,0x18,0xA9,0x18,0xC9,0x18,0xC9,0x18,0xA9,0x18,0xE9,0x18,0xC9,0x18,0xA8,0x21,0x0A,
0x18,0xC9,0x18,0xC8,0x18,0xC8,0x18,0xA8,0x18,0xA8,0x18,0xC8,0x18,0xC8,0x18,0xA8,0x20,0xEA,0x20,0xC9,0x18,0xA8,0x10,0x88,0x18,0xE9,0x18,0xC9,0x18,0xA8,0x18,0xA8,
0x20,0xE9,0x18,0xC9,0x18,0xA8,0x18,0xA8,0x18,0xA8,0x20,0xC9,0x18,0xC8,0x10,0xA7,0x10,0xA7,0x18,0xA7,0x10,0xA7,0x18,0xC8,0x29,0x2A,0x10,0xA8,0x18,0xA8,0x10,0xA8,
0x18,0xA8,0x10,0xA8,0x10,0xA8,0x10,0xA8,0x10,0xA8,0x10,0xA7,0x18,0xA8,0x18,0xA8,0x10,0x87,0x10,0x88,0x18,0xA8,0x29,0x0A,0x21,0x0B,0x29,0x0B,0x21,0x0B,0x21,0x0B,
0x20,0xEA,0x18,0xC9,0x20,0xEA,0x18,0xA8,0x31,0x0A,0x20,0xC9,0x18,0xC9,0x18,0xA8,0x18,0xA8,0x29,0x2B,0x21,0x0A,0x18,0xA8,0x10,0xA8,0x10,0x87,0x10,0x87,0x10,0x87,
0x10,0xA7,0x18,0xC8,0x18,0xA8,0x18,0xA8,0x18,0xA8,0x18,0xA8,0x18,0xA8,0x18,0xC8,0x18,0xA8,0x18,0xA8,0x18,0xA8,0x18,0xA8,0x18,0xC8,0x20,0xE9,0x18,0xA8,0x18,0xA8,
0x20,0xC9,0x20,0xC9,0x20,0xAA,0x28,0xEB,0x28,0xEB,0x49,0x4E,0x92,0xD7,0xEE,0x5E,0xFF,0xFF,0xD5,0x5D,0x59,0xCE,0x39,0xC7,0x39,0xC7,0x39,0xC6,0x39,0xC7,0x29,0x45,
0x00,0x00,0x00,0x00,0x00,0x00,0x00,0x00,0x00,0x00,0x00,0x00,0x00,0x00,0x00,0x00,0x00,0x00,0x00,0x00,0x00,0x00,0x00,0x00,0x00,0x00,0x00,0x00,0x00,0x00,0x00,0x00,
0x00,0x00,0x00,0x00,0x00,0x00,0x00,0x00,0x00,0x00,0x00,0x00,0x00,0x00,0x00,0x00,0x00,0x00,0x00,0x00,0x00,0x00,0x00,0x00,0x00,0x00,0x00,0x00,0x00,0x00,0x00,0x00,
0x39,0xC7,0x39,0xE7,0x39,0xE7,0x42,0x08,0x41,0xE8,0x51,0x8E,0xD5,0x5C,0xFF,0xDF,0xE6,0x3E,0x8A,0xB7,0x49,0x6F,0x20,0xEB,0x28,0xEB,0x20,0xEA,0x20,0xC9,0x18,0xC9,
0x18,0xA9,0x21,0x0A,0x21,0x0A,0x18,0xA9,0x18,0xA9,0x18,0xA9,0x18,0xA9,0x18,0xA8,0x18,0xA8,0x18,0xA9,0x18,0xA9,0x29,0x2A,0x62,0xAF,0x10,0x63,0x00,0x21,0x08,0x22,
0x08,0x22,0x08,0x42,0x10,0x22,0x20,0x42,0x38,0x62,0x60,0x62,0xC1,0x26,0xFB,0x4F,0xEA,0x4A,0xE1,0x45,0xF1,0xC7,0xFA,0x08,0xFA,0x49,0xFA,0x6A,0xFA,0x8A,0xFA,0x8A,
0xFA,0x6A,0xFA,0x49,0xF2,0x08,0xF1,0xC8,0xD9,0x46,0xE2,0xAC,0xFB,0x6F,0xB9,0x48,0x51,0x49,0x39,0x8B,0x2A,0x2F,0x2C,0xBB,0x76,0xBF,0x4D,0xBD,0x2D,0x5D,0x3D,0xFE,
0x3E,0x3F,0x46,0x7E,0x46,0xBE,0x46,0xDE,0x46,0xDE,0x46,0xBE,0x46,0x9E,0x3E,0x3E,0x35,0xFE,0x25,0x5C,0x55,0xFD,0x6E,0x9F,0x1C,0x59,0x09,0xCE,0x09,0x2A,0x08,0xC7,
0x08,0x84,0x00,0x43,0x08,0x43,0x08,0x43,0x08,0x43,0x08,0x43,0x00,0x43,0x08,0x43,0x08,0x63,0x08,0x43,0x08,0x43,0x08,0x43,0x00,0x43,0x08,0x43,0x08,0x43,0x08,0x43,
0x08,0x43,0x08,0x23,0x08,0x43,0x08,0x42,0x08,0x42,0x08,0x42,0x08,0x42,0x08,0x43,0x00,0x22,0x18,0xC5,0x5A,0x6F,0x18,0x88,0x18,0xC9,0x18,0xA8,0x18,0xC8,0x18,0xA8,
0x18,0xA8,0x18,0xC9,0x20,0xC9,0x18,0xA9,0x18,0xC9,0x18,0xC9,0x20,0xEA,0x18,0xCA,0x18,0xEA,0x18,0xEA,0x21,0x0B,0x31,0x6D,0x31,0x6C,0x4A,0x2F,0x21,0x2B,0x21,0x4C,
0x19,0x8D,0x1A,0x2F,0x1A,0xB0,0x55,0x99,0x3B,0x95,0x32,0x13,0x62,0x75,0xA3,0xB9,0x51,0x93,0x61,0xD4,0xA3,0xB9,0x4A,0x94,0x43,0xD6,0x56,0x1B,0x13,0x93,0x24,0x14,
0x4E,0x5B,0x1B,0xD4,0x1B,0xD4,0x46,0x1B,0x2B,0xD7,0x32,0xB5,0x8C,0x79,0x5A,0xB8,0x39,0x75,0x72,0xD8,0x7A,0xB7,0x59,0x53,0x69,0x10,0xBA,0xF5,0x89,0xB0,0x78,0xCD,
0x91,0x8F,0xC3,0x34,0x60,0x8B,0x50,0xCB,0x40,0xCB,0x30,0xA9,0x28,0xA9,0x20,0xA9,0x20,0xA9,0x20,0xA9,0x18,0xA9,0x18,0xA9,0x18,0xA9,0x18,0xA8,0x18,0xA8,0x28,0xEA,
0x29,0x0B,0x20,0xEB,0x29,0x0B,0x28,0xEB,0x29,0x0B,0x29,0x0B,0x20,0xCA,0x18,0xA9,0x18,0xC9,0x18,0xA9,0x18,0xC9,0x18,0xA9,0x18,0xC9,0x18,0xC9,0x18,0xC9,0x18,0xA8,
0x18,0xC9,0x18,0xC9,0x18,0xC9,0x18,0xC9,0x18,0xC9,0x18,0xC9,0x18,0xC9,0x18,0xC9,0x29,0x2B,0x20,0xEA,0x18,0xC9,0x20,0xEA,0x18,0xC9,0x10,0xA8,0x18,0xA9,0x18,0xA8,
0x18,0xC9,0x18,0xC9,0x18,0xA9,0x18,0xC9,0x18,0xC9,0x20,0xE9,0x18,0xC9,0x20,0xE9,0x18,0xA8,0x18,0xA8,0x18,0xA8,0x18,0xC8,0x18,0xE9,0x18,0xC8,0x18,0xC8,0x18,0xA8,
0x18,0xC8,0x18,0xC8,0x18,0xC8,0x18,0xA8,0x18,0xA8,0x10,0xA8,0x18,0xC8,0x18,0xC9,0x18,0xA9,0x18,0xA9,0x18,0xA9,0x21,0x0B,0x21,0x0B,0x21,0x0B,0x21,0x0B,0x29,0x0B,
0x20,0xEB,0x18,0xC9,0x29,0x2B,0x18,0xC9,0x10,0xA8,0x18,0xA8,0x18,0xC9,0x18,0xC9,0x18,0xA8,0x18,0xC9,0x18,0xC9,0x18,0xA9,0x18,0xA8,0x28,0xE9,0x18,0xA8,0x18,0xC9,
0x18,0xC8,0x18,0xA8,0x18,0xA8,0x18,0xC9,0x18,0xC9,0x18,0xC8,0x18,0xC8,0x18,0xC9,0x18,0xC9,0x18,0xC9,0x18,0xC9,0x18,0xA8,0x18,0xC8,0x20,0xE9,0x18,0xA8,0x20,0xE9,
0x20,0xEA,0x20,0xEA,0x20,0xCA,0x28,0xEB,0x28,0xCB,0x49,0x4F,0x8A,0xD7,0xEE,0x5E,0xFF,0xFF,0xD5,0x5C,0x59,0xCE,0x39,0xC7,0x39,0xC7,0x39,0xC7,0x39,0xC7,0x29,0x45,
0x00,0x00,0x00,0x00,0x00,0x00,0x00,0x00,0x00,0x00,0x00,0x00,0x00,0x00,0x00,0x00,0x00,0x00,0x00,0x00,0x00,0x00,0x00,0x00,0x00,0x00,0x00,0x00,0x00,0x00,0x00,0x00,
0x00,0x00,0x00,0x00,0x00,0x00,0x00,0x00,0x00,0x00,0x00,0x00,0x00,0x00,0x00,0x00,0x00,0x00,0x00,0x00,0x00,0x00,0x00,0x00,0x00,0x00,0x00,0x00,0x00,0x00,0x00,0x00,
0x39,0xC7,0x39,0xE7,0x39,0xE7,0x42,0x08,0x42,0x08,0x51,0x8E,0xD5,0x5C,0xFF,0xDF,0xE6,0x3E,0x92,0xB7,0x49,0x70,0x28,0xEB,0x28,0xEB,0x31,0x4B,0x29,0x2B,0x20,0xCA,
0x20,0xC9,0x20,0xEA,0x20,0xEA,0x20,0xC9,0x20,0xC9,0x18,0xC9,0x18,0xC9,0x18,0xC9,0x18,0xA9,0x18,0xC9,0x18,0xC9,0x21,0x0A,0x62,0x8E,0x10,0x63,0x00,0x22,0x08,0x42,
0x08,0x42,0x08,0x42,0x10,0x42,0x20,0x42,0x38,0x63,0x68,0x83,0xD1,0x67,0xFB,0x6F,0xE1,0xC8,0xE1,0x66,0xF1,0xE8,0xFA,0x29,0xFA,0x69,0xFA,0x8A,0xFA,0x8A,0xFA,0x8A,
0xFA,0x8A,0xFA,0x49,0xFA,0x29,0xF1,0xE8,0xE1,0x87,0xE2,0x4A,0xFB,0xB0,0xC9,0x68,0x59,0x48,0x39,0x8A,0x2A,0x71,0x34,0xFB,0x7E,0xBF,0x45,0x7C,0x2D,0x7E,0x3E,0x1E,
0x3E,0x5F,0x46,0xBE,0x46,0xDE,0x46,0xFE,0x46,0xFE,0x46,0xDE,0x46,0xBE,0x3E,0x5E,0x3E,0x1E,0x2D,0x7D,0x45,0x9C,0x76,0xBF,0x24,0xDB,0x0A,0x0F,0x09,0x4A,0x08,0xE7,
0x08,0x85,0x08,0x64,0x08,0x63,0x08,0x43,0x08,0x43,0x08,0x43,0x08,0x43,0x08,0x43,0x08,0x63,0x08,0x43,0x08,0x43,0x08,0x43,0x08,0x43,0x08,0x43,0x08,0x43,0x08,0x43,
0x08,0x43,0x08,0x43,0x08,0x43,0x08,0x43,0x08,0x42,0x08,0x42,0x08,0x42,0x08,0x43,0x00,0x22,0x20,0xE6,0x62,0xD0,0x20,0xEA,0x18,0xEA,0x18,0xC9,0x18,0xC9,0x18,0xC9,
0x18,0xC9,0x20,0xC9,0x20,0xEA,0x20,0xEB,0x29,0x0B,0x18,0xCA,0x20,0xEA,0x20,0xEA,0x20,0xEA,0x20,0xEB,0x21,0x2B,0x29,0x4C,0x21,0x2B,0x29,0x4C,0x21,0x6D,0x21,0x8D,
0x22,0x0F,0x1A,0x4F,0x3C,0x55,0x55,0x18,0x2A,0x52,0x3A,0x13,0x93,0x79,0x82,0xD7,0x51,0x93,0x7A,0x75,0x9B,0xD9,0x42,0x74,0x4C,0x58,0x4D,0xDA,0x13,0x53,0x24,0x35,
0x4E,0x5B,0x1B,0xD4,0x1B,0xB4,0x4E,0x1B,0x34,0x58,0x32,0x95,0x84,0x19,0x73,0x38,0x39,0x75,0x59,0xF6,0x93,0x59,0x59,0x94,0x61,0x52,0xA2,0x34,0xB2,0xF5,0x78,0xEE,
0x78,0xAC,0xB2,0xB3,0xA2,0x31,0x58,0x8B,0x50,0xEC,0x38,0xEB,0x30,0xEB,0x31,0x2C,0x28,0xEB,0x29,0x2B,0x20,0xEA,0x18,0xC9,0x18,0xC9,0x18,0xA8,0x18,0xC9,0x31,0x6B,
0x18,0xA9,0x20,0xEA,0x20,0xCA,0x20,0xCA,0x20,0xCA,0x20,0xEB,0x20,0xEA,0x20,0xCA,0x18,0xC9,0x20,0xEA,0x18,0xA9,0x18,0xA9,0x18,0xC9,0x21,0x0A,0x20,0xEA,0x29,0x4B,
0x18,0xE9,0x18,0xE9,0x18,0xC9,0x18,0xEA,0x18,0xC9,0x18,0xC9,0x18,0xC9,0x18,0xCA,0x18,0xCA,0x18,0xC9,0x18,0xCA,0x18,0xEA,0x18,0xC9,0x18,0xC9,0x18,0xC9,0x18,0xC9,
0x18,0xC9,0x18,0xC9,0x18,0xC9,0x20,0xE9,0x18,0xC9,0x18,0xC9,0x18,0xC9,0x31,0x2B,0x18,0xC9,0x18,0xC9,0x18,0xC9,0x18,0xC9,0x18,0xC9,0x18,0xC9,0x18,0xC9,0x18,0xC9,
0x18,0xC9,0x18,0xC9,0x18,0xC9,0x18,0xC9,0x18,0xC9,0x18,0xC9,0x18,0xC9,0x18,0xC9,0x18,0xA9,0x18,0xC9,0x18,0xC9,0x18,0xC9,0x18,0xC9,0x18,0xCA,0x18,0xCA,0x18,0xCA,
0x18,0xC9,0x18,0xC9,0x20,0xEA,0x18,0xC9,0x18,0xC9,0x18,0xC9,0x18,0xC9,0x18,0xC9,0x18,0xC9,0x18,0xC9,0x18,0xC9,0x10,0xA8,0x28,0xC9,0x61,0xEE,0x20,0xE9,0x18,0xC9,
0x21,0x0A,0x20,0xEA,0x18,0xC9,0x21,0x2A,0x18,0xEA,0x18,0xC9,0x18,0xC9,0x18,0xC9,0x18,0xE9,0x18,0xE9,0x18,0xC9,0x18,0xC9,0x18,0xC9,0x18,0xA8,0x29,0x0A,0x20,0xC9,
0x18,0xA9,0x20,0xEA,0x20,0xCA,0x28,0xEB,0x28,0xEC,0x49,0x4F,0x8A,0xD7,0xEE,0x5E,0xFF,0xFF,0xD5,0x5C,0x59,0xCE,0x39,0xC7,0x39,0xC7,0x39,0xC7,0x39,0xE7,0x29,0x65,
0x00,0x00,0x00,0x00,0x00,0x00,0x00,0x00,0x00,0x00,0x00,0x00,0x00,0x00,0x00,0x00,0x00,0x00,0x00,0x00,0x00,0x00,0x00,0x00,0x00,0x00,0x00,0x00,0x00,0x00,0x00,0x00,
0x00,0x00,0x00,0x00,0x00,0x00,0x00,0x00,0x00,0x00,0x00,0x00,0x00,0x00,0x00,0x00,0x00,0x00,0x00,0x00,0x00,0x00,0x00,0x00,0x00,0x00,0x00,0x00,0x00,0x00,0x00,0x00,
0x39,0xC7,0x39,0xE7,0x39,0xE7,0x42,0x08,0x42,0x08,0x51,0x8E,0xD5,0x7C,0xFF,0xFF,0xE6,0x3E,0x92,0xB7,0x51,0x90,0x31,0x2C,0x29,0x0C,0x29,0x0B,0x29,0x0B,0x20,0xEB,
0x20,0xEB,0x20,0xCA,0x20,0xCA,0x20,0xEA,0x21,0x0A,0x20,0xEA,0x18,0xEA,0x18,0xEA,0x18,0xEA,0x18,0xE9,0x20,0xEA,0x18,0xC9,0x5A,0x6E,0x10,0x84,0x00,0x22,0x08,0x42,
0x08,0x42,0x08,0x42,0x10,0x42,0x20,0x42,0x30,0x63,0x68,0x83,0xD1,0x67,0xFB,0x6F,0xD9,0xC8,0xE9,0x86,0xF1,0xE8,0xFA,0x29,0xFA,0x6A,0xFA,0x8A,0xFA,0x8A,0xFA,0x8A,
0xFA,0x8A,0xFA,0x6A,0xFA,0x29,0xF1,0xE8,0xE1,0xA7,0xE2,0x4A,0xFB,0xB0,0xC9,0x88,0x61,0x48,0x31,0x6A,0x2A,0x91,0x34,0xFB,0x7E,0xBF,0x45,0x7D,0x35,0x9E,0x3E,0x1F,
0x46,0x7F,0x46,0xBE,0x46,0xFE,0x46,0xFE,0x46,0xFE,0x46,0xFE,0x46,0xBF,0x3E,0x7F,0x3E,0x1E,0x2D,0x7D,0x3D,0x7C,0x76,0xDF,0x2C,0xFB,0x0A,0x30,0x09,0x4A,0x08,0xE7,
0x08,0x85,0x08,0x64,0x08,0x63,0x08,0x43,0x08,0x43,0x08,0x43,0x08,0x43,0x08,0x43,0x08,0x43,0x08,0x43,0x08,0x43,0x08,0x43,0x08,0x43,0x08,0x43,0x08,0x43,0x08,0x43,
0x08,0x43,0x08,0x43,0x08,0x43,0x08,0x43,0x08,0x43,0x08,0x43,0x08,0x43,0x08,0x43,0x00,0x43,0x20,0xE6,0x62,0xD0,0x18,0xEB,0x21,0x0B,0x18,0xEA,0x18,0xEA,0x20,0xC9,
0x20,0xEA,0x20,0xEA,0x21,0x0B,0x20,0xEB,0x29,0x2C,0x21,0x0B,0x18,0xEB,0x21,0x0B,0x21,0x2C,0x21,0x2C,0x29,0x4D,0x39,0xAE,0x31,0x8D,0x42,0x30,0x29,0xCF,0x21,0xEF,
0x22,0x71,0x2B,0x33,0x5D,0xFA,0x33,0x54,0x3A,0x73,0x52,0x55,0xA3,0xBA,0x62,0x15,0x51,0xD4,0x8B,0x38,0x8B,0xD8,0x3A,0x94,0x4C,0xF9,0x45,0x79,0x13,0x33,0x24,0x35,
0x4E,0x5B,0x23,0xF5,0x23,0x94,0x4E,0x3B,0x3C,0x98,0x2A,0x95,0x6B,0x99,0x7B,0x99,0x39,0x96,0x41,0x95,0x93,0x7A,0x6A,0x16,0x61,0x94,0x79,0x72,0xCB,0x77,0x89,0xB0,
0x79,0x0E,0x81,0x0D,0xC3,0x55,0x81,0x2E,0x60,0xEC,0x48,0xEC,0x38,0xEC,0x30,0xEB,0x28,0xEB,0x28,0xEB,0x20,0xCA,0x20,0xEA,0x20,0xCA,0x18,0xC9,0x18,0xEA,0x21,0x0A,
0x21,0x0B,0x29,0x4C,0x20,0xEA,0x20,0xEA,0x29,0x0B,0x20,0xEB,0x20,0xEA,0x20,0xEA,0x20,0xEA,0x20,0xEB,0x39,0xCE,0x21,0x0B,0x18,0xCA,0x21,0x0B,0x18,0xEA,0x20,0xEA,
0x18,0xEA,0x18,0xCA,0x18,0xEA,0x18,0xCA,0x20,0xEA,0x18,0xEB,0x18,0xEA,0x18,0xEA,0x18,0xEA,0x18,0xEA,0x20,0xEA,0x21,0x0B,0x29,0x2B,0x18,0xCA,0x18,0xCA,0x18,0xEA,
0x20,0xEA,0x20,0xEA,0x18,0xCA,0x20,0xEA,0x20,0xCA,0x18,0xEA,0x18,0xEA,0x20,0xEA,0x18,0xEA,0x18,0xEA,0x18,0xEA,0x18,0xEA,0x18,0xEA,0x18,0xEA,0x20,0xEA,0x18,0xEA,
0x18,0xEA,0x18,0xEA,0x18,0xE9,0x18,0xE9,0x18,0xE9,0x18,0xC9,0x18,0xCA,0x18,0xEA,0x21,0x0B,0x18,0xEA,0x18,0xEA,0x18,0xCA,0x20,0xEA,0x20,0xEA,0x18,0xEA,0x18,0xEA,
0x20,0xEA,0x29,0x2B,0x20,0xEA,0x18,0xCA,0x18,0xEA,0x20,0xEA,0x20,0xEA,0x18,0xCA,0x18,0xEA,0x21,0x0A,0x21,0x0A,0x18,0xC9,0x18,0xC9,0x18,0xA9,0x18,0xEA,0x29,0x4B,
0x39,0x8D,0x39,0x8C,0x18,0xCA,0x20,0xEA,0x18,0xEA,0x18,0xEA,0x29,0x2B,0x31,0x6C,0x20,0xEA,0x20,0xEA,0x20,0xEA,0x18,0xE9,0x18,0xCA,0x18,0xCA,0x29,0x2B,0x20,0xEA,
0x20,0xCA,0x20,0xCA,0x29,0x0B,0x29,0x0C,0x31,0x0C,0x49,0x6F,0x8A,0xD7,0xEE,0x5E,0xFF,0xFF,0xD5,0x7C,0x59,0xCE,0x39,0xC7,0x39,0xE7,0x39,0xC6,0x39,0xC7,0x29,0x65,
0x00,0x00,0x00,0x00,0x00,0x00,0x00,0x00,0x00,0x00,0x00,0x00,0x00,0x00,0x00,0x00,0x00,0x00,0x00,0x00,0x00,0x00,0x00,0x00,0x00,0x00,0x00,0x00,0x00,0x00,0x00,0x00,
0x00,0x00,0x00,0x00,0x00,0x00,0x00,0x00,0x00,0x00,0x00,0x00,0x00,0x00,0x00,0x00,0x00,0x00,0x00,0x00,0x00,0x00,0x00,0x00,0x00,0x00,0x00,0x00,0x00,0x00,0x00,0x00,
0x39,0xC7,0x39,0xE7,0x39,0xE7,0x42,0x07,0x42,0x08,0x51,0x8E,0xD5,0x5C,0xFF,0xFF,0xE6,0x3E,0x8A,0xB7,0x51,0x90,0x29,0x2D,0x31,0x2D,0x29,0x2C,0x29,0x2C,0x21,0x0B,
0x29,0x2B,0x20,0xEB,0x29,0x2B,0x29,0x2B,0x29,0x2B,0x21,0x2B,0x29,0x2B,0x21,0x0B,0x21,0x0B,0x21,0x0B,0x29,0x2B,0x21,0x0A,0x62,0x8F,0x10,0x84,0x08,0x42,0x08,0x63,
0x08,0x42,0x08,0x43,0x10,0x42,0x18,0x42,0x30,0x63,0x60,0x83,0xC1,0x46,0xFB,0x6F,0xE2,0x09,0xE1,0x86,0xF1,0xE8,0xFA,0x29,0xFA,0x6A,0xFA,0x8A,0xFA,0x8A,0xFA,0x8A,
0xFA,0x8A,0xFA,0x6A,0xFA,0x29,0xF1,0xE8,0xE1,0x87,0xE2,0x6B,0xFB,0x8F,0xC1,0x48,0x59,0x28,0x31,0x6A,0x22,0x50,0x2C,0xBB,0x76,0x9F,0x45,0x9D,0x2D,0x9D,0x3E,0x1F,
0x46,0x7F,0x46,0xBF,0x46,0xFE,0x46,0xFE,0x46,0xFE,0x46,0xDE,0x46,0x9F,0x46,0x5F,0x3E,0x1E,0x2D,0x7D,0x45,0xBD,0x6E,0xDF,0x24,0xBB,0x0A,0x0F,0x09,0x4A,0x08,0xE8,
0x08,0xA5,0x08,0x64,0x08,0x43,0x08,0x43,0x08,0x43,0x08,0x43,0x08,0x43,0x08,0x43,0x08,0x43,0x08,0x43,0x08,0x43,0x08,0x43,0x08,0x43,0x08,0x43,0x08,0x43,0x08,0x43,
0x08,0x43,0x08,0x43,0x08,0x43,0x08,0x63,0x08,0x43,0x08,0x43,0x08,0x43,0x08,0x63,0x00,0x43,0x18,0xE6,0x62,0xB0,0x29,0x4D,0x21,0x2C,0x21,0x0B,0x21,0x0B,0x21,0x0B,
0x20,0xEB,0x20,0xEB,0x21,0x0C,0x21,0x0C,0x21,0x0C,0x21,0x0C,0x21,0x0C,0x21,0x2C,0x21,0x2D,0x29,0x4D,0x29,0x4D,0x21,0x4D,0x29,0x6D,0x29,0xCF,0x2A,0x10,0x22,0x51,
0x22,0xB3,0x55,0x59,0x4C,0xF8,0x32,0x94,0x3A,0x54,0x82,0xF8,0x93,0x38,0x59,0xF4,0x59,0xF4,0xA3,0xB9,0x7B,0x97,0x42,0xD5,0x55,0x7A,0x3D,0x17,0x1B,0x33,0x2C,0x56,
0x4E,0x5B,0x23,0xF6,0x23,0xB5,0x4E,0x1B,0x44,0xD9,0x32,0xB6,0x5B,0x38,0x8B,0xDB,0x41,0xB7,0x41,0x95,0x83,0x39,0x8B,0x39,0x61,0x95,0x69,0x73,0xAA,0x95,0xB2,0xD5,
0x79,0x30,0x79,0x0E,0xA2,0x11,0xC3,0x35,0x81,0x2E,0x61,0x2E,0x49,0x0D,0x41,0x2D,0x39,0x2C,0x28,0xEB,0x28,0xEB,0x29,0x0B,0x20,0xEB,0x20,0xEA,0x20,0xEB,0x20,0xEB,
0x21,0x0B,0x21,0x0B,0x29,0x0B,0x21,0x0B,0x29,0x2C,0x21,0x2C,0x21,0x0B,0x21,0x0B,0x21,0x0C,0x21,0x0B,0x39,0xAE,0x29,0x2C,0x20,0xEB,0x21,0x0B,0x20,0xEB,0x20,0xEB,
0x21,0x0C,0x31,0x8D,0x21,0x0B,0x21,0x2C,0x21,0x2C,0x21,0x0C,0x21,0x0B,0x21,0x0B,0x21,0x0B,0x21,0x0B,0x21,0x0C,0x20,0xEB,0x29,0x2C,0x21,0x0B,0x21,0x0B,0x20,0xEB,
0x20,0xEB,0x21,0x0B,0x20,0xEB,0x29,0x0C,0x21,0x0B,0x21,0x0B,0x21,0x0B,0x31,0x6D,0x21,0x0B,0x21,0x0B,0x21,0x0B,0x21,0x0B,0x21,0x0B,0x21,0x0B,0x21,0x2B,0x31,0x6D,
0x21,0x0B,0x20,0xEB,0x21,0x0B,0x21,0x0B,0x21,0x0B,0x18,0xEA,0x29,0x4C,0x29,0x6D,0x21,0x0B,0x19,0x0B,0x21,0x0B,0x31,0x6D,0x21,0x0B,0x21,0x0B,0x29,0x2C,0x21,0x0B,
0x21,0x2C,0x29,0x4C,0x21,0x0B,0x21,0x0B,0x21,0x0B,0x21,0x0B,0x21,0x0B,0x21,0x0B,0x21,0x0B,0x20,0xEB,0x18,0xEB,0x18,0xEA,0x18,0xEA,0x19,0x0B,0x21,0x0B,0x18,0xEB,
0x21,0x0B,0x29,0x2C,0x18,0xEB,0x21,0x0B,0x19,0x0A,0x18,0xEA,0x29,0x4C,0x29,0x6C,0x21,0x0B,0x21,0x0B,0x21,0x0B,0x20,0xEB,0x21,0x0B,0x18,0xEB,0x20,0xEB,0x20,0xEB,
0x21,0x0B,0x20,0xEB,0x29,0x0C,0x29,0x2D,0x31,0x4D,0x51,0x90,0x8A,0xD7,0xEE,0x5E,0xFF,0xFF,0xD5,0x7D,0x59,0xCE,0x39,0xC7,0x39,0xC7,0x39,0xC7,0x39,0xC7,0x29,0x45,
0x00,0x00,0x00,0x00,0x00,0x00,0x00,0x00,0x00,0x00,0x00,0x00,0x00,0x00,0x00,0x00,0x00,0x00,0x00,0x00,0x00,0x00,0x00,0x00,0x00,0x00,0x00,0x00,0x00,0x00,0x00,0x00,
0x00,0x00,0x00,0x00,0x00,0x00,0x00,0x00,0x00,0x00,0x00,0x00,0x00,0x00,0x00,0x00,0x00,0x00,0x00,0x00,0x00,0x00,0x00,0x00,0x00,0x00,0x00,0x00,0x00,0x00,0x00,0x00,
0x39,0xC7,0x39,0xE7,0x39,0xE7,0x42,0x07,0x42,0x08,0x51,0xAE,0xD5,0x5C,0xFF,0xFF,0xE6,0x5E,0x8A,0xB7,0x51,0x91,0x31,0x4E,0x31,0x6E,0x31,0x6E,0x31,0x4D,0x29,0x2D,
0x29,0x0C,0x29,0x4C,0x29,0x4C,0x29,0x2C,0x29,0x2C,0x29,0x2C,0x21,0x2C,0x21,0x2C,0x21,0x2C,0x29,0x2C,0x21,0x2C,0x29,0x2C,0x62,0xB0,0x18,0xA5,0x08,0x43,0x08,0x63,
0x08,0x43,0x08,0x63,0x10,0x63,0x18,0x63,0x30,0x63,0x50,0x83,0xB0,0xE5,0xF3,0x2E,0xEA,0xCC,0xD9,0x66,0xF1,0xC8,0xFA,0x08,0xFA,0x49,0xFA,0x6A,0xFA,0x6A,0xFA,0x8A,
0xFA,0x6A,0xFA,0x49,0xFA,0x09,0xF1,0xE8,0xD9,0x66,0xEB,0x0D,0xF3,0x0E,0xB1,0x27,0x49,0x28,0x29,0x6A,0x21,0xEE,0x24,0x3A,0x6E,0x5E,0x5E,0x1D,0x2D,0x7D,0x3E,0x1F,
0x46,0x5F,0x46,0x9F,0x46,0xDF,0x46,0xDE,0x46,0xDE,0x46,0xBF,0x46,0x7F,0x3E,0x3E,0x3D,0xFE,0x2D,0x5D,0x66,0x5E,0x66,0x9F,0x1C,0x38,0x09,0xCE,0x11,0x4A,0x08,0xE7,
0x08,0x85,0x08,0x64,0x08,0x84,0x08,0x64,0x08,0x44,0x08,0x64,0x08,0x64,0x08,0x64,0x08,0x64,0x08,0x64,0x08,0x64,0x08,0x64,0x08,0x64,0x08,0x44,0x08,0x64,0x08,0x64,
0x08,0x64,0x08,0x64,0x08,0x43,0x08,0x64,0x08,0x64,0x08,0x63,0x08,0x64,0x08,0x64,0x08,0x43,0x20,0xE7,0x62,0xD1,0x31,0x6E,0x29,0x4D,0x21,0x2C,0x29,0x2C,0x29,0x2D,
0x21,0x2D,0x29,0x2D,0x29,0x2D,0x29,0x4D,0x29,0x4D,0x29,0x4D,0x29,0x6E,0x31,0x6E,0x29,0x6E,0x29,0x6E,0x31,0x8F,0x29,0xAF,0x3A,0x30,0x32,0x71,0x2A,0x51,0x2A,0xB3,
0x3C,0x17,0x66,0x1B,0x33,0x55,0x42,0xD5,0x4A,0x35,0xA3,0xDA,0x6A,0x75,0x5A,0x35,0x62,0x35,0xB4,0x5A,0x6B,0x37,0x4B,0x56,0x65,0xFB,0x34,0xD7,0x23,0x74,0x34,0x77,
0x56,0x5C,0x2C,0x36,0x2B,0xF6,0x4D,0xFB,0x4D,0x3A,0x32,0xF7,0x52,0xD7,0x9C,0x1B,0x52,0x18,0x49,0xF7,0x6A,0x98,0xAC,0x1B,0x61,0xD5,0x69,0xD5,0x81,0x92,0xCB,0x37,
0x89,0x91,0x89,0xD2,0x89,0x2F,0xC3,0x56,0xB2,0xB4,0x71,0x2F,0x61,0x6F,0x51,0x6F,0x41,0x6E,0x31,0x0C,0x31,0x0C,0x29,0x2D,0x29,0x2C,0x21,0x0C,0x29,0x4D,0x29,0x6D,
0x29,0x2D,0x31,0x4D,0x29,0x4D,0x29,0x2D,0x29,0x4D,0x29,0x4D,0x29,0x4D,0x29,0x4D,0x29,0x4D,0x29,0x6E,0x29,0x2D,0x21,0x2C,0x29,0x2C,0x29,0x4D,0x29,0x4D,0x29,0x6E,
0x29,0x6D,0x39,0xCF,0x29,0x4D,0x29,0x4D,0x29,0x4D,0x29,0x2D,0x21,0x2D,0x29,0x2D,0x29,0x2D,0x29,0x2D,0x29,0x2D,0x21,0x2D,0x31,0x6E,0x29,0x4D,0x21,0x2D,0x29,0x2D,
0x29,0x2D,0x29,0x2D,0x21,0x2C,0x29,0x2D,0x29,0x2C,0x29,0x2C,0x21,0x2C,0x31,0x8E,0x29,0x4D,0x29,0x4D,0x29,0x4C,0x29,0x4C,0x29,0x4D,0x29,0x2D,0x29,0x4D,0x31,0x8E,
0x29,0x4D,0x29,0x6D,0x21,0x2C,0x29,0x2C,0x29,0x2C,0x21,0x2C,0x29,0x6E,0x31,0x8E,0x21,0x2D,0x31,0x6E,0x29,0x6E,0x21,0x2D,0x21,0x2C,0x29,0x4D,0x29,0x4D,0x29,0x2D,
0x21,0x2C,0x21,0x2C,0x29,0x2D,0x29,0x4D,0x21,0x2C,0x21,0x2C,0x29,0x2C,0x29,0x2C,0x21,0x2C,0x21,0x2C,0x21,0x2C,0x29,0x4D,0x21,0x2C,0x21,0x2C,0x21,0x2C,0x21,0x2C,
0x21,0x2C,0x21,0x2C,0x21,0x2C,0x21,0x2C,0x21,0x2C,0x21,0x2C,0x21,0x2C,0x21,0x2C,0x21,0x2C,0x21,0x2C,0x21,0x2C,0x21,0x0C,0x21,0x2C,0x21,0x2C,0x29,0x2C,0x29,0x4D,
0x29,0x4D,0x29,0x2C,0x29,0x2D,0x39,0x4E,0x31,0x4E,0x49,0x91,0x8A,0xB7,0xEE,0x7E,0xFF,0xFF,0xD5,0x7D,0x59,0xEE,0x39,0xC7,0x39,0xC7,0x39,0xC7,0x39,0xC7,0x29,0x45,
0x00,0x00,0x00,0x00,0x00,0x00,0x00,0x00,0x00,0x00,0x00,0x00,0x00,0x00,0x00,0x00,0x00,0x00,0x00,0x00,0x00,0x00,0x00,0x00,0x00,0x00,0x00,0x00,0x00,0x00,0x00,0x00,
0x00,0x00,0x00,0x00,0x00,0x00,0x00,0x00,0x00,0x00,0x00,0x00,0x00,0x00,0x00,0x00,0x00,0x00,0x00,0x00,0x00,0x00,0x00,0x00,0x00,0x00,0x00,0x00,0x00,0x00,0x00,0x00,
0x39,0xC7,0x39,0xE7,0x39,0xC7,0x3A,0x07,0x42,0x08,0x51,0x8E,0xD5,0x7C,0xFF,0xFF,0xE6,0x5E,0x8A,0xB7,0x51,0xB1,0x39,0x6F,0x39,0x8F,0x39,0x8F,0x31,0x6F,0x31,0x4E,
0x31,0x4E,0x31,0x6E,0x31,0x6E,0x29,0x4D,0x29,0x4D,0x29,0x4D,0x29,0x4D,0x29,0x4D,0x29,0x4D,0x29,0x4D,0x29,0x6D,0x29,0x6D,0x62,0xD1,0x18,0xA5,0x08,0x63,0x08,0x63,
0x08,0x63,0x08,0x63,0x10,0x64,0x18,0x63,0x28,0x84,0x40,0x83,0x90,0xC4,0xEA,0x4A,0xFB,0xD0,0xD9,0xA7,0xE9,0xA7,0xF1,0xE8,0xFA,0x08,0xFA,0x29,0xFA,0x49,0xFA,0x49,
0xFA,0x29,0xFA,0x29,0xF1,0xE8,0xE9,0xA7,0xD9,0xA8,0xFB,0xB0,0xE2,0x0A,0x91,0x07,0x39,0x08,0x29,0x4A,0x21,0x8C,0x1B,0x97,0x4D,0xBD,0x7E,0xDF,0x35,0x7C,0x35,0xFE,
0x3E,0x3F,0x46,0x7F,0x46,0x9F,0x46,0xBF,0x46,0x9F,0x3E,0x7F,0x3E,0x3F,0x3D,0xFE,0x35,0xBE,0x35,0x9C,0x7E,0xFF,0x45,0xFE,0x1B,0x55,0x11,0x8C,0x11,0x2A,0x08,0xC7,
0x08,0xA6,0x08,0x65,0x10,0x85,0x10,0x84,0x08,0x64,0x08,0x64,0x10,0x64,0x08,0x64,0x08,0x64,0x08,0x64,0x08,0x64,0x08,0x64,0x08,0x64,0x08,0x64,0x08,0x64,0x10,0x64,
0x08,0x64,0x08,0x64,0x08,0x64,0x08,0x64,0x08,0x64,0x08,0x64,0x08,0x64,0x08,0x84,0x08,0x44,0x21,0x07,0x6A,0xF3,0x31,0x6F,0x31,0x6F,0x29,0x6E,0x29,0x4F,0x31,0x6F,
0x31,0x4E,0x31,0x4E,0x39,0x8F,0x39,0x8F,0x31,0x6F,0x31,0x6F,0x39,0xB0,0x39,0xB0,0x31,0x90,0x31,0xB0,0x31,0xD0,0x3A,0x11,0x32,0x32,0x32,0x72,0x32,0xD3,0x2B,0x35,
0x65,0xFB,0x4C,0x78,0x43,0x15,0x4A,0xB6,0x7B,0x18,0xA4,0x1A,0x5A,0x15,0x62,0x97,0x7A,0xB7,0xB4,0x5B,0x5A,0xF6,0x53,0xD8,0x6E,0x5C,0x34,0x97,0x2B,0xB5,0x3C,0xB8,
0x56,0x7C,0x34,0x36,0x33,0xF6,0x4D,0xDB,0x55,0x9B,0x3B,0x37,0x4A,0xD7,0x9C,0x3B,0x62,0xB8,0x52,0x58,0x5A,0x37,0xAC,0x5B,0x7A,0x77,0x69,0xF5,0x69,0x93,0xB2,0xB6,
0xB2,0xD5,0x81,0x91,0x89,0xB1,0x99,0xD1,0xD3,0xD8,0x89,0x91,0x71,0x70,0x61,0x70,0x49,0x6F,0x41,0x4F,0x39,0x4F,0x31,0x6E,0x31,0x6E,0x31,0x6E,0x31,0x6F,0x31,0x8F,
0x31,0xAF,0x52,0x92,0x31,0x8F,0x31,0x6E,0x39,0xD0,0x31,0x8F,0x31,0x6F,0x31,0x6E,0x31,0x6F,0x39,0xAF,0x39,0xD0,0x29,0x4E,0x31,0x6E,0x39,0xD0,0x31,0x6F,0x31,0x8F,
0x31,0x6F,0x29,0x6E,0x31,0x6F,0x31,0x6F,0x31,0x8F,0x31,0x6F,0x31,0x6F,0x31,0x6F,0x31,0x6F,0x31,0x4E,0x31,0x6F,0x31,0x6F,0x29,0x6E,0x31,0x6E,0x31,0x6F,0x31,0x6F,
0x31,0x6F,0x31,0x6E,0x29,0x4E,0x31,0x6E,0x29,0x6E,0x31,0x6E,0x31,0x8F,0x39,0xF0,0x31,0x8F,0x31,0x6F,0x31,0x8E,0x31,0x8E,0x31,0x8F,0x31,0x6E,0x31,0x6E,0x31,0xAF,
0x29,0x6E,0x31,0x6E,0x29,0x6E,0x29,0x6E,0x31,0x6E,0x31,0x6F,0x29,0x6F,0x29,0x6E,0x29,0x6F,0x31,0x8F,0x31,0x8F,0x29,0x4E,0x29,0x6E,0x31,0x8F,0x31,0x8F,0x29,0x4E,
0x29,0x6E,0x29,0x6E,0x29,0x6E,0x31,0x8E,0x29,0x6E,0x31,0x6E,0x39,0xD0,0x31,0x8F,0x29,0x4E,0x29,0x4E,0x29,0x2E,0x31,0xAF,0x31,0x8F,0x29,0x4E,0x29,0x6E,0x29,0x4E,
0x31,0xAF,0x42,0x31,0x29,0x4D,0x29,0x6E,0x31,0x8E,0x29,0x6E,0x31,0x6E,0x31,0xAF,0x29,0x4E,0x29,0x6E,0x29,0x6E,0x29,0x4E,0x29,0x4E,0x29,0x4E,0x31,0x4E,0x29,0x4E,
0x29,0x4E,0x31,0x4E,0x31,0x6F,0x39,0x90,0x39,0x8F,0x51,0xB1,0x8A,0xB7,0xEE,0x7E,0xFF,0xFF,0xD5,0x7D,0x59,0xEE,0x39,0xC7,0x39,0xC7,0x39,0xC6,0x39,0xC7,0x29,0x45,
0x00,0x00,0x00,0x00,0x00,0x00,0x00,0x00,0x00,0x00,0x00,0x00,0x00,0x00,0x00,0x00,0x00,0x00,0x00,0x00,0x00,0x00,0x00,0x00,0x00,0x00,0x00,0x00,0x00,0x00,0x00,0x00,
0x00,0x00,0x00,0x00,0x00,0x00,0x00,0x00,0x00,0x00,0x00,0x00,0x00,0x00,0x00,0x00,0x00,0x00,0x00,0x00,0x00,0x00,0x00,0x00,0x00,0x00,0x00,0x00,0x00,0x00,0x00,0x00,
0x39,0xC7,0x39,0xE7,0x39,0xC7,0x3A,0x07,0x42,0x08,0x51,0x8E,0xD5,0x7C,0xFF,0xFF,0xE6,0x5E,0x92,0xD7,0x51,0xD2,0x39,0x90,0x41,0xB1,0x41,0xB0,0x39,0x90,0x39,0x90,
0x39,0x90,0x39,0xB0,0x39,0xB0,0x31,0x90,0x31,0x8F,0x31,0x8F,0x31,0x8F,0x31,0x8F,0x31,0x8F,0x31,0x8F,0x31,0xAF,0x39,0xB0,0x6A,0xF2,0x18,0xC6,0x08,0x64,0x10,0x84,
0x10,0x64,0x10,0x84,0x10,0x64,0x18,0x84,0x28,0x84,0x38,0xA4,0x70,0xA4,0xC9,0x47,0xFB,0x6E,0xF3,0x2D,0xD9,0x46,0xE9,0xA7,0xF1,0xC8,0xFA,0x08,0xFA,0x08,0xFA,0x09,
0xFA,0x08,0xF2,0x08,0xE9,0xC8,0xD9,0x66,0xF3,0x2E,0xF3,0x2E,0xC1,0x27,0x60,0xC6,0x31,0x07,0x29,0x29,0x21,0x4A,0x1A,0x92,0x2C,0xFC,0x7E,0xDF,0x66,0x5E,0x2D,0x7D,
0x3D,0xFF,0x3E,0x3F,0x46,0x5F,0x3E,0x5F,0x3E,0x5F,0x3E,0x3F,0x3D,0xFE,0x35,0xBE,0x2D,0x5C,0x6E,0x9E,0x6E,0x9F,0x2C,0xDB,0x12,0x50,0x11,0x8B,0x11,0x09,0x10,0xC7,
0x10,0xA6,0x10,0x85,0x10,0x85,0x10,0x85,0x10,0x85,0x10,0x85,0x10,0x85,0x10,0x85,0x10,0x85,0x10,0x85,0x10,0x85,0x10,0x85,0x10,0x85,0x10,0x85,0x10,0x85,0x10,0x85,
0x10,0x85,0x10,0x85,0x10,0x85,0x10,0x85,0x10,0x85,0x10,0x84,0x10,0x85,0x10,0x85,0x08,0x64,0x20,0xE7,0x73,0x34,0x4A,0x33,0x39,0xB1,0x39,0xB1,0x39,0xB1,0x39,0xB1,
0x39,0x91,0x39,0x91,0x39,0x91,0x39,0x91,0x39,0xB1,0x39,0xB1,0x39,0xB1,0x39,0xD2,0x41,0xD2,0x41,0xF2,0x3A,0x12,0x3A,0x33,0x3A,0x93,0x3A,0xF5,0x33,0x36,0x4D,0x19,
0x65,0xBB,0x4B,0x76,0x5B,0x77,0x5A,0xD7,0xAC,0x5B,0x8B,0x79,0x62,0x77,0x62,0x97,0x9B,0x9A,0x9B,0xFA,0x52,0xF6,0x54,0x59,0x76,0x9C,0x3C,0x97,0x3C,0x16,0x45,0x18,
0x5E,0x7D,0x3C,0x57,0x3C,0x17,0x4D,0xBA,0x5D,0xDC,0x43,0x78,0x4A,0xF8,0x9C,0x5B,0x83,0x5A,0x5A,0x78,0x5A,0x58,0x9B,0xDB,0x9B,0x79,0x69,0xF6,0x72,0x15,0x92,0x35,
0xD3,0xD9,0x9A,0x34,0x92,0x14,0x89,0xB2,0xB2,0xD5,0xCB,0x37,0x81,0x71,0x71,0xD1,0x59,0xB1,0x51,0xB1,0x49,0xB1,0x41,0xB1,0x41,0xB1,0x41,0xB1,0x39,0xB1,0x41,0xD1,
0x39,0xB0,0x39,0xB0,0x39,0xD1,0x39,0xB1,0x39,0xB1,0x39,0xD1,0x39,0xB1,0x39,0xB1,0x39,0xB1,0x39,0xB1,0x39,0xD1,0x39,0xB1,0x39,0xB0,0x39,0xB0,0x39,0xB0,0x39,0xB0,
0x39,0xB1,0x39,0xD1,0x39,0xB1,0x39,0xB0,0x39,0xB1,0x39,0xB1,0x39,0xB0,0x39,0xB0,0x39,0xB1,0x39,0xB1,0x52,0x94,0x42,0x12,0x39,0xB1,0x39,0xB0,0x39,0xB1,0x39,0xB0,
0x39,0xB0,0x39,0xB0,0x39,0xB1,0x39,0xB0,0x39,0xB0,0x39,0xB0,0x39,0xD1,0x42,0x11,0x39,0xD1,0x39,0xD1,0x39,0xD0,0x39,0xD0,0x39,0xD1,0x39,0xB0,0x39,0xB0,0x39,0xB0,
0x39,0xD1,0x39,0xB0,0x39,0xB0,0x39,0xB0,0x39,0xB0,0x39,0xB0,0x39,0xB0,0x39,0xB0,0x39,0xD1,0x31,0xB0,0x31,0xB0,0x39,0xB0,0x31,0xB0,0x31,0xB0,0x39,0xB0,0x41,0xF1,
0x31,0x90,0x31,0xB0,0x31,0xB0,0x31,0xB0,0x39,0xB0,0x31,0xB0,0x31,0xB0,0x31,0xB0,0x31,0xB0,0x31,0x90,0x31,0x90,0x31,0x90,0x31,0x90,0x31,0x90,0x31,0x8F,0x31,0x8F,
0x31,0x90,0x31,0xB0,0x31,0x90,0x31,0xB0,0x31,0xB0,0x31,0xB0,0x42,0x11,0x42,0x32,0x31,0x8F,0x31,0x90,0x31,0x90,0x31,0x90,0x31,0x90,0x31,0x8F,0x31,0x90,0x31,0x90,
0x39,0x90,0x39,0x90,0x39,0x90,0x41,0xB1,0x49,0xF2,0x51,0xD2,0x8A,0xB7,0xEE,0x7E,0xFF,0xFF,0xD5,0x5D,0x59,0xEE,0x39,0xC7,0x39,0xC7,0x39,0xC6,0x39,0xC7,0x29,0x45,
0x00,0x00,0x00,0x00,0x00,0x00,0x00,0x00,0x00,0x00,0x00,0x00,0x00,0x00,0x00,0x00,0x00,0x00,0x00,0x00,0x00,0x00,0x00,0x00,0x00,0x00,0x00,0x00,0x00,0x00,0x00,0x00,
0x00,0x00,0x00,0x00,0x00,0x00,0x00,0x00,0x00,0x00,0x00,0x00,0x00,0x00,0x00,0x00,0x00,0x00,0x00,0x00,0x00,0x00,0x00,0x00,0x00,0x00,0x00,0x00,0x00,0x00,0x00,0x00,
0x39,0xC7,0x39,0xE7,0x39,0xC7,0x3A,0x07,0x41,0xE8,0x59,0x8E,0xD5,0x7D,0xFF,0xFF,0xEE,0x5E,0x92,0xD7,0x5A,0x13,0x49,0xF2,0x49,0xF3,0x49,0xF3,0x41,0xF2,0x41,0xF2,
0x41,0xF2,0x41,0xF2,0x41,0xF2,0x41,0xF2,0x41,0xF2,0x41,0xF2,0x41,0xF2,0x41,0xF2,0x41,0xD2,0x41,0xF2,0x41,0xF2,0x41,0xF2,0x6B,0x13,0x18,0xC6,0x10,0x85,0x10,0x85,
0x10,0x85,0x10,0x84,0x10,0x84,0x10,0x84,0x20,0x85,0x38,0xA5,0x48,0xA5,0xA0,0xE6,0xE1,0xA8,0xFB,0x8F,0xF2,0xED,0xD9,0x66,0xE1,0x66,0xE9,0xA7,0xF1,0xC8,0xF1,0xE8,
0xE9,0xC7,0xE1,0x87,0xD9,0x87,0xF3,0x0D,0xFB,0xAF,0xD9,0xA8,0x90,0xE6,0x38,0xC6,0x28,0xE7,0x21,0x08,0x21,0x4A,0x19,0xAD,0x23,0xB7,0x45,0x9D,0x86,0xFF,0x5E,0x3E,
0x35,0x7D,0x35,0xBE,0x35,0xFE,0x3E,0x1E,0x35,0xFE,0x35,0xDE,0x2D,0x7D,0x2D,0x5C,0x5E,0x5E,0x76,0xFF,0x3D,0x7D,0x1B,0x55,0x11,0xAD,0x11,0x6B,0x11,0x08,0x10,0xC7,
0x10,0xA6,0x10,0xA6,0x10,0xA6,0x10,0xA5,0x10,0xA5,0x10,0xA5,0x10,0xA6,0x10,0xA6,0x10,0xA6,0x10,0x85,0x10,0x85,0x10,0x85,0x10,0xA6,0x10,0xA6,0x10,0xA6,0x10,0xA6,
0x10,0xA6,0x10,0xA6,0x10,0xA5,0x10,0xA6,0x10,0xA6,0x10,0xA5,0x10,0xA5,0x10,0xA5,0x08,0x65,0x20,0xE8,0x6A,0xF4,0x41,0xF3,0x4A,0x14,0x4A,0x14,0x4A,0x13,0x4A,0x13,
0x4A,0x13,0x49,0xF3,0x49,0xF3,0x4A,0x13,0x49,0xF3,0x4A,0x13,0x4A,0x14,0x4A,0x34,0x4A,0x34,0x52,0x75,0x4A,0x75,0x4A,0xB5,0x4B,0x16,0x4B,0x97,0x4C,0x78,0x6E,0x5C,
0x54,0x38,0x5B,0x98,0x6B,0x79,0x7B,0x59,0xBC,0xDC,0x7B,0x18,0x72,0xF9,0x6A,0x98,0xB4,0x1C,0x8B,0xBA,0x53,0x58,0x5C,0xDA,0x76,0x9C,0x44,0x97,0x44,0x57,0x55,0x59,
0x66,0x9D,0x44,0x98,0x44,0x57,0x4D,0x7A,0x66,0x3C,0x4B,0xF9,0x53,0x59,0x94,0x3A,0x9C,0x1C,0x62,0x99,0x62,0xB9,0x83,0x1A,0xB4,0x1C,0x72,0x37,0x82,0x97,0x82,0x56,
0xCB,0xD9,0xBB,0x37,0x9A,0x56,0x9A,0x76,0x91,0xF4,0xD3,0x78,0xB2,0x74,0x81,0xD2,0x72,0x13,0x69,0xF3,0x62,0x13,0x5A,0x13,0x52,0x13,0x52,0x13,0x4A,0x13,0x4A,0x13,
0x4A,0x54,0x52,0x74,0x4A,0x13,0x4A,0x13,0x4A,0x33,0x4A,0x13,0x4A,0x33,0x4A,0x33,0x4A,0x13,0x4A,0x33,0x4A,0x54,0x4A,0x13,0x4A,0x33,0x4A,0x33,0x42,0x13,0x4A,0x33,
0x52,0x75,0x4A,0x54,0x42,0x13,0x4A,0x13,0x4A,0x13,0x4A,0x13,0x4A,0x13,0x4A,0x13,0x42,0x13,0x42,0x13,0x4A,0x54,0x4A,0x33,0x4A,0x13,0x4A,0x13,0x4A,0x13,0x4A,0x13,
0x4A,0x13,0x4A,0x13,0x4A,0x13,0x4A,0x13,0x4A,0x13,0x4A,0x13,0x42,0x13,0x4A,0x33,0x4A,0x33,0x4A,0x33,0x4A,0x33,0x4A,0x33,0x4A,0x13,0x42,0x13,0x42,0x13,0x4A,0x13,
0x4A,0x54,0x42,0x13,0x42,0x13,0x42,0x13,0x42,0x13,0x42,0x13,0x4A,0x13,0x4A,0x33,0x42,0x13,0x42,0x13,0x42,0x33,0x4A,0x53,0x42,0x12,0x42,0x13,0x4A,0x13,0x52,0x54,
0x41,0xF2,0x42,0x12,0x41,0xF2,0x41,0xF3,0x41,0xF2,0x41,0xF2,0x42,0x12,0x41,0xF2,0x41,0xF2,0x42,0x13,0x41,0xF2,0x41,0xF2,0x41,0xF2,0x41,0xF2,0x41,0xF2,0x41,0xD2,
0x41,0xF2,0x41,0xF2,0x41,0xF2,0x41,0xF2,0x41,0xF2,0x41,0xF2,0x41,0xF2,0x41,0xF2,0x41,0xF2,0x41,0xF2,0x41,0xF2,0x41,0xF2,0x41,0xF2,0x41,0xF2,0x41,0xD2,0x41,0xF2,
0x41,0xF2,0x41,0xF2,0x49,0xF3,0x52,0x13,0x4A,0x13,0x5A,0x13,0x8A,0xD7,0xEE,0x7E,0xFF,0xFF,0xD5,0x5C,0x59,0xEE,0x39,0xC7,0x39,0xC7,0x31,0xC7,0x39,0xC7,0x29,0x45,
0x00,0x00,0x00,0x00,0x00,0x00,0x00,0x00,0x00,0x00,0x00,0x00,0x00,0x00,0x00,0x00,0x00,0x00,0x00,0x00,0x00,0x00,0x00,0x00,0x00,0x00,0x00,0x00,0x00,0x00,0x00,0x00,
0x00,0x00,0x00,0x00,0x00,0x00,0x00,0x00,0x00,0x00,0x00,0x00,0x00,0x00,0x00,0x00,0x00,0x00,0x00,0x00,0x00,0x00,0x00,0x00,0x00,0x00,0x00,0x00,0x00,0x00,0x00,0x00,
0x39,0xC7,0x39,0xE7,0x39,0xC7,0x3A,0x07,0x3A,0x08,0x59,0x8E,0xD5,0x7D,0xFF,0xFF,0xEE,0x5E,0x92,0xD7,0x6A,0x75,0x5A,0x75,0x5A,0x75,0x52,0x75,0x52,0x55,0x52,0x55,
0x52,0x55,0x52,0x55,0x52,0x54,0x52,0x54,0x4A,0x54,0x4A,0x54,0x52,0x54,0x52,0x54,0x52,0x54,0x52,0x54,0x52,0x54,0x52,0x54,0x73,0x34,0x18,0xE7,0x10,0xA5,0x10,0xA5,
0x10,0xA5,0x10,0x85,0x10,0xA5,0x18,0xA5,0x20,0xA5,0x28,0xA5,0x40,0xC6,0x60,0xA5,0xB1,0x26,0xD9,0xA8,0xFB,0x2E,0xFB,0x4E,0xEA,0x6A,0xE1,0xE8,0xE1,0xC8,0xE1,0xC8,
0xE1,0xE8,0xEA,0x6B,0xFB,0x8F,0xF3,0x6E,0xD9,0xC8,0xA9,0x27,0x50,0xC6,0x30,0xE6,0x28,0xC6,0x20,0xE7,0x21,0x29,0x21,0x8B,0x1A,0x0F,0x2C,0x39,0x45,0xBD,0x7E,0xDF,
0x6E,0x9E,0x45,0xDD,0x35,0x9D,0x2D,0x7D,0x35,0x7C,0x35,0x7C,0x45,0xDD,0x6E,0xBF,0x6E,0xBF,0x35,0x5D,0x23,0xD7,0x1A,0x0F,0x19,0xAC,0x19,0x4A,0x19,0x08,0x18,0xE7,
0x18,0xC6,0x18,0xC6,0x18,0xC6,0x18,0xC6,0x18,0xC6,0x18,0xC6,0x18,0xC6,0x18,0xC6,0x18,0xC6,0x18,0xA6,0x18,0xC6,0x18,0xC6,0x18,0xC6,0x18,0xC6,0x18,0xC6,0x18,0xC6,
0x18,0xC6,0x18,0xC6,0x18,0xC6,0x18,0xC6,0x18,0xC6,0x18,0xC6,0x18,0xC6,0x18,0xC6,0x10,0xA6,0x21,0x08,0x73,0x35,0x52,0x55,0x5A,0x96,0x5A,0x96,0x5A,0x96,0x5A,0x76,
0x5A,0x96,0x5A,0x76,0x5A,0x76,0x5A,0x76,0x5A,0x76,0x5A,0x76,0x5A,0x96,0x5A,0xB6,0x5A,0xB6,0x5A,0xD7,0x5B,0x17,0x5B,0x78,0x5B,0xD8,0x54,0x39,0x6E,0x1C,0x6D,0x9B,
0x5B,0xF9,0x63,0xD9,0x6B,0x39,0xA4,0x5B,0xAC,0x5B,0x7B,0x19,0x7B,0x5A,0x83,0x19,0xC4,0x9D,0x7B,0x99,0x5B,0x98,0x6D,0x5B,0x76,0x7C,0x4C,0xB9,0x54,0x98,0x5D,0xBA,
0x6E,0xBD,0x44,0xB8,0x4C,0x98,0x55,0x9A,0x76,0x9D,0x5C,0x7A,0x63,0xFA,0x8C,0x3B,0xAC,0x9C,0x6A,0xD9,0x6A,0xFA,0x72,0xBA,0xB4,0x5D,0x8A,0xF8,0x82,0xD8,0x8A,0xB8,
0xB3,0x58,0xDC,0x1A,0xA2,0xB7,0x9A,0xD7,0x9A,0x97,0xAA,0x96,0xDB,0xB9,0xA2,0x34,0x8A,0x75,0x82,0x75,0x72,0x96,0x6A,0x95,0x62,0x95,0x62,0xB6,0x62,0xB6,0x5A,0xB6,
0x5A,0xD6,0x5A,0xD6,0x5A,0x96,0x5A,0x96,0x5A,0x96,0x5A,0x96,0x5A,0x96,0x5A,0x96,0x5A,0xB6,0x5A,0xB6,0x5A,0x96,0x5A,0x96,0x5A,0x96,0x5A,0x96,0x5A,0x96,0x5A,0xB6,
0x5A,0xD6,0x5A,0xB6,0x5A,0x96,0x5A,0x95,0x5A,0x95,0x5A,0x95,0x5A,0x95,0x5A,0x95,0x5A,0x76,0x5A,0x76,0x52,0x75,0x52,0x75,0x52,0x75,0x5A,0x95,0x5A,0x96,0x52,0x96,
0x5A,0x96,0x5A,0x96,0x5A,0x95,0x5A,0x95,0x5A,0x95,0x52,0x95,0x52,0x95,0x5A,0x96,0x52,0x95,0x52,0x95,0x52,0x95,0x52,0x95,0x5A,0x95,0x52,0x95,0x52,0x95,0x52,0x96,
0x52,0x95,0x52,0x95,0x52,0x95,0x52,0x95,0x52,0x95,0x52,0x96,0x52,0x96,0x52,0x96,0x52,0x95,0x52,0x75,0x52,0x75,0x52,0x95,0x52,0x75,0x52,0x75,0x52,0x75,0x52,0x55,
0x52,0x75,0x52,0x75,0x52,0x75,0x52,0x75,0x52,0x75,0x52,0x75,0x52,0x75,0x52,0x75,0x52,0x75,0x52,0x75,0x52,0x75,0x52,0x75,0x52,0x75,0x52,0x75,0x52,0x55,0x52,0x55,
0x52,0x55,0x52,0x55,0x52,0x55,0x52,0x55,0x4A,0x75,0x52,0x55,0x52,0x55,0x52,0x55,0x4A,0x55,0x4A,0x54,0x52,0x54,0x4A,0x54,0x4A,0x54,0x4A,0x55,0x52,0x55,0x52,0x55,
0x52,0x75,0x52,0x75,0x5A,0x75,0x5A,0x75,0x5A,0x75,0x62,0x75,0x8A,0xD7,0xEE,0x5E,0xFF,0xFF,0xD5,0x7C,0x59,0xEE,0x39,0xC7,0x39,0xC7,0x39,0xC7,0x39,0xC7,0x29,0x45,
0x00,0x00,0x00,0x00,0x00,0x00,0x00,0x00,0x00,0x00,0x00,0x00,0x00,0x00,0x00,0x00,0x00,0x00,0x00,0x00,0x00,0x00,0x00,0x00,0x00,0x00,0x00,0x00,0x00,0x00,0x00,0x00,
0x00,0x00,0x00,0x00,0x00,0x00,0x00,0x00,0x00,0x00,0x00,0x00,0x00,0x00,0x00,0x00,0x00,0x00,0x00,0x00,0x00,0x00,0x00,0x00,0x00,0x00,0x00,0x00,0x00,0x00,0x00,0x00,
0x39,0xC7,0x39,0xE7,0x39,0xE7,0x39,0xE7,0x41,0xE8,0x59,0x8E,0xD5,0x7D,0xFF,0xFF,0xE6,0x5E,0x92,0xD7,0x7A,0xF7,0x73,0x38,0x73,0x18,0x73,0x18,0x6B,0x18,0x6B,0x18,
0x6A,0xF7,0x6A,0xF7,0x6A,0xF7,0x6A,0xF7,0x6A,0xF7,0x6B,0x17,0x6B,0x17,0x6B,0x17,0x6B,0x17,0x6B,0x17,0x6B,0x17,0x6B,0x17,0x7B,0x54,0x20,0xE7,0x18,0xC6,0x18,0xC6,
0x18,0xC6,0x18,0xC6,0x18,0xC6,0x18,0xC6,0x20,0xC6,0x28,0xC6,0x30,0xC6,0x40,0xC6,0x60,0xC5,0xA1,0x06,0xD1,0x67,0xEA,0x6B,0xFB,0x6F,0xFB,0xB0,0xFB,0xAF,0xFB,0xAF,
0xFB,0xAF,0xFB,0x6E,0xEA,0x4A,0xD1,0x67,0xA1,0x26,0x58,0xE6,0x40,0xE6,0x30,0xE6,0x28,0xE6,0x21,0x07,0x21,0x28,0x21,0x6A,0x21,0xAC,0x22,0x2F,0x2B,0xD7,0x3D,0x1C,
0x5E,0x3E,0x76,0xBF,0x6E,0xDF,0x66,0x9E,0x6E,0xBE,0x76,0xFF,0x76,0xFF,0x56,0x3E,0x35,0x1C,0x23,0x95,0x1A,0x0E,0x21,0xCC,0x21,0x8B,0x21,0x49,0x21,0x28,0x21,0x07,
0x21,0x07,0x20,0xE7,0x21,0x07,0x20,0xE7,0x21,0x07,0x21,0x07,0x21,0x07,0x20,0xE7,0x20,0xE7,0x21,0x07,0x21,0x07,0x20,0xE7,0x20,0xE7,0x21,0x07,0x21,0x07,0x21,0x07,
0x21,0x07,0x21,0x07,0x21,0x07,0x20,0xE7,0x21,0x07,0x20,0xE7,0x21,0x07,0x20,0xE7,0x18,0xC6,0x29,0x49,0x7B,0x76,0x6A,0xF7,0x73,0x38,0x7B,0x58,0x7B,0x59,0x7B,0x59,
0x7B,0x59,0x73,0x59,0x73,0x59,0x73,0x59,0x73,0x59,0x73,0x59,0x73,0x59,0x73,0x79,0x73,0x99,0x73,0x99,0x6B,0xBA,0x6C,0x1A,0x6C,0x7A,0x6D,0x7B,0x8E,0x9D,0x74,0xDA,
0x84,0x7B,0x84,0x3B,0x8B,0xFA,0xCD,0x5D,0x9C,0x1B,0x93,0xDB,0x8B,0xDB,0xA3,0xFB,0xC4,0xFD,0x7B,0xDA,0x6C,0x3A,0x7E,0x1C,0x7E,0x5D,0x6D,0x1B,0x6D,0x1A,0x76,0x1C,
0x7E,0xBD,0x65,0x1A,0x65,0x1A,0x6D,0xDB,0x86,0xFD,0x75,0x1B,0x7C,0x9B,0x94,0x5B,0xC5,0x3D,0x8B,0x9B,0x83,0x9B,0x7B,0x3B,0xB4,0x5C,0xB4,0x1B,0x93,0x39,0x9B,0x7A,
0xA3,0x39,0xDC,0x3B,0xC3,0x79,0xAB,0x39,0xAB,0x39,0xA2,0xB8,0xCB,0x59,0xD3,0x99,0xA2,0xD7,0x9B,0x38,0x93,0x58,0x8B,0x58,0x83,0x78,0x83,0x79,0x83,0x79,0x7B,0x79,
0x7B,0x79,0x73,0x59,0x73,0x79,0x73,0x59,0x73,0x59,0x7B,0x59,0x7B,0x79,0x7B,0x79,0x7B,0x79,0x7B,0x79,0x7B,0x79,0x7B,0x79,0x7B,0x79,0x7B,0x79,0x7B,0x79,0x73,0x79,
0x73,0x79,0x73,0x79,0x73,0x79,0x73,0x79,0x7B,0x79,0x73,0x59,0x73,0x78,0x73,0x58,0x73,0x58,0x73,0x59,0x73,0x58,0x73,0x59,0x73,0x59,0x73,0x59,0x73,0x58,0x73,0x58,
0x73,0x58,0x73,0x59,0x73,0x59,0x73,0x59,0x73,0x59,0x73,0x79,0x73,0x79,0x73,0x59,0x73,0x59,0x73,0x59,0x73,0x59,0x73,0x59,0x73,0x59,0x73,0x58,0x73,0x58,0x73,0x58,
0x73,0x58,0x73,0x58,0x73,0x58,0x73,0x59,0x73,0x58,0x73,0x59,0x73,0x58,0x6B,0x58,0x6B,0x58,0x6B,0x38,0x6B,0x38,0x6B,0x38,0x6B,0x38,0x73,0x38,0x73,0x58,0x73,0x38,
0x6B,0x38,0x6B,0x38,0x6B,0x38,0x6B,0x38,0x6B,0x38,0x6B,0x38,0x6B,0x38,0x6B,0x38,0x6B,0x38,0x6B,0x38,0x6B,0x38,0x6B,0x38,0x6B,0x38,0x6B,0x38,0x6B,0x18,0x6B,0x18,
0x6B,0x18,0x6B,0x18,0x6B,0x18,0x6B,0x18,0x6B,0x18,0x6B,0x18,0x6B,0x18,0x6B,0x18,0x6B,0x17,0x6B,0x18,0x6B,0x18,0x6B,0x18,0x6B,0x18,0x6B,0x18,0x6B,0x18,0x6B,0x18,
0x6B,0x38,0x6B,0x38,0x73,0x38,0x73,0x38,0x73,0x38,0x72,0xF8,0x8A,0xD7,0xEE,0x5E,0xFF,0xFF,0xD5,0x7D,0x59,0xEE,0x39,0xC7,0x39,0xC7,0x39,0xC7,0x39,0xC7,0x29,0x45,
0x00,0x00,0x00,0x00,0x00,0x00,0x00,0x00,0x00,0x00,0x00,0x00,0x00,0x00,0x00,0x00,0x00,0x00,0x00,0x00,0x00,0x00,0x00,0x00,0x00,0x00,0x00,0x00,0x00,0x00,0x00,0x00,
0x00,0x00,0x00,0x00,0x00,0x00,0x00,0x00,0x00,0x00,0x00,0x00,0x00,0x00,0x00,0x00,0x00,0x00,0x00,0x00,0x00,0x00,0x00,0x00,0x00,0x00,0x00,0x00,0x00,0x00,0x00,0x00,
0x39,0xC7,0x39,0xE7,0x39,0xE7,0x39,0xE7,0x41,0xE8,0x51,0x8E,0xD5,0x7D,0xFF,0xFF,0xEE,0x5E,0x92,0xD7,0x8B,0x59,0x8B,0xDA,0x8B,0xDA,0x8B,0xDA,0x8B,0xDA,0x8B,0xDA,
0x83,0xDA,0x8B,0xDA,0x8B,0xDA,0x8B,0xDA,0x83,0xDA,0x8B,0xFA,0x83,0xDA,0x8B,0xFA,0x8B,0xFA,0x8B,0xFA,0x8B,0xFA,0x8B,0xDA,0x83,0x75,0x21,0x07,0x18,0xE6,0x20,0xE7,
0x20,0xE7,0x20,0xE6,0x20,0xE6,0x20,0xE6,0x20,0xE6,0x28,0xE6,0x28,0xE6,0x38,0xE6,0x48,0xE6,0x58,0xE5,0x81,0x05,0xB1,0x26,0xD1,0x88,0xE2,0x09,0xEA,0x6B,0xEA,0x6A,
0xE1,0xE8,0xD1,0x66,0xB1,0x26,0x81,0x26,0x51,0x06,0x41,0x06,0x39,0x07,0x31,0x06,0x29,0x07,0x29,0x07,0x21,0x48,0x29,0x69,0x29,0xAB,0x29,0xCC,0x22,0x0E,0x23,0x13,
0x24,0x18,0x2C,0xDB,0x3D,0x9D,0x4D,0xFE,0x56,0x1E,0x4D,0xDE,0x3D,0x3C,0x2C,0x59,0x23,0x12,0x21,0xED,0x29,0xCB,0x29,0x8A,0x29,0x69,0x29,0x49,0x29,0x48,0x29,0x28,
0x29,0x27,0x29,0x27,0x29,0x27,0x29,0x27,0x29,0x27,0x29,0x27,0x29,0x27,0x29,0x27,0x29,0x28,0x29,0x27,0x29,0x27,0x29,0x28,0x29,0x27,0x29,0x27,0x29,0x28,0x29,0x27,
0x29,0x27,0x29,0x27,0x29,0x28,0x29,0x27,0x29,0x28,0x29,0x28,0x29,0x28,0x29,0x28,0x21,0x07,0x31,0x69,0x8B,0xD7,0x8B,0xD9,0x93,0xFA,0x94,0x1A,0x94,0x3B,0x9C,0x3B,
0x9C,0x3B,0x9C,0x3B,0x9C,0x3B,0x9C,0x5B,0x9C,0x5B,0x94,0x5B,0x9C,0x5B,0x94,0x7B,0x94,0x7C,0x94,0x9C,0x94,0xBC,0x8C,0xFC,0x85,0x3C,0x96,0xBE,0x8D,0xBC,0x9C,0xFD,
0x9C,0xFD,0x9C,0x9C,0xBC,0xFD,0xD5,0x5D,0xA4,0x1C,0xA4,0x7C,0xA4,0x5C,0xCC,0xFD,0xC5,0x1D,0x94,0x7C,0x84,0xFC,0x8E,0x9E,0x86,0x1D,0x7D,0x5C,0x85,0x7C,0x86,0x5D,
0x8E,0xDD,0x7D,0x7B,0x85,0x7C,0x86,0x1C,0x97,0x1E,0x8D,0x7C,0x95,0x3D,0x9C,0xDC,0xD5,0x9E,0xAC,0x7D,0xA4,0x5D,0xA4,0x3D,0xB4,0x7D,0xD5,0x1D,0xAC,0x1C,0xB4,0x5C,
0xBC,0x1C,0xD3,0xFB,0xE4,0x1C,0xC3,0xBB,0xC3,0xFB,0xC3,0xDB,0xBB,0x39,0xE4,0x5B,0xD3,0xFA,0xC3,0xFA,0xBC,0x3B,0xAC,0x3B,0xA4,0x5B,0xA4,0x5B,0xA4,0x5B,0x9C,0x5B,
0x9C,0x5B,0x9C,0x5C,0x9C,0x5B,0x9C,0x3B,0x9C,0x5B,0x9C,0x5B,0x9C,0x5B,0x9C,0x5B,0x9C,0x5B,0x9C,0x3B,0x9C,0x3B,0x9C,0x3B,0x9C,0x3B,0x9C,0x5B,0x94,0x5B,0x9C,0x5B,
0x9C,0x5B,0x9C,0x3B,0x9C,0x3B,0x9C,0x3B,0x9C,0x3B,0x9C,0x3B,0x9C,0x3B,0x9C,0x3B,0x9C,0x5B,0x9C,0x5B,0x9C,0x5B,0x9C,0x5B,0x9C,0x3B,0x9C,0x3B,0x94,0x3B,0x94,0x3B,
0x94,0x3B,0x94,0x3B,0x94,0x3B,0x94,0x3B,0x94,0x3B,0x94,0x3B,0x94,0x3B,0x94,0x3B,0x94,0x3B,0x94,0x3B,0x94,0x3B,0x94,0x3B,0x94,0x3B,0x94,0x3B,0x94,0x3B,0x94,0x3B,
0x94,0x3B,0x94,0x3B,0x94,0x1B,0x94,0x3B,0x94,0x3B,0x94,0x1B,0x94,0x1B,0x94,0x1B,0x94,0x1B,0x94,0x1B,0x94,0x1B,0x94,0x1B,0x94,0x1B,0x94,0x1B,0x94,0x1B,0x94,0x1B,
0x94,0x1B,0x94,0x1B,0x94,0x1B,0x94,0x1B,0x93,0xFB,0x94,0x1B,0x94,0x1B,0x94,0x1B,0x94,0x1B,0x94,0x1B,0x93,0xFB,0x94,0x1B,0x94,0x1B,0x94,0x1B,0x94,0x1B,0x93,0xFB,
0x93,0xFB,0x93,0xFB,0x94,0x1B,0x94,0x1B,0x94,0x1B,0x8C,0x1B,0x8B,0xFB,0x8B,0xFA,0x8B,0xFA,0x8B,0xFA,0x8B,0xFA,0x8B,0xFA,0x8B,0xFA,0x8B,0xFA,0x8B,0xFA,0x8C,0x1A,
0x8B,0xFB,0x94,0x1B,0x94,0x1B,0x93,0xFA,0x94,0x1B,0x8B,0x79,0x8A,0xD7,0xEE,0x7E,0xFF,0xFF,0xD5,0x7D,0x59,0xCE,0x39,0xC7,0x39,0xC7,0x31,0xA6,0x39,0xC7,0x29,0x45,
0x00,0x00,0x00,0x00,0x00,0x00,0x00,0x00,0x00,0x00,0x00,0x00,0x00,0x00,0x00,0x00,0x00,0x00,0x00,0x00,0x00,0x00,0x00,0x00,0x00,0x00,0x00,0x00,0x00,0x00,0x00,0x00,
0x00,0x00,0x00,0x00,0x00,0x00,0x00,0x00,0x00,0x00,0x00,0x00,0x00,0x00,0x00,0x00,0x00,0x00,0x00,0x00,0x00,0x00,0x00,0x00,0x00,0x00,0x00,0x00,0x00,0x00,0x00,0x00,
0x39,0xC7,0x39,0xE7,0x39,0xC7,0x39,0xE7,0x39,0xE8,0x51,0x8E,0xD5,0x7D,0xFF,0xFF,0xEE,0x5E,0x92,0xD7,0x72,0x96,0x6A,0xB6,0x62,0x96,0x62,0x96,0x62,0x96,0x62,0x96,
0x62,0x95,0x62,0x96,0x62,0x95,0x62,0x95,0x62,0xB6,0x62,0x96,0x5A,0x96,0x5A,0xB6,0x62,0xB6,0x62,0xB6,0x62,0x96,0x5A,0x95,0x73,0x13,0x18,0xC6,0x10,0xA5,0x18,0xA5,
0x18,0xA6,0x18,0xA5,0x18,0xA5,0x18,0xA5,0x18,0xA5,0x18,0xA5,0x20,0xA5,0x28,0xA5,0x30,0xC5,0x40,0xE5,0x49,0x05,0x61,0x25,0x79,0x45,0x91,0x86,0xA1,0x86,0xA1,0x66,
0x99,0x65,0x81,0x65,0x59,0x45,0x49,0x25,0x39,0x06,0x30,0xC5,0x28,0xC5,0x20,0xA5,0x18,0xA6,0x18,0xC6,0x18,0xE7,0x18,0xE7,0x19,0x28,0x19,0x69,0x21,0xAA,0x21,0xCB,
0x1A,0x0D,0x1A,0xD1,0x1B,0x74,0x23,0xB6,0x23,0xB6,0x23,0x94,0x23,0x12,0x22,0x4E,0x21,0xEC,0x21,0xAB,0x21,0x49,0x19,0x08,0x18,0xE7,0x18,0xC7,0x18,0xC6,0x18,0xC6,
0x18,0xC6,0x18,0xC6,0x18,0xC6,0x18,0xC6,0x18,0xC6,0x18,0xC6,0x18,0xC6,0x18,0xC6,0x18,0xC6,0x18,0xC6,0x18,0xC6,0x18,0xC6,0x18,0xC6,0x18,0xC6,0x18,0xC6,0x18,0xC6,
0x18,0xC6,0x18,0xC6,0x18,0xC6,0x18,0xC6,0x18,0xC6,0x18,0xC6,0x18,0xE7,0x18,0xE7,0x18,0xA6,0x29,0x28,0x7B,0x35,0x5A,0x95,0x62,0xB6,0x62,0xB6,0x6A,0xB6,0x6A,0xD6,
0x62,0xD6,0x62,0xD6,0x6A,0xD6,0x6A,0xD7,0x6A,0xF7,0x6A,0xF7,0x6B,0x17,0x6B,0x17,0x63,0x37,0x63,0x57,0x63,0xB8,0x5B,0xF9,0x6D,0xBC,0x76,0x3C,0x5C,0x19,0x73,0xDA,
0x7B,0xDA,0x83,0x59,0xC4,0xFC,0x9B,0xDA,0x7B,0x19,0x83,0x59,0x83,0x39,0xC4,0xDC,0x9C,0x5B,0x6B,0xF9,0x64,0x7A,0x76,0x9D,0x55,0x39,0x4C,0x99,0x54,0x79,0x6D,0xFC,
0x76,0x9C,0x4C,0x98,0x5C,0xB9,0x65,0x7A,0x86,0xFD,0x64,0xB9,0x6C,0x1A,0x73,0x99,0xBC,0xFC,0x93,0xFA,0x73,0x3A,0x7B,0x3A,0x83,0x1A,0xC4,0xDD,0x93,0x7A,0x8B,0x19,
0x8A,0xF9,0x9A,0xB8,0xDB,0xDB,0xAA,0xB7,0x9A,0xD8,0x9A,0xF8,0x9A,0x97,0xBA,0xD6,0xE4,0x7B,0xAA,0xD6,0xA2,0xF7,0x92,0xF7,0x82,0xF7,0x7A,0xF7,0x72,0xD7,0x72,0xD7,
0x6A,0xD7,0x6A,0xB7,0x6A,0xB6,0x6A,0xB6,0x6A,0xB6,0x62,0xB7,0x6A,0xB7,0x62,0xB7,0x62,0xB7,0x62,0xB7,0x62,0xB6,0x62,0xB6,0x62,0xB6,0x62,0xB6,0x62,0xB6,0x62,0xD6,
0x62,0xB6,0x62,0xB6,0x62,0xB6,0x62,0xB7,0x62,0xB6,0x62,0xB6,0x62,0xB6,0x62,0xB6,0x62,0xB6,0x62,0xB6,0x62,0xB6,0x62,0xB6,0x62,0xB6,0x62,0x96,0x62,0xB6,0x62,0xB6,
0x62,0xB6,0x62,0xB6,0x62,0xB6,0x62,0xB6,0x62,0xB6,0x62,0xB6,0x62,0xB6,0x62,0xB6,0x62,0xB6,0x62,0xB6,0x62,0xB6,0x62,0xB6,0x62,0xB6,0x62,0xB6,0x62,0xB6,0x62,0xB6,
0x62,0xB6,0x62,0xB6,0x62,0xB6,0x62,0xB6,0x62,0xB6,0x62,0x96,0x62,0xB6,0x62,0xB6,0x62,0xB6,0x62,0x96,0x5A,0x96,0x5A,0x96,0x62,0x96,0x62,0x96,0x62,0x96,0x62,0x96,
0x62,0x96,0x62,0x96,0x62,0xB6,0x62,0x96,0x62,0x96,0x62,0x96,0x62,0x96,0x62,0x96,0x62,0x96,0x62,0x96,0x62,0x96,0x62,0x96,0x62,0x96,0x62,0x96,0x62,0x96,0x62,0x96,
0x62,0x96,0x62,0x96,0x62,0x96,0x62,0x96,0x62,0xB6,0x62,0x96,0x62,0x96,0x62,0x96,0x62,0x96,0x62,0x96,0x62,0x96,0x62,0x96,0x62,0x96,0x62,0x96,0x62,0x96,0x62,0xB6,
0x62,0xB6,0x62,0xB6,0x6A,0xB6,0x6A,0xB6,0x6A,0xB7,0x72,0x96,0x92,0xD8,0xEE,0x7F,0xFF,0xFF,0xD5,0x7D,0x59,0xCE,0x39,0xC7,0x39,0xC7,0x31,0xA6,0x39,0xC7,0x29,0x45,
0x00,0x00,0x00,0x00,0x00,0x00,0x00,0x00,0x00,0x00,0x00,0x00,0x00,0x00,0x00,0x00,0x00,0x00,0x00,0x00,0x00,0x00,0x00,0x00,0x00,0x00,0x00,0x00,0x00,0x00,0x00,0x00,
0x00,0x00,0x00,0x00,0x00,0x00,0x00,0x00,0x00,0x00,0x00,0x00,0x00,0x00,0x00,0x00,0x00,0x00,0x00,0x00,0x00,0x00,0x00,0x00,0x00,0x00,0x00,0x00,0x00,0x00,0x00,0x00,
0x31,0xC6,0x39,0xE7,0x39,0xC7,0x39,0xE7,0x39,0xE8,0x51,0x8E,0xD5,0x7D,0xFF,0xFF,0xEE,0x5F,0x92,0xD7,0x62,0x35,0x52,0x14,0x52,0x14,0x52,0x13,0x49,0xF3,0x49,0xF3,
0x49,0xF3,0x4A,0x13,0x49,0xF3,0x4A,0x13,0x4A,0x13,0x4A,0x13,0x4A,0x13,0x4A,0x13,0x4A,0x13,0x4A,0x13,0x4A,0x13,0x4A,0x13,0x6A,0xD2,0x18,0xA5,0x08,0x64,0x10,0x85,
0x10,0x85,0x10,0x85,0x10,0x84,0x10,0x84,0x10,0x84,0x10,0x84,0x18,0x84,0x20,0x84,0x28,0xC4,0x30,0xE4,0x41,0x24,0x49,0x64,0x59,0xA5,0x61,0xE5,0x61,0xE5,0x61,0xE5,
0x61,0xC5,0x59,0xC5,0x49,0x85,0x41,0x45,0x39,0x05,0x28,0xE5,0x20,0xA5,0x18,0xA5,0x18,0xA5,0x10,0xA5,0x10,0xA6,0x10,0xC6,0x10,0xE6,0x11,0x27,0x19,0x68,0x19,0xA9,
0x21,0xE9,0x22,0x2A,0x22,0x6B,0x22,0x8C,0x22,0x6C,0x1A,0x6B,0x1A,0x2B,0x1A,0x0A,0x19,0xCA,0x11,0x69,0x11,0x08,0x10,0xC7,0x10,0xA6,0x10,0xA5,0x10,0x85,0x10,0x85,
0x10,0x85,0x10,0x85,0x10,0x85,0x10,0x85,0x10,0xA5,0x10,0x85,0x10,0x85,0x10,0xA5,0x10,0x85,0x10,0xA5,0x10,0xA5,0x10,0x85,0x10,0xA5,0x10,0xA5,0x10,0xA5,0x10,0x85,
0x10,0xA5,0x10,0x85,0x10,0x85,0x10,0x85,0x10,0xA5,0x10,0xA5,0x10,0xA5,0x10,0xA5,0x10,0x85,0x29,0x08,0x73,0x14,0x41,0xF2,0x42,0x13,0x4A,0x13,0x4A,0x13,0x42,0x13,
0x4A,0x13,0x4A,0x13,0x4A,0x14,0x4A,0x14,0x4A,0x34,0x4A,0x54,0x4A,0x54,0x4A,0x74,0x42,0x94,0x42,0xF5,0x43,0x56,0x44,0x58,0x6E,0xBD,0x3C,0x57,0x4B,0x57,0x5B,0x17,
0x62,0xF8,0x8B,0x59,0xCC,0xFC,0x6A,0x97,0x62,0x97,0x62,0x77,0x72,0xB8,0xCD,0x1D,0x73,0x99,0x5B,0xB9,0x54,0x79,0x6E,0xBD,0x3C,0xB7,0x3C,0x57,0x34,0x16,0x55,0xFA,
0x66,0x7B,0x3C,0x56,0x44,0x36,0x44,0xD8,0x76,0xDD,0x54,0x98,0x53,0x98,0x52,0xF8,0xA4,0x7B,0x9C,0x1A,0x5A,0x78,0x62,0xB8,0x5A,0x37,0xAC,0x3B,0xA3,0xDA,0x6A,0x17,
0x7A,0x56,0x79,0xF4,0xC3,0x59,0xC3,0x58,0x81,0xF3,0x8A,0x34,0x8A,0x54,0x89,0xD3,0xD3,0xD8,0xCB,0xD8,0x91,0xF3,0x82,0x34,0x72,0x14,0x62,0x14,0x59,0xF4,0x51,0xF4,
0x51,0xF4,0x49,0xF3,0x49,0xF3,0x49,0xF4,0x49,0xF4,0x49,0xF4,0x49,0xF4,0x4A,0x14,0x4A,0x14,0x4A,0x14,0x49,0xF4,0x4A,0x14,0x4A,0x14,0x4A,0x14,0x4A,0x14,0x4A,0x14,
0x4A,0x13,0x4A,0x14,0x4A,0x14,0x4A,0x14,0x4A,0x13,0x4A,0x13,0x4A,0x13,0x4A,0x13,0x4A,0x13,0x4A,0x14,0x49,0xF4,0x4A,0x13,0x49,0xF3,0x49,0xF3,0x4A,0x13,0x4A,0x13,
0x4A,0x13,0x4A,0x13,0x4A,0x13,0x4A,0x13,0x42,0x13,0x42,0x13,0x4A,0x13,0x49,0xF3,0x4A,0x13,0x4A,0x13,0x4A,0x13,0x4A,0x13,0x41,0xF3,0x4A,0x13,0x42,0x13,0x42,0x13,
0x4A,0x13,0x4A,0x13,0x4A,0x13,0x4A,0x13,0x41,0xF3,0x49,0xF3,0x49,0xF3,0x41,0xF3,0x41,0xF3,0x41,0xF3,0x41,0xF3,0x41,0xF3,0x41,0xF3,0x41,0xF3,0x41,0xF3,0x41,0xF3,
0x41,0xF3,0x41,0xF3,0x41,0xF3,0x41,0xF3,0x41,0xF3,0x41,0xF3,0x41,0xF3,0x41,0xF3,0x41,0xF3,0x41,0xF3,0x41,0xF3,0x41,0xF3,0x41,0xF3,0x41,0xF3,0x41,0xF3,0x41,0xF3,
0x41,0xF3,0x41,0xF3,0x41,0xF3,0x41,0xF3,0x41,0xF3,0x41,0xF3,0x41,0xF3,0x41,0xF3,0x41,0xF3,0x49,0xF3,0x49,0xF3,0x41,0xF3,0x41,0xF3,0x41,0xF3,0x49,0xF3,0x49,0xF3,
0x4A,0x13,0x4A,0x13,0x52,0x13,0x52,0x14,0x52,0x34,0x62,0x34,0x92,0xF8,0xEE,0x7F,0xFF,0xFF,0xD5,0x7D,0x59,0xCE,0x39,0xC7,0x39,0xC7,0x31,0xA6,0x39,0xC7,0x29,0x45,
0x00,0x00,0x00,0x00,0x00,0x00,0x00,0x00,0x00,0x00,0x00,0x00,0x00,0x00,0x00,0x00,0x00,0x00,0x00,0x00,0x00,0x00,0x00,0x00,0x00,0x00,0x00,0x00,0x00,0x00,0x00,0x00,
0x00,0x00,0x00,0x00,0x00,0x00,0x00,0x00,0x00,0x00,0x00,0x00,0x00,0x00,0x00,0x00,0x00,0x00,0x00,0x00,0x00,0x00,0x00,0x00,0x00,0x00,0x00,0x00,0x00,0x00,0x00,0x00,
0x31,0xA6,0x39,0xE7,0x39,0xC7,0x39,0xE7,0x39,0xE8,0x51,0x8E,0xD5,0x7D,0xFF,0xFF,0xEE,0x7F,0x92,0xD7,0x59,0xF3,0x41,0xB2,0x41,0xB2,0x41,0xB1,0x39,0xB1,0x39,0x91,
0x39,0x91,0x39,0x91,0x39,0x90,0x39,0x91,0x39,0x91,0x39,0xB1,0x39,0xB1,0x39,0xB1,0x39,0xB1,0x39,0xB1,0x39,0xB1,0x39,0x90,0x62,0xB1,0x10,0x84,0x08,0x64,0x08,0x64,
0x10,0x64,0x10,0x64,0x08,0x64,0x08,0x64,0x10,0x84,0x10,0x84,0x10,0x84,0x18,0xC3,0x28,0xE3,0x31,0x23,0x41,0x83,0x51,0xC4,0x59,0xE4,0x62,0x04,0x62,0x24,0x62,0x24,
0x62,0x04,0x59,0xE4,0x51,0xE5,0x49,0xA5,0x39,0x64,0x31,0x24,0x28,0xE4,0x18,0xC4,0x10,0xA4,0x10,0xA4,0x10,0xA5,0x10,0xC5,0x10,0xE5,0x11,0x25,0x11,0x86,0x19,0xE6,
0x1A,0x27,0x1A,0x48,0x22,0x89,0x22,0xC9,0x1A,0xC9,0x1A,0x88,0x1A,0x69,0x1A,0x48,0x1A,0x08,0x11,0x86,0x11,0x26,0x10,0xC5,0x08,0xA5,0x08,0x84,0x08,0x84,0x08,0x64,
0x08,0x64,0x08,0x64,0x08,0x64,0x10,0x84,0x08,0x84,0x10,0x64,0x10,0x64,0x08,0x84,0x08,0x84,0x08,0x84,0x10,0x84,0x10,0x84,0x10,0x84,0x10,0x84,0x10,0x84,0x10,0x84,
0x08,0x84,0x08,0x84,0x08,0x64,0x10,0x84,0x10,0x84,0x10,0x84,0x10,0x84,0x10,0x85,0x08,0x64,0x20,0xE7,0x6A,0xD2,0x31,0x8F,0x39,0xB1,0x31,0xB0,0x31,0x90,0x31,0xB0,
0x39,0xB0,0x39,0xB1,0x39,0xB1,0x39,0xD1,0x39,0xD1,0x39,0xF1,0x3A,0x11,0x3A,0x32,0x3A,0x72,0x3A,0xF3,0x2B,0x54,0x5E,0x1B,0x4D,0x79,0x33,0x14,0x3A,0xD5,0x4A,0x95,
0x5A,0x36,0xB4,0x1B,0xA3,0xBA,0x51,0xF6,0x52,0x15,0x51,0xF6,0x82,0xD8,0xC4,0xFC,0x5B,0x17,0x4B,0x57,0x4C,0xB9,0x66,0x9C,0x2C,0x15,0x2B,0xF5,0x23,0xB4,0x55,0xFA,
0x56,0x3B,0x2C,0x15,0x2B,0xD5,0x34,0x56,0x6E,0xBC,0x44,0x98,0x43,0x56,0x4A,0xB7,0x8B,0xD9,0xAC,0x5B,0x51,0xF6,0x52,0x36,0x51,0xD6,0x7A,0xD8,0xBC,0x7C,0x61,0xB6,
0x69,0xD5,0x69,0xB3,0x89,0xD3,0xDC,0x1A,0x91,0xD2,0x79,0xD1,0x79,0xD2,0x81,0xD2,0x91,0xD2,0xE4,0xBB,0xAA,0x53,0x81,0x91,0x71,0x91,0x61,0x91,0x51,0x91,0x41,0x91,
0x39,0x90,0x39,0x90,0x39,0x90,0x39,0x90,0x39,0x91,0x39,0x91,0x39,0x91,0x31,0x91,0x31,0x91,0x39,0xB1,0x31,0x91,0x39,0xB1,0x39,0xB1,0x39,0xB1,0x31,0x91,0x31,0xB1,
0x31,0x91,0x31,0x91,0x39,0x91,0x39,0xB1,0x39,0xB1,0x39,0xB1,0x31,0x91,0x31,0x91,0x39,0xB1,0x39,0xB1,0x39,0xB1,0x39,0xB1,0x39,0xB1,0x39,0xB1,0x39,0xB1,0x39,0xB1,
0x39,0xB1,0x39,0xB1,0x39,0xB1,0x39,0xB1,0x39,0xB1,0x39,0xB1,0x39,0xB1,0x39,0xB1,0x39,0x91,0x39,0x91,0x39,0xB1,0x39,0xB1,0x39,0xB1,0x39,0x91,0x39,0xB1,0x31,0xB1,
0x31,0xB1,0x39,0xB1,0x39,0xB1,0x39,0xB1,0x39,0x91,0x31,0x91,0x31,0xB1,0x31,0x91,0x31,0x91,0x31,0x91,0x31,0x91,0x39,0x91,0x31,0x90,0x31,0x90,0x31,0x90,0x31,0x90,
0x31,0x90,0x31,0x90,0x31,0x90,0x31,0x90,0x31,0x90,0x31,0x90,0x31,0x90,0x31,0x90,0x31,0x90,0x31,0x90,0x31,0x90,0x31,0x90,0x31,0x90,0x31,0x90,0x31,0x90,0x31,0x90,
0x31,0x90,0x31,0x90,0x31,0x90,0x31,0x90,0x31,0x90,0x31,0x70,0x31,0x90,0x31,0x90,0x31,0x90,0x31,0x90,0x31,0x90,0x31,0x90,0x31,0x90,0x31,0x90,0x39,0x90,0x39,0x90,
0x39,0xB1,0x39,0xB1,0x41,0xB1,0x41,0xD1,0x41,0xB1,0x59,0xF3,0x8A,0xD7,0xEE,0x7E,0xFF,0xFF,0xD5,0x7D,0x59,0xCE,0x39,0xC7,0x39,0xC7,0x31,0xA6,0x39,0xC7,0x29,0x45,
0x00,0x00,0x00,0x00,0x00,0x00,0x00,0x00,0x00,0x00,0x00,0x00,0x00,0x00,0x00,0x00,0x00,0x00,0x00,0x00,0x00,0x00,0x00,0x00,0x00,0x00,0x00,0x00,0x00,0x00,0x00,0x00,
0x00,0x00,0x00,0x00,0x00,0x00,0x00,0x00,0x00,0x00,0x00,0x00,0x00,0x00,0x00,0x00,0x00,0x00,0x00,0x00,0x00,0x00,0x00,0x00,0x00,0x00,0x00,0x00,0x00,0x00,0x00,0x00,
0x31,0xA6,0x39,0xC7,0x39,0xC7,0x39,0xE7,0x39,0xE8,0x51,0x8E,0xD5,0x7D,0xFF,0xFF,0xEE,0x5F,0x8A,0xD7,0x51,0xD2,0x39,0x70,0x39,0x70,0x39,0x6F,0x31,0x6F,0x31,0x4F,
0x31,0x4E,0x29,0x4E,0x29,0x4E,0x29,0x4E,0x29,0x4E,0x29,0x4E,0x29,0x4E,0x29,0x4E,0x29,0x4E,0x29,0x4E,0x29,0x4E,0x29,0x4E,0x62,0xB0,0x10,0x84,0x08,0x43,0x08,0x63,
0x08,0x63,0x08,0x63,0x08,0x63,0x08,0x63,0x10,0x63,0x10,0x83,0x18,0xA3,0x21,0x03,0x31,0x43,0x41,0xA3,0x41,0xC2,0x5A,0x42,0x83,0x84,0xA4,0xA5,0xBD,0x47,0xBD,0x47,
0xAC,0xE7,0x93,0xE5,0x6A,0xA4,0x52,0x03,0x49,0xE4,0x39,0x84,0x29,0x44,0x20,0xE3,0x18,0xC4,0x10,0xA4,0x10,0xA4,0x10,0xE4,0x11,0x24,0x11,0x84,0x12,0x04,0x12,0x24,
0x12,0xC4,0x13,0xE5,0x1C,0xE7,0x25,0x67,0x1D,0x47,0x1C,0xE6,0x14,0x05,0x0A,0xC5,0x12,0x05,0x11,0xC5,0x11,0x44,0x09,0x04,0x08,0xA4,0x08,0x84,0x08,0x63,0x08,0x64,
0x08,0x63,0x08,0x64,0x08,0x64,0x08,0x64,0x08,0x63,0x08,0x64,0x08,0x64,0x08,0x64,0x08,0x64,0x08,0x64,0x08,0x64,0x08,0x64,0x08,0x64,0x08,0x64,0x08,0x64,0x08,0x64,
0x08,0x64,0x08,0x64,0x08,0x64,0x08,0x64,0x08,0x64,0x08,0x64,0x08,0x64,0x08,0x64,0x08,0x44,0x20,0xE7,0x62,0xB1,0x29,0x2D,0x29,0x4E,0x29,0x4D,0x29,0x4D,0x29,0x4D,
0x29,0x6E,0x29,0x6E,0x29,0x6E,0x31,0x8E,0x29,0x8E,0x29,0xAE,0x29,0xCF,0x2A,0x10,0x2A,0x71,0x22,0xF2,0x3C,0x96,0x66,0xBC,0x2B,0x93,0x32,0xB3,0x32,0x52,0x42,0x14,
0x62,0x36,0xCC,0xBC,0x6A,0x36,0x49,0xB5,0x49,0xB4,0x49,0x75,0x9B,0x99,0xAC,0x7B,0x42,0x75,0x3B,0x16,0x4D,0x19,0x5E,0x5B,0x23,0xB4,0x2B,0x93,0x1B,0x72,0x4E,0x1A,
0x4E,0x1A,0x1B,0xD3,0x23,0x93,0x23,0xD4,0x5E,0x7C,0x3C,0xD8,0x33,0x15,0x42,0x96,0x73,0x17,0xB4,0xBB,0x49,0xD5,0x49,0xD5,0x49,0xB5,0x51,0xB5,0xC4,0x9C,0x72,0x37,
0x59,0x73,0x61,0x92,0x69,0x10,0xC3,0x78,0xBA,0xF6,0x79,0x2F,0x79,0x90,0x79,0x90,0x79,0x4F,0xB2,0xD4,0xDC,0x59,0x89,0x4F,0x79,0x6F,0x61,0x2F,0x51,0x2E,0x41,0x4F,
0x39,0x4E,0x31,0x4E,0x31,0x4E,0x29,0x4E,0x29,0x4E,0x29,0x4E,0x29,0x4E,0x29,0x6F,0x29,0x6E,0x29,0x4E,0x29,0x4E,0x29,0x4E,0x29,0x6F,0x29,0x6F,0x29,0x6F,0x29,0x6F,
0x29,0x6E,0x29,0x4E,0x29,0x4E,0x29,0x4E,0x29,0x4E,0x29,0x4E,0x29,0x6F,0x29,0x6F,0x29,0x6F,0x29,0x4E,0x29,0x4E,0x29,0x4E,0x29,0x4E,0x29,0x6F,0x29,0x6F,0x29,0x6F,
0x29,0x6F,0x29,0x4E,0x29,0x4E,0x29,0x4E,0x29,0x6E,0x29,0x6E,0x29,0x6E,0x29,0x6E,0x29,0x6E,0x29,0x4E,0x29,0x4E,0x29,0x6E,0x29,0x6E,0x29,0x4E,0x29,0x6E,0x29,0x6E,
0x29,0x6E,0x29,0x4E,0x29,0x4E,0x29,0x4E,0x29,0x4E,0x29,0x4E,0x29,0x4E,0x29,0x4E,0x29,0x4E,0x29,0x4E,0x29,0x4E,0x29,0x4E,0x29,0x4E,0x29,0x4E,0x29,0x4E,0x29,0x4E,
0x29,0x4E,0x29,0x4E,0x29,0x4E,0x29,0x4E,0x29,0x4E,0x29,0x4E,0x29,0x4E,0x29,0x4E,0x29,0x4E,0x29,0x4E,0x29,0x4E,0x29,0x4E,0x29,0x4E,0x29,0x4E,0x29,0x4E,0x29,0x4E,
0x29,0x4E,0x29,0x4E,0x29,0x4E,0x29,0x4E,0x29,0x4D,0x29,0x2D,0x29,0x2D,0x29,0x2D,0x29,0x2D,0x29,0x2D,0x29,0x2D,0x29,0x2D,0x29,0x2E,0x29,0x2E,0x29,0x4E,0x31,0x4E,
0x31,0x4E,0x31,0x6F,0x39,0x6F,0x39,0x6F,0x39,0x6F,0x51,0xB1,0x8A,0xD8,0xEE,0x7F,0xFF,0xFF,0xD5,0x7D,0x59,0xCE,0x31,0xC7,0x39,0xC7,0x31,0xA6,0x39,0xC7,0x29,0x45,
0x00,0x00,0x00,0x00,0x00,0x00,0x00,0x00,0x00,0x00,0x00,0x00,0x00,0x00,0x00,0x00,0x00,0x00,0x00,0x00,0x00,0x00,0x00,0x00,0x00,0x00,0x00,0x00,0x00,0x00,0x00,0x00,
0x00,0x00,0x00,0x00,0x00,0x00,0x00,0x00,0x00,0x00,0x00,0x00,0x00,0x00,0x00,0x00,0x00,0x00,0x00,0x00,0x00,0x00,0x00,0x00,0x00,0x00,0x00,0x00,0x00,0x00,0x00,0x00,
0x31,0xA6,0x39,0xC7,0x39,0xC7,0x39,0xE7,0x39,0xE8,0x51,0x6E,0xD5,0x7D,0xFF,0xFF,0xEE,0x3E,0x8A,0xB7,0x51,0xB1,0x31,0x4E,0x31,0x4E,0x31,0x2D,0x29,0x2D,0x29,0x2D,
0x29,0x2D,0x29,0x2D,0x21,0x2D,0x21,0x0D,0x21,0x2C,0x21,0x2C,0x21,0x0C,0x21,0x0C,0x21,0x0C,0x21,0x2C,0x21,0x2C,0x21,0x2C,0x5A,0x8F,0x10,0x84,0x00,0x42,0x08,0x43,
0x08,0x43,0x08,0x43,0x08,0x43,0x08,0x63,0x10,0x83,0x18,0xA3,0x21,0x03,0x31,0x63,0x41,0xC2,0x4A,0x02,0x8B,0xE4,0xCE,0x08,0xEF,0x2B,0xFF,0x8E,0xFF,0xD0,0xFF,0xD0,
0xFF,0xAF,0xF7,0x4D,0xDE,0x6A,0x9C,0x66,0x5A,0x83,0x4A,0x04,0x39,0xA4,0x29,0x43,0x21,0x03,0x18,0xC3,0x10,0xC3,0x11,0x23,0x11,0xA4,0x12,0x23,0x0A,0xC2,0x1C,0x85,
0x2E,0x28,0x3F,0x0A,0x4F,0x8C,0x5F,0xAE,0x5F,0xAE,0x57,0x8C,0x3F,0x2A,0x26,0x27,0x0B,0xE4,0x0A,0x03,0x09,0xA4,0x09,0x44,0x08,0xE4,0x08,0xA3,0x08,0x63,0x08,0x63,
0x08,0x63,0x08,0x63,0x08,0x43,0x08,0x63,0x08,0x63,0x08,0x63,0x08,0x63,0x08,0x63,0x08,0x63,0x08,0x63,0x08,0x63,0x08,0x63,0x08,0x63,0x08,0x63,0x08,0x63,0x08,0x43,
0x08,0x63,0x08,0x63,0x08,0x43,0x08,0x43,0x08,0x63,0x08,0x63,0x08,0x63,0x08,0x64,0x00,0x43,0x20,0xE7,0x62,0xB0,0x21,0x0B,0x21,0x0B,0x21,0x0B,0x21,0x0B,0x21,0x2B,
0x21,0x2B,0x21,0x2C,0x29,0x4C,0x21,0x4C,0x21,0x4C,0x21,0x8D,0x21,0xCE,0x22,0x2F,0x22,0xB1,0x1B,0x52,0x66,0x7B,0x3C,0xF7,0x22,0xB1,0x32,0x52,0x3A,0x12,0x39,0x92,
0x93,0x39,0xB3,0xFB,0x49,0x54,0x41,0x73,0x41,0x73,0x51,0x74,0xBC,0x3B,0x83,0x98,0x3A,0x54,0x32,0xD5,0x4D,0x9A,0x4D,0xD9,0x1B,0x52,0x23,0x52,0x13,0x72,0x56,0x3A,
0x45,0xD9,0x13,0x92,0x1B,0x72,0x1B,0x73,0x56,0x5B,0x3D,0x18,0x2A,0xF4,0x3A,0x94,0x5A,0x76,0xBC,0xFC,0x5A,0x15,0x41,0x93,0x41,0x93,0x39,0x33,0xA3,0x9A,0x93,0x39,
0x49,0x33,0x59,0x51,0x61,0x0F,0x89,0xD1,0xDC,0x3A,0x81,0x4F,0x71,0x4F,0x71,0x4E,0x79,0x6F,0x81,0x0E,0xD3,0xF8,0xBA,0xF4,0x78,0xED,0x69,0x2E,0x51,0x0D,0x41,0x0D,
0x39,0x0D,0x31,0x2D,0x29,0x0C,0x29,0x0C,0x29,0x0C,0x21,0x0C,0x21,0x2C,0x21,0x0C,0x21,0x2D,0x21,0x2D,0x21,0x2C,0x21,0x2C,0x21,0x2D,0x21,0x2D,0x21,0x2D,0x21,0x2D,
0x21,0x2D,0x21,0x2D,0x21,0x2C,0x21,0x2C,0x21,0x2D,0x21,0x2D,0x21,0x2D,0x21,0x2D,0x29,0x2D,0x21,0x2D,0x21,0x2D,0x21,0x2C,0x21,0x2D,0x21,0x2D,0x21,0x2D,0x21,0x2D,
0x21,0x2D,0x21,0x2C,0x21,0x2C,0x21,0x2C,0x21,0x2C,0x21,0x2C,0x21,0x2C,0x21,0x2C,0x21,0x2C,0x21,0x2C,0x21,0x2C,0x21,0x2C,0x21,0x2C,0x21,0x2C,0x21,0x2C,0x21,0x2C,
0x21,0x2C,0x21,0x2C,0x21,0x2C,0x21,0x2C,0x21,0x2C,0x21,0x2C,0x21,0x2C,0x21,0x2C,0x21,0x2C,0x21,0x2C,0x21,0x2C,0x21,0x2C,0x21,0x0C,0x21,0x2C,0x21,0x2C,0x21,0x0C,
0x21,0x2C,0x21,0x2C,0x21,0x0C,0x21,0x0C,0x21,0x0C,0x21,0x0C,0x21,0x0C,0x21,0x0C,0x21,0x0C,0x21,0x2C,0x21,0x2C,0x21,0x0C,0x21,0x0C,0x21,0x0C,0x21,0x0C,0x21,0x0C,
0x21,0x0C,0x21,0x0C,0x21,0x0C,0x21,0x0C,0x21,0x0C,0x21,0x0C,0x21,0x0B,0x21,0x0B,0x21,0x0C,0x21,0x0C,0x21,0x0C,0x21,0x0C,0x21,0x0C,0x21,0x0C,0x21,0x0C,0x29,0x2C,
0x29,0x2C,0x29,0x2D,0x31,0x4D,0x31,0x4E,0x31,0x4E,0x49,0x91,0x92,0xD8,0xEE,0x5E,0xFF,0xFF,0xD5,0x7D,0x59,0xCE,0x31,0xC7,0x39,0xC7,0x31,0xA6,0x39,0xC6,0x29,0x45,
0x00,0x00,0x00,0x00,0x00,0x00,0x00,0x00,0x00,0x00,0x00,0x00,0x00,0x00,0x00,0x00,0x00,0x00,0x00,0x00,0x00,0x00,0x00,0x00,0x00,0x00,0x00,0x00,0x00,0x00,0x00,0x00,
0x00,0x00,0x00,0x00,0x00,0x00,0x00,0x00,0x00,0x00,0x00,0x00,0x00,0x00,0x00,0x00,0x00,0x00,0x00,0x00,0x00,0x00,0x00,0x00,0x00,0x00,0x00,0x00,0x00,0x00,0x00,0x00,
0x31,0xA6,0x39,0xC7,0x39,0xC7,0x39,0xE7,0x39,0xC8,0x51,0x6E,0xD5,0x5D,0xFF,0xFF,0xE6,0x3E,0x8A,0xB7,0x49,0x90,0x31,0x2D,0x31,0x2D,0x29,0x2C,0x29,0x0C,0x21,0x0C,
0x21,0x0B,0x21,0x0B,0x21,0x0B,0x21,0x0B,0x21,0x0B,0x21,0x0B,0x21,0x0B,0x20,0xEB,0x20,0xEB,0x20,0xEB,0x21,0x0B,0x21,0x0B,0x5A,0xAF,0x10,0x64,0x00,0x22,0x08,0x42,
0x08,0x42,0x08,0x42,0x08,0x42,0x08,0x62,0x18,0x82,0x20,0xE2,0x31,0x62,0x41,0xE2,0x5A,0xA2,0xBD,0x67,0xF7,0x4C,0xFF,0xCF,0xFF,0xB2,0xFF,0xB2,0xF7,0x91,0xF7,0x92,
0xFF,0xB2,0xFF,0xB3,0xFF,0xB1,0xF7,0x6D,0xC5,0xC9,0x6A,0xE3,0x4A,0x24,0x39,0xA3,0x21,0x23,0x19,0x03,0x11,0x23,0x11,0x83,0x12,0x03,0x0B,0x02,0x2D,0xC6,0x4F,0x6C,
0x77,0xB0,0x87,0xD2,0x7F,0xD1,0x77,0xB0,0x77,0xB0,0x7F,0xB1,0x7F,0xD1,0x67,0xCE,0x3F,0x4A,0x1C,0xE5,0x02,0x42,0x09,0xC3,0x09,0x43,0x08,0xC3,0x08,0x83,0x08,0x63,
0x08,0x43,0x08,0x42,0x08,0x43,0x08,0x42,0x08,0x43,0x08,0x43,0x08,0x43,0x08,0x63,0x08,0x43,0x08,0x43,0x08,0x63,0x08,0x43,0x08,0x43,0x08,0x43,0x08,0x43,0x08,0x43,
0x08,0x43,0x08,0x43,0x08,0x43,0x08,0x43,0x08,0x43,0x08,0x43,0x08,0x43,0x08,0x63,0x00,0x43,0x18,0xC6,0x5A,0x8F,0x18,0xCA,0x18,0xEA,0x18,0xEA,0x20,0xEA,0x18,0xEA,
0x18,0xEA,0x21,0x0B,0x21,0x0B,0x19,0x2B,0x21,0x4B,0x21,0x8C,0x21,0xED,0x22,0x6F,0x1A,0xF1,0x45,0x38,0x66,0x9C,0x1B,0x32,0x2A,0x71,0x31,0xF1,0x39,0xD2,0x49,0x73,
0xBC,0x3C,0x72,0x56,0x41,0x33,0x39,0x32,0x41,0x53,0x59,0xB5,0xCC,0xBC,0x62,0xB6,0x3A,0x74,0x2A,0xF4,0x56,0x3B,0x35,0x58,0x13,0x11,0x1B,0x31,0x13,0x51,0x56,0x3A,
0x3D,0x98,0x13,0x71,0x1B,0x51,0x13,0x51,0x56,0x3A,0x45,0x79,0x22,0xF3,0x32,0x94,0x42,0x15,0xBC,0xFC,0x6A,0x77,0x39,0x53,0x39,0x72,0x39,0x12,0x72,0x57,0xB4,0x3B,
0x49,0x34,0x51,0x51,0x59,0x30,0x68,0xEE,0xCB,0xD8,0xB2,0xB4,0x70,0xCD,0x71,0x2D,0x69,0x2E,0x71,0x2E,0x91,0x8F,0xE4,0x9A,0x91,0x6F,0x71,0x0C,0x61,0x0C,0x48,0xEC,
0x38,0xEB,0x30,0xEB,0x29,0x0B,0x20,0xEA,0x20,0xEB,0x20,0xEB,0x20,0xEB,0x20,0xEB,0x21,0x0B,0x21,0x0C,0x21,0x2C,0x21,0x0B,0x21,0x0C,0x21,0x0B,0x21,0x0C,0x21,0x0B,
0x21,0x0B,0x21,0x0B,0x21,0x0C,0x21,0x0B,0x21,0x0B,0x21,0x0B,0x21,0x0B,0x21,0x0B,0x20,0xEB,0x21,0x0C,0x21,0x0C,0x21,0x0C,0x21,0x0B,0x21,0x0B,0x21,0x0B,0x21,0x0B,
0x21,0x0B,0x21,0x0B,0x21,0x0B,0x21,0x0C,0x21,0x0B,0x21,0x0B,0x21,0x0B,0x21,0x0B,0x21,0x0B,0x21,0x0B,0x21,0x0B,0x21,0x0B,0x21,0x0B,0x21,0x0B,0x19,0x0B,0x21,0x0B,
0x21,0x0B,0x21,0x0B,0x21,0x0B,0x21,0x0B,0x21,0x0B,0x21,0x0B,0x18,0xEB,0x18,0xEA,0x18,0xEA,0x20,0xEB,0x21,0x0B,0x21,0x0B,0x21,0x0B,0x21,0x0B,0x20,0xEB,0x18,0xEB,
0x18,0xEB,0x18,0xEB,0x20,0xEB,0x20,0xEB,0x21,0x0B,0x21,0x0B,0x20,0xEB,0x18,0xEB,0x18,0xEB,0x18,0xEB,0x18,0xEB,0x18,0xEB,0x18,0xEB,0x18,0xEB,0x20,0xEB,0x18,0xEB,
0x18,0xEB,0x18,0xEA,0x18,0xEA,0x18,0xEB,0x18,0xEB,0x18,0xEA,0x18,0xEA,0x18,0xEA,0x18,0xEA,0x18,0xEA,0x18,0xEA,0x18,0xEA,0x18,0xEA,0x18,0xEB,0x21,0x0B,0x21,0x0B,
0x29,0x0B,0x29,0x0C,0x29,0x2C,0x31,0x2D,0x31,0x2D,0x49,0x90,0x92,0xD8,0xEE,0x5E,0xFF,0xFF,0xD5,0x7D,0x59,0xCE,0x31,0xA7,0x39,0xC6,0x31,0xA6,0x31,0xA6,0x29,0x45,
0x00,0x00,0x00,0x00,0x00,0x00,0x00,0x00,0x00,0x00,0x00,0x00,0x00,0x00,0x00,0x00,0x00,0x00,0x00,0x00,0x00,0x00,0x00,0x00,0x00,0x00,0x00,0x00,0x00,0x00,0x00,0x00,
0x00,0x00,0x00,0x00,0x00,0x00,0x00,0x00,0x00,0x00,0x00,0x00,0x00,0x00,0x00,0x00,0x00,0x00,0x00,0x00,0x00,0x00,0x00,0x00,0x00,0x00,0x00,0x00,0x00,0x00,0x00,0x00,
0x31,0xA6,0x39,0xC7,0x39,0xC7,0x39,0xE7,0x39,0xC7,0x51,0x6D,0xD5,0x5D,0xFF,0xDF,0xE6,0x3E,0x8A,0xB7,0x49,0x70,0x29,0x0C,0x29,0x2C,0x29,0x0B,0x21,0x0B,0x20,0xEB,
0x20,0xEB,0x20,0xEB,0x20,0xEA,0x18,0xEA,0x18,0xEA,0x18,0xEA,0x18,0xEA,0x18,0xCA,0x18,0xEA,0x18,0xEA,0x18,0xEA,0x18,0xEA,0x5A,0xAF,0x10,0x63,0x00,0x22,0x08,0x42,
0x08,0x42,0x08,0x42,0x08,0x42,0x10,0x82,0x18,0xC2,0x29,0x22,0x41,0xE2,0x5A,0x82,0xC5,0xE9,0xFF,0xAE,0xFF,0xB2,0xF7,0x90,0xEF,0x2C,0xEF,0x09,0xEF,0x09,0xEF,0x09,
0xEF,0x0A,0xEF,0x2C,0xF7,0x91,0xFF,0xB3,0xFF,0x8F,0xCE,0x0A,0x5A,0xC3,0x42,0x04,0x31,0x83,0x21,0x43,0x19,0x63,0x19,0xC3,0x12,0x81,0x2D,0xC6,0x5F,0x8D,0x8F,0xD3,
0x7F,0xB1,0x4F,0x4B,0x37,0x49,0x37,0x69,0x37,0x68,0x37,0x49,0x47,0x4A,0x6F,0x8F,0x77,0xD0,0x47,0x8B,0x1D,0x46,0x02,0x42,0x09,0xC3,0x09,0x23,0x08,0xA3,0x08,0x63,
0x08,0x42,0x00,0x42,0x00,0x42,0x08,0x42,0x08,0x42,0x08,0x43,0x08,0x43,0x08,0x43,0x08,0x43,0x08,0x43,0x08,0x43,0x08,0x43,0x08,0x43,0x08,0x42,0x08,0x43,0x08,0x43,
0x08,0x43,0x00,0x42,0x08,0x42,0x08,0x42,0x08,0x43,0x08,0x42,0x08,0x42,0x08,0x63,0x00,0x42,0x18,0xC6,0x5A,0x6F,0x10,0xC9,0x18,0xC9,0x18,0xC9,0x18,0xC9,0x18,0xC9,
0x18,0xE9,0x18,0xE9,0x18,0xE9,0x19,0x0A,0x19,0x4B,0x19,0xAC,0x1A,0x2E,0x1A,0xD0,0x1B,0xB3,0x6E,0xFD,0x2C,0x95,0x1A,0xB0,0x2A,0x30,0x31,0xD1,0x39,0x72,0x7A,0x76,
0xBC,0x3C,0x49,0x33,0x39,0x32,0x39,0x31,0x41,0x32,0x72,0x57,0xC4,0xBC,0x42,0x14,0x3A,0x94,0x23,0x35,0x5E,0x9C,0x2C,0xD6,0x13,0x31,0x1B,0x31,0x13,0x51,0x5E,0x5A,
0x3D,0x98,0x13,0x71,0x1B,0x31,0x0B,0x31,0x4D,0xF9,0x4D,0xD9,0x1A,0xF3,0x32,0x93,0x39,0xF4,0xAC,0xBB,0x83,0x18,0x31,0x12,0x39,0x51,0x39,0x32,0x49,0x73,0xC4,0x9C,
0x61,0xB5,0x49,0x32,0x51,0x2F,0x60,0xEE,0x9A,0x32,0xE4,0x7A,0x81,0x0D,0x71,0x0D,0x69,0x0C,0x69,0x2D,0x70,0xCB,0xBA,0xD3,0xD3,0xF8,0x78,0xCB,0x69,0x0B,0x50,0xEB,
0x40,0xEB,0x30,0xCA,0x28,0xEA,0x20,0xEA,0x20,0xCA,0x20,0xEA,0x20,0xEA,0x18,0xEA,0x18,0xEA,0x18,0xEA,0x20,0xEB,0x21,0x0B,0x18,0xEB,0x18,0xEA,0x18,0xEA,0x18,0xEA,
0x18,0xEA,0x18,0xEA,0x18,0xEA,0x21,0x0B,0x19,0x0B,0x18,0xEA,0x18,0xEA,0x18,0xEA,0x18,0xEA,0x18,0xEA,0x18,0xEA,0x18,0xEB,0x21,0x0B,0x19,0x0B,0x18,0xEA,0x18,0xEA,
0x18,0xEA,0x18,0xEA,0x18,0xEA,0x18,0xEB,0x20,0xEB,0x21,0x0B,0x18,0xEA,0x18,0xEA,0x18,0xEA,0x18,0xEA,0x18,0xEA,0x18,0xEA,0x19,0x0B,0x19,0x0A,0x19,0x0A,0x18,0xEA,
0x18,0xEA,0x18,0xEA,0x18,0xEA,0x18,0xEA,0x18,0xEA,0x18,0xEA,0x18,0xEA,0x18,0xEA,0x18,0xEA,0x18,0xE9,0x18,0xEA,0x18,0xEA,0x18,0xEA,0x18,0xEA,0x18,0xEA,0x18,0xEA,
0x18,0xEA,0x18,0xEA,0x18,0xCA,0x18,0xCA,0x18,0xCA,0x18,0xEA,0x18,0xEA,0x18,0xEA,0x18,0xEA,0x18,0xEA,0x18,0xEA,0x18,0xC9,0x18,0xC9,0x18,0xCA,0x18,0xCA,0x18,0xEA,
0x18,0xEA,0x18,0xEA,0x18,0xEA,0x18,0xCA,0x18,0xC9,0x18,0xC9,0x18,0xC9,0x18,0xCA,0x18,0xE9,0x18,0xE9,0x18,0xE9,0x18,0xC9,0x18,0xC9,0x18,0xC9,0x18,0xEA,0x20,0xEA,
0x20,0xEB,0x29,0x0B,0x29,0x0C,0x31,0x2C,0x31,0x2C,0x49,0x70,0x92,0xD8,0xEE,0x5E,0xFF,0xFF,0xD5,0x7D,0x59,0xCE,0x31,0xA7,0x39,0xC6,0x31,0xA6,0x31,0xA6,0x29,0x44,
0x00,0x00,0x00,0x00,0x00,0x00,0x00,0x00,0x00,0x00,0x00,0x00,0x00,0x00,0x00,0x00,0x00,0x00,0x00,0x00,0x00,0x00,0x00,0x00,0x00,0x00,0x00,0x00,0x00,0x00,0x00,0x00,
0x00,0x00,0x00,0x00,0x00,0x00,0x00,0x00,0x00,0x00,0x00,0x00,0x00,0x00,0x00,0x00,0x00,0x00,0x00,0x00,0x00,0x00,0x00,0x00,0x00,0x00,0x00,0x00,0x00,0x00,0x00,0x00,
0x31,0xA6,0x39,0xC7,0x39,0xC6,0x39,0xC7,0x39,0xC7,0x51,0x6D,0xD5,0x5D,0xFF,0xDF,0xE6,0x3E,0x8A,0xB7,0x49,0x6F,0x29,0x0C,0x29,0x0B,0x29,0x0B,0x20,0xEA,0x20,0xEA,
0x20,0xCA,0x18,0xC9,0x18,0xC9,0x18,0xC9,0x18,0xC9,0x18,0xC9,0x18,0xC9,0x18,0xC9,0x18,0xC9,0x18,0xC9,0x18,0xC9,0x18,0xC9,0x5A,0x8F,0x10,0x63,0x00,0x22,0x08,0x42,
0x08,0x22,0x08,0x22,0x08,0x42,0x10,0x82,0x20,0xE2,0x31,0x82,0x42,0x01,0xA4,0xE6,0xFF,0x8E,0xFF,0xB3,0xF7,0x4F,0xEE,0xE9,0xF7,0x28,0xF7,0x49,0xF7,0x6A,0xF7,0x6A,
0xF7,0x69,0xF7,0x29,0xEF,0x09,0xF7,0x6E,0xFF,0xD3,0xFF,0x8F,0xAD,0x48,0x42,0x22,0x3A,0x03,0x29,0xA3,0x21,0xE3,0x12,0x21,0x1C,0xE4,0x57,0x6B,0x8F,0xD3,0x67,0x6E,
0x37,0x48,0x37,0x88,0x37,0xC9,0x37,0xC9,0x37,0xC9,0x37,0xA8,0x2F,0x87,0x2F,0x47,0x5F,0x6C,0x7F,0xD1,0x47,0x6C,0x1C,0xA4,0x09,0xE2,0x09,0x63,0x08,0xC2,0x08,0x82,
0x08,0x42,0x08,0x42,0x00,0x42,0x08,0x42,0x00,0x42,0x08,0x43,0x08,0x42,0x00,0x42,0x00,0x42,0x08,0x42,0x08,0x42,0x00,0x42,0x00,0x42,0x08,0x43,0x08,0x43,0x00,0x42,
0x08,0x42,0x00,0x42,0x00,0x42,0x08,0x42,0x00,0x42,0x00,0x42,0x08,0x42,0x08,0x42,0x00,0x22,0x18,0xC5,0x52,0x6F,0x10,0xA8,0x18,0xC8,0x18,0xC8,0x18,0xC8,0x18,0xE9,
0x18,0xC8,0x18,0xC8,0x18,0xE8,0x19,0x29,0x19,0x6B,0x19,0xCC,0x1A,0x8F,0x13,0x11,0x55,0xDA,0x56,0x3A,0x13,0x11,0x22,0x70,0x29,0xD0,0x39,0xB1,0x41,0x52,0xB3,0xFB,
0x92,0xF8,0x38,0xF2,0x39,0x11,0x39,0x31,0x38,0xF2,0x93,0x18,0xAC,0x1A,0x31,0xF3,0x32,0x93,0x2B,0xB5,0x66,0xFC,0x24,0x54,0x13,0x31,0x1B,0x30,0x0B,0x70,0x5E,0x7B,
0x3D,0x77,0x13,0x71,0x13,0x10,0x0B,0x30,0x45,0xB9,0x56,0x3A,0x1B,0x12,0x32,0xB3,0x31,0xD3,0x9B,0xF9,0x9B,0xF9,0x30,0xF2,0x39,0x31,0x39,0x32,0x30,0xD2,0xB4,0x1B,
0x93,0x18,0x40,0xD3,0x51,0x30,0x59,0x0E,0x70,0xED,0xDC,0x5A,0xAA,0x93,0x70,0xCC,0x69,0x0C,0x61,0x0B,0x69,0x2C,0x78,0xEB,0xDC,0x39,0xB2,0x72,0x70,0xAA,0x60,0xEA,
0x48,0xC9,0x38,0xC9,0x28,0xA8,0x28,0xC9,0x20,0xEA,0x18,0xC9,0x18,0xC9,0x18,0xC9,0x18,0xC9,0x18,0xC9,0x18,0xC9,0x18,0xEA,0x19,0x0A,0x18,0xEA,0x18,0xC9,0x18,0xCA,
0x18,0xCA,0x18,0xCA,0x18,0xC9,0x18,0xC9,0x18,0xEA,0x18,0xEA,0x18,0xEA,0x18,0xC9,0x18,0xCA,0x18,0xCA,0x18,0xE9,0x18,0xC9,0x18,0xEA,0x18,0xEA,0x18,0xEA,0x18,0xEA,
0x18,0xC9,0x18,0xC9,0x18,0xC9,0x18,0xC9,0x18,0xC9,0x18,0xCA,0x18,0xEA,0x18,0xEA,0x18,0xE9,0x18,0xC9,0x18,0xC9,0x18,0xC9,0x18,0xC9,0x18,0xC9,0x18,0xEA,0x18,0xEA,
0x18,0xEA,0x18,0xE9,0x18,0xC9,0x18,0xC9,0x18,0xE9,0x18,0xC9,0x18,0xC9,0x18,0xC9,0x18,0xEA,0x18,0xC9,0x18,0xC9,0x18,0xC9,0x18,0xC9,0x18,0xC9,0x18,0xC9,0x18,0xC9,
0x18,0xC9,0x18,0xEA,0x18,0xC9,0x18,0xC9,0x18,0xC9,0x18,0xC9,0x18,0xC9,0x18,0xC9,0x18,0xC9,0x18,0xC9,0x18,0xC9,0x18,0xC9,0x18,0xC9,0x18,0xC9,0x18,0xC9,0x18,0xA9,
0x18,0xC9,0x18,0xC9,0x18,0xC9,0x18,0xC9,0x18,0xC9,0x18,0xC9,0x18,0xC9,0x18,0xC9,0x18,0xC9,0x18,0xC9,0x18,0xC9,0x18,0xC9,0x18,0xC9,0x18,0xC9,0x18,0xC9,0x20,0xC9,
0x20,0xEA,0x20,0xEA,0x28,0xEB,0x29,0x0C,0x31,0x0C,0x49,0x70,0x92,0xD8,0xEE,0x5E,0xFF,0xFF,0xD5,0x7D,0x59,0xCE,0x31,0xA7,0x39,0xC6,0x31,0xA6,0x31,0xA6,0x29,0x44,
0x00,0x00,0x00,0x00,0x00,0x00,0x00,0x00,0x00,0x00,0x00,0x00,0x00,0x00,0x00,0x00,0x00,0x00,0x00,0x00,0x00,0x00,0x00,0x00,0x00,0x00,0x00,0x00,0x00,0x00,0x00,0x00,
0x00,0x00,0x00,0x00,0x00,0x00,0x00,0x00,0x00,0x00,0x00,0x00,0x00,0x00,0x00,0x00,0x00,0x00,0x00,0x00,0x00,0x00,0x00,0x00,0x00,0x00,0x00,0x00,0x00,0x00,0x00,0x00,
0x31,0xA6,0x39,0xC7,0x39,0xC7,0x39,0xC7,0x39,0xC7,0x51,0x6D,0xD5,0x5D,0xFF,0xDF,0xE6,0x3E,0x8A,0xB7,0x49,0x6F,0x28,0xEB,0x29,0x0B,0x20,0xEA,0x20,0xCA,0x18,0xC9,
0x18,0xC9,0x18,0xC9,0x18,0xC9,0x18,0xC9,0x18,0xC9,0x18,0xA8,0x18,0xA8,0x18,0xA8,0x18,0xC8,0x18,0xC9,0x18,0xC9,0x18,0xC9,0x5A,0x8E,0x10,0x63,0x00,0x22,0x08,0x42,
0x00,0x22,0x08,0x42,0x08,0x61,0x10,0xA2,0x21,0x02,0x39,0xA2,0x62,0xE2,0xE6,0xEB,0xFF,0xB2,0xF7,0x70,0xE6,0xE9,0xF7,0x4A,0xF7,0x6A,0xFF,0x8B,0xFF,0xAB,0xFF,0xAB,
0xFF,0x8B,0xF7,0x8B,0xF7,0x4A,0xEF,0x09,0xF7,0x6F,0xFF,0xD3,0xEF,0x0C,0x73,0x84,0x3A,0x23,0x32,0x23,0x2A,0x22,0x1B,0x62,0x36,0xC8,0x7F,0xB1,0x67,0x6E,0x2F,0x48,
0x37,0xA9,0x3F,0xC9,0x3F,0xEA,0x3F,0xEA,0x3F,0xC9,0x3F,0xC9,0x37,0xC9,0x2F,0xA8,0x2F,0x47,0x6F,0x8F,0x77,0xD1,0x36,0xC9,0x0B,0x02,0x09,0x82,0x09,0x02,0x08,0xA2,
0x08,0x42,0x00,0x42,0x00,0x42,0x08,0x42,0x08,0x42,0x08,0x42,0x00,0x42,0x00,0x42,0x00,0x42,0x08,0x42,0x08,0x42,0x00,0x42,0x00,0x42,0x00,0x42,0x00,0x42,0x00,0x42,
0x00,0x42,0x00,0x42,0x00,0x42,0x08,0x22,0x00,0x22,0x08,0x42,0x00,0x42,0x00,0x42,0x00,0x22,0x18,0xC5,0x52,0x4E,0x10,0x87,0x18,0xC8,0x10,0xA8,0x18,0xC8,0x10,0xC7,
0x10,0xC7,0x10,0xE7,0x10,0xE8,0x19,0x4A,0x19,0xAB,0x1A,0x2D,0x12,0xCF,0x2C,0x75,0x77,0x1D,0x1B,0xF3,0x1A,0xB0,0x22,0x0F,0x29,0xAF,0x39,0x71,0x6A,0x15,0xCC,0xBD,
0x59,0x94,0x38,0xF1,0x30,0xF0,0x39,0x31,0x38,0xF2,0xB4,0x1A,0x83,0x58,0x31,0xF2,0x2A,0x93,0x34,0x56,0x66,0xFC,0x13,0xD2,0x13,0x10,0x1B,0x10,0x0B,0x71,0x66,0x9B,
0x35,0x57,0x0B,0x50,0x12,0xEF,0x0B,0x30,0x3D,0x78,0x66,0x7B,0x13,0x32,0x2A,0xB3,0x31,0xF3,0x7B,0x18,0xB4,0x9B,0x38,0xF2,0x31,0x10,0x39,0x10,0x30,0xD1,0x82,0xD6,
0xBC,0x9B,0x48,0xD3,0x51,0x32,0x59,0x0E,0x60,0xCD,0xA2,0x73,0xE4,0x9A,0x78,0xCC,0x69,0x0B,0x60,0xEB,0x61,0x0B,0x69,0x0B,0x91,0x8E,0xEC,0x7A,0x89,0x2D,0x68,0xA9,
0x50,0xC9,0x40,0xC9,0x30,0xA8,0x28,0xA8,0x28,0xC9,0x20,0xC9,0x18,0xA9,0x18,0xC9,0x18,0xC9,0x18,0xC9,0x18,0xC9,0x18,0xC9,0x18,0xC9,0x18,0xE9,0x18,0xEA,0x18,0xC9,
0x18,0xC9,0x18,0xC9,0x18,0xC9,0x18,0xC9,0x18,0xC9,0x18,0xC9,0x18,0xEA,0x18,0xEA,0x18,0xC9,0x18,0xC9,0x18,0xC9,0x18,0xC9,0x18,0xC9,0x18,0xC9,0x18,0xC9,0x18,0xE9,
0x18,0xE9,0x18,0xC9,0x18,0xC9,0x18,0xC9,0x18,0xC9,0x18,0xA9,0x18,0xA9,0x18,0xC9,0x18,0xC9,0x18,0xC9,0x18,0xC9,0x18,0xC9,0x18,0xC9,0x18,0xC8,0x18,0xC9,0x18,0xC9,
0x18,0xC9,0x18,0xC9,0x18,0xC9,0x18,0xC9,0x18,0xC9,0x18,0xC9,0x18,0xC9,0x10,0xC8,0x10,0xC8,0x18,0xC9,0x18,0xC9,0x18,0xC9,0x18,0xC9,0x18,0xC9,0x18,0xA8,0x18,0xA8,
0x18,0xA8,0x10,0xA8,0x10,0xC8,0x18,0xC9,0x18,0xC9,0x18,0xC9,0x18,0xC9,0x18,0xC8,0x18,0xA8,0x18,0xA8,0x18,0xC8,0x18,0xA9,0x18,0xC9,0x18,0xC9,0x18,0xC9,0x18,0xA9,
0x10,0xA8,0x10,0xA8,0x18,0xA8,0x10,0xA8,0x18,0xA8,0x10,0xC8,0x18,0xC9,0x18,0xC9,0x18,0xC8,0x18,0xA8,0x18,0xA8,0x18,0xA8,0x18,0xA8,0x18,0xC8,0x18,0xC9,0x20,0xC9,
0x20,0xC9,0x20,0xEA,0x29,0x0B,0x29,0x0B,0x29,0x0B,0x49,0x6F,0x92,0xD8,0xE6,0x5E,0xFF,0xFF,0xD5,0x7D,0x59,0xCE,0x31,0xA7,0x31,0xA6,0x31,0xA6,0x31,0xA6,0x29,0x44,
0x00,0x00,0x00,0x00,0x00,0x00,0x00,0x00,0x00,0x00,0x00,0x00,0x00,0x00,0x00,0x00,0x00,0x00,0x00,0x00,0x00,0x00,0x00,0x00,0x00,0x00,0x00,0x00,0x00,0x00,0x00,0x00,
0x00,0x00,0x00,0x00,0x00,0x00,0x00,0x00,0x00,0x00,0x00,0x00,0x00,0x00,0x00,0x00,0x00,0x00,0x00,0x00,0x00,0x00,0x00,0x00,0x00,0x00,0x00,0x00,0x00,0x00,0x00,0x00,
0x31,0xA6,0x39,0xC7,0x31,0xA6,0x39,0xC7,0x39,0xC7,0x51,0x6D,0xD5,0x5D,0xFF,0xDF,0xE6,0x3E,0x8A,0xB7,0x49,0x4F,0x28,0xCB,0x28,0xEB,0x20,0xEA,0x20,0xC9,0x18,0xC9,
0x18,0xC9,0x18,0xA8,0x18,0xA8,0x10,0xA8,0x10,0xA8,0x18,0xA8,0x10,0xA8,0x18,0xA8,0x18,0xC8,0x10,0xC9,0x10,0xC9,0x18,0xC9,0x5A,0x8E,0x10,0x63,0x00,0x22,0x08,0x22,
0x00,0x22,0x08,0x41,0x10,0x61,0x18,0xC1,0x29,0x42,0x39,0x81,0x9C,0x85,0xFF,0x8E,0xFF,0x93,0xE6,0xEB,0xF7,0x2A,0xF7,0x6B,0xFF,0x8B,0xFF,0xAB,0xFF,0xCC,0xFF,0xCC,
0xFF,0xCB,0xFF,0xAB,0xF7,0x6B,0xF7,0x4A,0xE6,0xEA,0xFF,0xB2,0xFF,0x8F,0xB5,0x47,0x42,0x62,0x3A,0x83,0x2A,0x82,0x25,0x04,0x5F,0x8C,0x77,0xB0,0x2F,0x28,0x2F,0xA8,
0x37,0xC9,0x3F,0xEA,0x47,0xEA,0x47,0xEA,0x47,0xEA,0x47,0xEA,0x3F,0xEA,0x3F,0xC9,0x37,0xA9,0x3F,0x29,0x7F,0xD1,0x57,0x8D,0x14,0x84,0x01,0xA2,0x09,0x22,0x08,0xA2,
0x08,0x62,0x08,0x42,0x08,0x42,0x00,0x42,0x08,0x42,0x08,0x42,0x00,0x42,0x08,0x42,0x08,0x42,0x00,0x42,0x08,0x42,0x00,0x42,0x00,0x42,0x08,0x42,0x00,0x42,0x00,0x42,
0x00,0x42,0x00,0x42,0x00,0x42,0x00,0x42,0x08,0x42,0x08,0x42,0x00,0x42,0x00,0x42,0x00,0x22,0x18,0xA5,0x52,0x4E,0x10,0x87,0x10,0xA7,0x18,0xC8,0x10,0xC7,0x10,0xA7,
0x10,0xC7,0x10,0xE7,0x11,0x08,0x11,0x6A,0x19,0xEC,0x1A,0xAE,0x13,0x71,0x6E,0xDC,0x3D,0x77,0x0A,0xF0,0x22,0x6F,0x21,0xCF,0x31,0x90,0x41,0x52,0xAB,0xDA,0xAB,0xDA,
0x38,0xF2,0x30,0xF0,0x30,0xF0,0x39,0x11,0x51,0x53,0xCC,0xBC,0x62,0x75,0x32,0x32,0x22,0x92,0x44,0xF8,0x5E,0xBB,0x0B,0x71,0x13,0x0F,0x1B,0x0F,0x0B,0x91,0x66,0xBB,
0x35,0x56,0x0B,0x50,0x12,0xEF,0x0B,0x0F,0x35,0x16,0x6E,0xDC,0x13,0x73,0x22,0xB2,0x32,0x13,0x62,0x76,0xC4,0xFC,0x49,0x53,0x31,0x11,0x31,0x10,0x31,0x10,0x51,0x73,
0xD5,0x5D,0x61,0x95,0x49,0x12,0x50,0xEF,0x59,0x0D,0x70,0xED,0xE4,0x9A,0xAA,0x52,0x70,0xAA,0x68,0xEB,0x58,0xCA,0x61,0x0B,0x68,0xAA,0xBA,0xD3,0xD3,0xB7,0x70,0x89,
0x60,0xC9,0x48,0xA9,0x38,0xA8,0x30,0xA8,0x28,0xA8,0x20,0xC9,0x20,0xC9,0x18,0xA8,0x18,0xA8,0x18,0xA8,0x18,0xA9,0x18,0xA8,0x18,0xC8,0x18,0xA8,0x18,0xC9,0x18,0xE9,
0x18,0xC9,0x18,0xC8,0x18,0xC9,0x18,0xC9,0x18,0xC9,0x10,0xC8,0x10,0xC8,0x18,0xC9,0x18,0xE9,0x18,0xC9,0x18,0xC8,0x18,0xC8,0x18,0xC8,0x18,0xC8,0x18,0xC8,0x10,0xC8,
0x18,0xC9,0x18,0xC9,0x18,0xC9,0x10,0xC8,0x10,0xA8,0x18,0xA8,0x18,0xA8,0x18,0xA8,0x18,0xA8,0x18,0xC9,0x18,0xC9,0x18,0xC9,0x18,0xC9,0x10,0xC8,0x10,0xA8,0x10,0xA8,
0x10,0xA8,0x18,0xA8,0x18,0xC8,0x18,0xC9,0x18,0xC9,0x18,0xC8,0x10,0xA8,0x10,0xA8,0x10,0xA8,0x10,0xA8,0x10,0xA8,0x10,0xA8,0x10,0xA8,0x18,0xC8,0x18,0xC8,0x10,0xA8,
0x10,0xA8,0x10,0xA8,0x10,0xA8,0x10,0xA8,0x10,0xA8,0x10,0xA8,0x10,0xC8,0x10,0xC8,0x10,0xC8,0x10,0xA8,0x10,0xA8,0x10,0xA8,0x10,0xA8,0x10,0xA8,0x10,0xA8,0x10,0xA8,
0x10,0xA8,0x10,0xA8,0x10,0xA8,0x10,0xA8,0x10,0xA8,0x10,0xA7,0x10,0xA7,0x10,0xA8,0x10,0xA8,0x10,0xA8,0x10,0xA8,0x18,0xA8,0x18,0xA8,0x18,0xA8,0x18,0xA8,0x18,0xA8,
0x18,0xC9,0x20,0xC9,0x20,0xEA,0x29,0x0B,0x29,0x0B,0x49,0x4F,0x92,0xD8,0xEE,0x7E,0xFF,0xFF,0xD5,0x7D,0x59,0xCE,0x31,0xA7,0x31,0xA6,0x31,0xA6,0x31,0xA6,0x21,0x24,
0x00,0x00,0x00,0x00,0x00,0x00,0x00,0x00,0x00,0x00,0x00,0x00,0x00,0x00,0x00,0x00,0x00,0x00,0x00,0x00,0x00,0x00,0x00,0x00,0x00,0x00,0x00,0x00,0x00,0x00,0x00,0x00,
0x00,0x00,0x00,0x00,0x00,0x00,0x00,0x00,0x00,0x00,0x00,0x00,0x00,0x00,0x00,0x00,0x00,0x00,0x00,0x00,0x00,0x00,0x00,0x00,0x00,0x00,0x00,0x00,0x00,0x00,0x00,0x00,
0x31,0x86,0x31,0xA6,0x31,0xA6,0x39,0xC7,0x39,0xC7,0x51,0x6D,0xD5,0x5D,0xFF,0xDF,0xEE,0x3E,0x8A,0xB7,0x49,0x4F,0x28,0xCA,0x28,0xEA,0x20,0xC9,0x18,0xC9,0x18,0xA8,
0x18,0xA8,0x10,0xA7,0x10,0xA7,0x10,0xA7,0x10,0xA8,0x10,0xA8,0x18,0xA8,0x10,0xA7,0x10,0xA7,0x10,0xA8,0x10,0xA8,0x10,0xA8,0x5A,0x6E,0x10,0x63,0x00,0x21,0x08,0x22,
0x00,0x22,0x08,0x42,0x10,0x81,0x18,0xE1,0x29,0x62,0x41,0xE1,0xC5,0xC7,0xFF,0xB1,0xF7,0x50,0xE6,0xE9,0xF7,0x4A,0xFF,0x8B,0xFF,0xAC,0xFF,0xCC,0xFF,0xCC,0xFF,0xCC,
0xFF,0xCC,0xFF,0xCC,0xFF,0xAB,0xF7,0x6A,0xEE,0xE9,0xF7,0x4F,0xFF,0xD2,0xD6,0x6A,0x5B,0x03,0x3A,0xA3,0x2A,0xE2,0x2E,0x26,0x77,0xD0,0x5F,0x4D,0x27,0x47,0x37,0xC9,
0x3F,0xE9,0x47,0xEA,0x4F,0xEB,0x4F,0xEB,0x4F,0xEB,0x4F,0xEB,0x47,0xEA,0x3F,0xC9,0x3F,0xA9,0x2F,0x48,0x67,0x8E,0x6F,0xD0,0x1D,0xA6,0x02,0x01,0x09,0x42,0x08,0xC2,
0x08,0x62,0x00,0x42,0x00,0x42,0x00,0x42,0x00,0x42,0x00,0x42,0x00,0x42,0x08,0x42,0x00,0x42,0x08,0x42,0x00,0x42,0x00,0x42,0x00,0x42,0x00,0x42,0x08,0x42,0x00,0x42,
0x00,0x42,0x00,0x42,0x00,0x42,0x00,0x42,0x00,0x42,0x00,0x42,0x00,0x42,0x00,0x42,0x00,0x22,0x18,0xA5,0x52,0x4D,0x08,0x86,0x10,0xC8,0x10,0xA7,0x10,0xA6,0x10,0xA7,
0x10,0xC7,0x10,0xE8,0x11,0x29,0x11,0xAA,0x1A,0x4D,0x12,0xEF,0x4D,0x78,0x6E,0xDC,0x0B,0x71,0x1A,0xAF,0x22,0x0E,0x29,0xAF,0x39,0x71,0x59,0xD4,0xD5,0x1D,0x6A,0x15,
0x38,0xF1,0x30,0xCF,0x30,0xF0,0x38,0xF1,0x72,0x36,0xC4,0xBC,0x41,0xF3,0x32,0x52,0x1A,0xB2,0x55,0xDA,0x56,0x3A,0x0B,0x30,0x12,0xEF,0x13,0x0F,0x0B,0x91,0x6E,0xDC,
0x35,0x36,0x0B,0x50,0x12,0xEF,0x0B,0x0F,0x2C,0xD5,0x77,0x1D,0x13,0xB3,0x22,0xB2,0x32,0x32,0x49,0xD4,0xC4,0xFC,0x59,0xF4,0x30,0xF0,0x30,0xEF,0x39,0x10,0x38,0xD1,
0xBC,0xBB,0x93,0x38,0x40,0xD2,0x51,0x30,0x58,0xED,0x60,0xAC,0xAA,0xB3,0xDC,0x59,0x70,0x8B,0x68,0xEA,0x58,0xCA,0x50,0xC9,0x61,0x0A,0x70,0xCA,0xDC,0x19,0xAA,0x51,
0x68,0x89,0x58,0xC9,0x48,0xA8,0x38,0xA8,0x28,0x88,0x20,0x88,0x20,0xA9,0x18,0xC9,0x18,0x88,0x18,0xA8,0x18,0xA8,0x18,0xA8,0x18,0xA8,0x18,0xA8,0x18,0xA7,0x18,0xC8,
0x18,0xE9,0x18,0xC8,0x10,0xA8,0x18,0xA8,0x18,0xA8,0x18,0xA8,0x18,0xA8,0x18,0xA8,0x18,0xA8,0x18,0xC9,0x18,0xC9,0x10,0xA8,0x10,0xA8,0x10,0xA8,0x10,0xA8,0x18,0xA8,
0x18,0xA8,0x18,0xA8,0x18,0xA8,0x18,0xC9,0x10,0xC8,0x18,0xA8,0x10,0xA8,0x10,0xA8,0x18,0xC8,0x18,0xA8,0x18,0xA8,0x10,0xA8,0x18,0xC8,0x18,0xC8,0x10,0xA8,0x10,0xA8,
0x10,0xA7,0x10,0xA7,0x10,0xA7,0x10,0xA8,0x10,0xA8,0x10,0xA8,0x10,0xC8,0x10,0xC8,0x10,0xA8,0x10,0xA7,0x10,0xA7,0x10,0xA7,0x10,0xA7,0x10,0xA7,0x10,0xA7,0x10,0xA7,
0x10,0xA8,0x10,0xC8,0x10,0xA8,0x10,0xA7,0x10,0xA7,0x10,0xA7,0x10,0xA7,0x10,0xA7,0x10,0xA7,0x10,0xA8,0x10,0xA8,0x10,0xA8,0x10,0xA7,0x10,0xA7,0x10,0xA7,0x10,0xA7,
0x10,0xA7,0x10,0xA7,0x10,0xA7,0x10,0xA7,0x10,0xA7,0x10,0xA7,0x10,0xA7,0x10,0xA7,0x10,0x87,0x10,0x87,0x10,0xA7,0x10,0xA7,0x10,0xA7,0x10,0xA7,0x18,0xC8,0x18,0xC8,
0x18,0xC8,0x20,0xC9,0x20,0xCA,0x28,0xEA,0x28,0xEA,0x41,0x4E,0x92,0xF8,0xEE,0x5F,0xFF,0xFF,0xD5,0x7D,0x59,0xCE,0x31,0xA7,0x31,0xA6,0x31,0xA6,0x31,0xA6,0x29,0x44,
0x00,0x00,0x00,0x00,0x00,0x00,0x00,0x00,0x00,0x00,0x00,0x00,0x00,0x00,0x00,0x00,0x00,0x00,0x00,0x00,0x00,0x00,0x00,0x00,0x00,0x00,0x00,0x00,0x00,0x00,0x00,0x00,
0x00,0x00,0x00,0x00,0x00,0x00,0x00,0x00,0x00,0x00,0x00,0x00,0x00,0x00,0x00,0x00,0x00,0x00,0x00,0x00,0x00,0x00,0x00,0x00,0x00,0x00,0x00,0x00,0x00,0x00,0x00,0x00,
0x31,0x86,0x31,0xA6,0x31,0xA6,0x39,0xC7,0x39,0xC7,0x51,0x6D,0xD5,0x3D,0xFF,0xDF,0xEE,0x3E,0x8A,0xB7,0x49,0x4E,0x28,0xCA,0x28,0xCA,0x20,0xC9,0x18,0xA8,0x18,0xA8,
0x18,0xA7,0x18,0xA7,0x10,0xA7,0x10,0xA7,0x10,0xA7,0x10,0xA7,0x10,0x87,0x10,0x87,0x10,0xA7,0x10,0xA7,0x10,0xA8,0x18,0xC8,0x5A,0x6E,0x08,0x63,0x00,0x21,0x00,0x22,
0x00,0x21,0x08,0x41,0x10,0x81,0x20,0xE1,0x31,0x62,0x52,0x62,0xD6,0x69,0xFF,0xB2,0xEF,0x0D,0xEF,0x09,0xF7,0x6B,0xFF,0x8C,0xFF,0xCC,0xFF,0xCC,0xFF,0xCC,0xFF,0xEC,
0xFF,0xCC,0xFF,0xCC,0xFF,0xAB,0xF7,0x6B,0xEF,0x09,0xEF,0x0D,0xFF,0xB3,0xE6,0xEC,0x73,0xA4,0x3A,0x83,0x2B,0x83,0x36,0xA8,0x7F,0xD0,0x4F,0x2A,0x2F,0x68,0x37,0xC9,
0x3F,0xCA,0x47,0xEB,0x4F,0xEB,0x57,0xEC,0x57,0xEC,0x57,0xEC,0x4F,0xEB,0x47,0xEA,0x3F,0xA9,0x2F,0x68,0x4F,0x4B,0x77,0xD0,0x26,0x47,0x02,0x61,0x09,0x42,0x08,0xC2,
0x08,0x82,0x00,0x42,0x00,0x42,0x00,0x42,0x00,0x42,0x08,0x42,0x08,0x42,0x00,0x42,0x00,0x42,0x00,0x42,0x00,0x42,0x00,0x42,0x00,0x42,0x08,0x42,0x00,0x42,0x08,0x42,
0x00,0x42,0x00,0x42,0x00,0x42,0x00,0x42,0x00,0x42,0x00,0x42,0x00,0x42,0x00,0x42,0x00,0x21,0x18,0xA4,0x52,0x4D,0x10,0x87,0x10,0xA7,0x10,0xA6,0x10,0xA6,0x10,0xC6,
0x10,0xE7,0x11,0x28,0x11,0x8A,0x12,0x0B,0x12,0xAE,0x1B,0xD2,0x7F,0x3D,0x24,0x94,0x12,0xEF,0x1A,0x2E,0x21,0xAE,0x31,0x90,0x39,0x52,0x93,0x38,0xC4,0xBC,0x49,0x33,
0x38,0xF0,0x30,0xCF,0x39,0x10,0x38,0xD1,0x9B,0x79,0xA4,0x1B,0x31,0xB2,0x32,0x72,0x1A,0xF2,0x66,0x7C,0x45,0x97,0x0B,0x0F,0x12,0xEE,0x13,0x0F,0x0B,0xB1,0x76,0xFC,
0x2D,0x15,0x0B,0x50,0x12,0xEE,0x0B,0x0F,0x24,0x74,0x7F,0x3D,0x1B,0xF4,0x1A,0xD1,0x2A,0x52,0x39,0x93,0xBC,0x9B,0x7A,0xD6,0x30,0xD1,0x31,0x0F,0x31,0x10,0x30,0xD1,
0x83,0x17,0xC4,0xDC,0x40,0xD3,0x49,0x31,0x50,0xED,0x60,0xEC,0x78,0xED,0xE4,0x9A,0x99,0xEF,0x68,0xAA,0x60,0xCA,0x50,0xC9,0x50,0xC9,0x68,0xC9,0x91,0xAE,0xEC,0x5A,
0x89,0x0B,0x68,0xA9,0x50,0xA8,0x40,0xA8,0x38,0xA8,0x28,0xA8,0x20,0x88,0x20,0xA9,0x18,0xC8,0x18,0xA7,0x18,0xA7,0x18,0xA7,0x18,0xA7,0x18,0xA7,0x10,0xA7,0x18,0xA7,
0x18,0xA8,0x18,0xC9,0x18,0xC8,0x10,0xA7,0x10,0xC8,0x10,0xA8,0x18,0xA8,0x18,0xC8,0x18,0xC8,0x10,0xA8,0x10,0xC8,0x18,0xC9,0x10,0xC8,0x10,0xA7,0x10,0xA8,0x10,0xA8,
0x10,0xA8,0x18,0xA8,0x10,0xA7,0x10,0xA8,0x10,0xA8,0x18,0xC8,0x10,0xC8,0x10,0xA8,0x10,0xA8,0x10,0xA8,0x10,0xA7,0x10,0xA7,0x10,0xA7,0x10,0xA8,0x18,0xC8,0x18,0xC8,
0x10,0xC8,0x10,0xA7,0x10,0xA7,0x10,0xA7,0x10,0xA7,0x10,0xA7,0x10,0xA7,0x10,0xA8,0x10,0xA8,0x18,0xA8,0x10,0xA7,0x10,0xA7,0x10,0xA7,0x10,0xA7,0x10,0xA7,0x10,0xA7,
0x10,0xA7,0x10,0xA7,0x10,0xC7,0x10,0xA8,0x10,0xA7,0x10,0xA7,0x10,0xA7,0x10,0xA7,0x10,0xA7,0x10,0xA7,0x10,0xA7,0x10,0xA7,0x10,0xA7,0x10,0xA7,0x10,0xA7,0x10,0xA7,
0x10,0xA7,0x10,0xA7,0x10,0x87,0x10,0x87,0x10,0xA7,0x10,0xA7,0x10,0xA7,0x10,0xA7,0x10,0xA7,0x10,0xA7,0x10,0xA7,0x10,0xA7,0x10,0xA7,0x10,0xA7,0x18,0xA7,0x18,0xA8,
0x20,0xC8,0x20,0xC9,0x28,0xEA,0x28,0xEA,0x28,0xEA,0x41,0x4E,0x92,0xF8,0xEE,0x5E,0xFF,0xDF,0xD5,0x7D,0x59,0xCE,0x31,0xA7,0x31,0xA6,0x31,0x86,0x31,0xA6,0x21,0x24,
0x00,0x00,0x00,0x00,0x00,0x00,0x00,0x00,0x00,0x00,0x00,0x00,0x00,0x00,0x00,0x00,0x00,0x00,0x00,0x00,0x00,0x00,0x00,0x00,0x00,0x00,0x00,0x00,0x00,0x00,0x00,0x00,
0x00,0x00,0x00,0x00,0x00,0x00,0x00,0x00,0x00,0x00,0x00,0x00,0x00,0x00,0x00,0x00,0x00,0x00,0x00,0x00,0x00,0x00,0x00,0x00,0x00,0x00,0x00,0x00,0x00,0x00,0x00,0x00,
0x31,0x86,0x31,0xA6,0x31,0xA6,0x39,0xC6,0x39,0xC7,0x51,0x6D,0xD5,0x5D,0xFF,0xDF,0xEE,0x3E,0x8A,0xB7,0x41,0x2E,0x20,0xA9,0x20,0xC9,0x20,0xC9,0x18,0xA8,0x18,0xA8,
0x18,0xA7,0x10,0x87,0x10,0x87,0x10,0x87,0x10,0x87,0x10,0x87,0x10,0x87,0x10,0x87,0x10,0xA8,0x10,0xA8,0x10,0xA8,0x10,0xA7,0x5A,0x6D,0x08,0x62,0x00,0x21,0x00,0x22,
0x00,0x21,0x08,0x41,0x10,0x81,0x21,0x02,0x31,0x82,0x62,0xC2,0xDE,0xAA,0xFF,0xB2,0xEF,0x0B,0xEF,0x09,0xF7,0x6B,0xFF,0xAC,0xFF,0xCC,0xFF,0xED,0xFF,0xED,0xFF,0xCC,
0xFF,0xEC,0xFF,0xCC,0xFF,0xAB,0xF7,0x8B,0xEF,0x29,0xEF,0x0C,0xFF,0xB4,0xEF,0x2D,0x73,0xE4,0x3A,0xA3,0x2B,0xC3,0x3E,0xE9,0x87,0xF0,0x47,0x4A,0x2F,0x68,0x3F,0xC9,
0x3F,0xEA,0x4F,0xEB,0x57,0xEC,0x57,0xEC,0x5F,0xEC,0x57,0xEC,0x4F,0xEB,0x47,0xEA,0x3F,0xC9,0x2F,0x68,0x47,0x2A,0x77,0xD0,0x2E,0xA8,0x02,0xA2,0x09,0x42,0x08,0xE2,
0x08,0x82,0x00,0x42,0x00,0x42,0x00,0x42,0x00,0x42,0x00,0x42,0x00,0x42,0x00,0x42,0x00,0x42,0x00,0x42,0x00,0x42,0x00,0x42,0x00,0x22,0x08,0x42,0x00,0x42,0x08,0x42,
0x00,0x42,0x00,0x42,0x00,0x42,0x00,0x42,0x00,0x42,0x00,0x22,0x00,0x22,0x00,0x42,0x00,0x01,0x18,0xA4,0x52,0x4D,0x08,0x65,0x08,0x86,0x08,0xA6,0x08,0xA6,0x10,0xC6,
0x10,0xE7,0x11,0x49,0x11,0xCA,0x1A,0x4C,0x13,0x0F,0x5E,0x3A,0x56,0x19,0x0A,0xEF,0x1A,0x6E,0x21,0xCE,0x29,0x6E,0x39,0x71,0x49,0x73,0xCC,0xFC,0x8B,0x18,0x38,0xF2,
0x30,0xEF,0x30,0xCF,0x39,0x10,0x40,0xF2,0xC4,0x7C,0x7B,0x37,0x29,0xD2,0x2A,0x72,0x1B,0x52,0x6E,0xFD,0x34,0xD5,0x0A,0xCE,0x12,0xAE,0x13,0x0E,0x0B,0xD1,0x6F,0x1C,
0x2C,0xD5,0x0B,0x50,0x12,0xCE,0x0A,0xEE,0x1C,0x33,0x77,0x3D,0x24,0x34,0x1A,0xD1,0x2A,0x71,0x31,0x73,0xA3,0xFA,0x9B,0xB9,0x30,0xD1,0x31,0x0F,0x30,0xEF,0x38,0xF0,
0x51,0x93,0xD5,0x5D,0x61,0x94,0x41,0x11,0x49,0x0F,0x58,0xEC,0x68,0xAB,0xB3,0x14,0xD4,0x18,0x68,0x89,0x60,0xCA,0x50,0xC9,0x50,0xA8,0x58,0xE9,0x68,0xA9,0xC3,0x14,
0xD3,0x76,0x78,0x68,0x68,0xC9,0x50,0xA8,0x40,0x88,0x30,0x88,0x20,0x87,0x18,0x87,0x18,0xA8,0x18,0xA8,0x10,0x87,0x10,0xA7,0x10,0xA7,0x10,0xA7,0x10,0xA7,0x10,0xA7,
0x10,0xA7,0x10,0xA7,0x18,0xC8,0x18,0xC8,0x10,0xA7,0x10,0xA7,0x10,0xA7,0x10,0xA7,0x10,0xA7,0x10,0xA7,0x10,0xA7,0x10,0xA7,0x18,0xC8,0x18,0xC8,0x10,0xA7,0x10,0xA7,
0x10,0xA7,0x10,0xA7,0x10,0xA7,0x10,0xA7,0x10,0xA7,0x10,0xA7,0x10,0xC8,0x10,0xC8,0x10,0xA7,0x10,0xA7,0x10,0xA7,0x10,0xA7,0x10,0xA7,0x10,0xA7,0x10,0x87,0x10,0xA7,
0x10,0xA7,0x10,0xC8,0x10,0xA7,0x10,0x87,0x10,0xA7,0x10,0x87,0x10,0x87,0x10,0x87,0x10,0x87,0x10,0xA7,0x10,0xA7,0x10,0xA7,0x10,0xA7,0x10,0x87,0x10,0x86,0x10,0x86,
0x10,0xA7,0x10,0xA6,0x10,0x87,0x10,0xA7,0x10,0xA7,0x10,0xA7,0x10,0xA7,0x10,0xA7,0x10,0x87,0x10,0x86,0x10,0x86,0x10,0x87,0x10,0x86,0x10,0x86,0x10,0xA7,0x10,0xA7,
0x10,0xA7,0x10,0xA7,0x10,0x87,0x10,0x86,0x10,0x86,0x10,0x86,0x10,0x86,0x10,0x86,0x10,0x86,0x10,0x86,0x10,0xA7,0x10,0xA7,0x10,0x86,0x10,0x86,0x10,0x86,0x18,0xA7,
0x18,0xA7,0x20,0xC8,0x20,0xC9,0x28,0xEA,0x28,0xEA,0x41,0x4E,0x92,0xD7,0xEE,0x5E,0xFF,0xFF,0xD5,0x7D,0x59,0xCE,0x31,0xA6,0x31,0xA6,0x31,0x86,0x31,0xA6,0x21,0x24,
0x00,0x00,0x00,0x00,0x00,0x00,0x00,0x00,0x00,0x00,0x00,0x00,0x00,0x00,0x00,0x00,0x00,0x00,0x00,0x00,0x00,0x00,0x00,0x00,0x00,0x00,0x00,0x00,0x00,0x00,0x00,0x00,
0x00,0x00,0x00,0x00,0x00,0x00,0x00,0x00,0x00,0x00,0x00,0x00,0x00,0x00,0x00,0x00,0x00,0x00,0x00,0x00,0x00,0x00,0x00,0x00,0x00,0x00,0x00,0x00,0x00,0x00,0x00,0x00,
0x31,0x86,0x31,0xA6,0x31,0xA6,0x39,0xC7,0x39,0xA7,0x51,0x6D,0xD5,0x5D,0xFF,0xDF,0xEE,0x5E,0x8A,0xB7,0x41,0x2E,0x20,0xC9,0x20,0xCA,0x20,0xC9,0x18,0xA8,0x18,0x87,
0x10,0x87,0x10,0x87,0x10,0x87,0x10,0x87,0x10,0x87,0x10,0xA7,0x10,0xA7,0x10,0xA8,0x10,0x87,0x10,0x87,0x10,0x87,0x10,0x86,0x52,0x6D,0x08,0x42,0x00,0x01,0x00,0x21,
0x00,0x21,0x08,0x41,0x10,0x81,0x21,0x02,0x39,0xA2,0x62,0xC2,0xDE,0xAA,0xFF,0xB2,0xEF,0x0C,0xEF,0x09,0xF7,0x6B,0xFF,0xAB,0xFF,0xCC,0xFF,0xCC,0xFF,0xED,0xFF,0xCD,
0xFF,0xEC,0xFF,0xCC,0xFF,0xAB,0xF7,0x6B,0xEF,0x29,0xEF,0x0C,0xFF,0xB3,0xE7,0x0C,0x73,0xC4,0x42,0xA3,0x23,0xC3,0x3E,0xE8,0x87,0xF0,0x47,0x4A,0x2F,0x67,0x37,0xC9,
0x3F,0xCA,0x47,0xEB,0x57,0xEC,0x57,0xEC,0x5F,0xEC,0x57,0xEC,0x4F,0xEB,0x47,0xEA,0x3F,0xC9,0x2F,0x67,0x47,0x4B,0x77,0xD1,0x2E,0x67,0x02,0x82,0x09,0x62,0x00,0xE2,
0x00,0x82,0x00,0x42,0x00,0x42,0x00,0x42,0x08,0x42,0x00,0x42,0x00,0x42,0x00,0x42,0x00,0x42,0x00,0x42,0x00,0x42,0x00,0x42,0x00,0x42,0x08,0x42,0x00,0x42,0x00,0x42,
0x00,0x42,0x00,0x22,0x00,0x42,0x00,0x42,0x00,0x42,0x00,0x42,0x00,0x22,0x00,0x42,0x00,0x01,0x18,0xA5,0x52,0x4D,0x00,0x65,0x08,0xA6,0x08,0xA6,0x10,0xC6,0x10,0xE7,
0x11,0x49,0x11,0xAA,0x12,0x0C,0x12,0xAE,0x2C,0x95,0x77,0x3E,0x13,0xB1,0x12,0xAE,0x1A,0x0E,0x21,0x8E,0x31,0x6F,0x39,0x52,0x7A,0xB6,0xDD,0x5D,0x51,0x74,0x39,0x11,
0x30,0xCF,0x30,0xEF,0x39,0x11,0x59,0x95,0xD4,0xFD,0x5A,0x54,0x2A,0x12,0x22,0x91,0x1B,0xD4,0x77,0x1D,0x1C,0x53,0x12,0xEE,0x12,0xAE,0x13,0x0F,0x13,0xF1,0x77,0x1D,
0x24,0xD4,0x0B,0x50,0x12,0xCE,0x0A,0xEE,0x13,0xF2,0x77,0x5D,0x2C,0x95,0x12,0xF1,0x22,0x71,0x31,0x92,0x83,0x38,0xBC,0x9B,0x38,0xF2,0x39,0x30,0x31,0x0F,0x39,0x30,
0x38,0xD1,0xC4,0xBC,0x8A,0xF8,0x40,0xB1,0x49,0x10,0x50,0xED,0x60,0xCB,0x79,0x2D,0xEC,0xDB,0x91,0xAE,0x60,0xA9,0x58,0xC9,0x50,0xA8,0x48,0xA8,0x60,0xE9,0x78,0xEA,
0xE4,0x7A,0xAA,0x30,0x70,0x88,0x60,0xA8,0x48,0xA8,0x38,0x87,0x28,0x87,0x20,0x87,0x18,0x87,0x18,0xA8,0x18,0xA8,0x10,0x87,0x10,0xA7,0x10,0xA7,0x10,0xA7,0x10,0xA7,
0x10,0xA7,0x10,0xA7,0x10,0x87,0x18,0xC8,0x18,0xC8,0x10,0xA7,0x10,0xA7,0x10,0xA7,0x10,0xA7,0x10,0xA7,0x10,0xA7,0x10,0xA7,0x10,0xA7,0x10,0xA7,0x18,0xC8,0x10,0xA7,
0x10,0xA7,0x10,0xA7,0x10,0xA7,0x10,0xA7,0x10,0xA7,0x10,0xA7,0x10,0xA7,0x10,0xA7,0x10,0xA8,0x10,0xA7,0x10,0xA7,0x10,0xA7,0x10,0xA7,0x10,0xA7,0x10,0xA7,0x10,0xA7,
0x10,0x87,0x10,0xA7,0x10,0xA7,0x10,0xA7,0x10,0xA7,0x10,0x87,0x10,0x87,0x10,0xA7,0x10,0xA7,0x10,0x87,0x10,0x87,0x10,0x87,0x10,0xA7,0x10,0xA7,0x10,0xA7,0x10,0xA7,
0x10,0xA6,0x10,0x86,0x10,0x87,0x10,0x87,0x10,0x87,0x10,0x87,0x10,0x87,0x10,0xA7,0x10,0xA7,0x10,0x87,0x10,0x87,0x10,0x86,0x10,0x86,0x10,0x86,0x10,0x86,0x10,0x86,
0x10,0x86,0x10,0x87,0x10,0xA7,0x10,0xA7,0x10,0x86,0x10,0x86,0x10,0x86,0x10,0x86,0x10,0x86,0x10,0x86,0x10,0x86,0x10,0x86,0x10,0xA7,0x10,0xA7,0x18,0xA7,0x18,0xA7,
0x18,0xA8,0x20,0xC8,0x20,0xC9,0x28,0xEA,0x28,0xEA,0x41,0x4E,0x92,0xD7,0xE6,0x5E,0xFF,0xFF,0xD5,0x7D,0x59,0xCE,0x31,0xA6,0x31,0xA6,0x31,0x86,0x31,0xA6,0x21,0x24,
0x00,0x00,0x00,0x00,0x00,0x00,0x00,0x00,0x00,0x00,0x00,0x00,0x00,0x00,0x00,0x00,0x00,0x00,0x00,0x00,0x00,0x00,0x00,0x00,0x00,0x00,0x00,0x00,0x00,0x00,0x00,0x00,
0x00,0x00,0x00,0x00,0x00,0x00,0x00,0x00,0x00,0x00,0x00,0x00,0x00,0x00,0x00,0x00,0x00,0x00,0x00,0x00,0x00,0x00,0x00,0x00,0x00,0x00,0x00,0x00,0x00,0x00,0x00,0x00,
0x31,0x86,0x31,0xA6,0x31,0xA6,0x39,0xC7,0x39,0xC7,0x51,0x6D,0xD5,0x5D,0xFF,0xDF,0xEE,0x5E,0x8A,0xB7,0x41,0x2D,0x20,0xA9,0x20,0xA9,0x20,0xA8,0x18,0xA7,0x18,0x87,
0x18,0x87,0x10,0xA7,0x10,0xA7,0x10,0xA7,0x10,0x87,0x10,0x87,0x10,0x87,0x10,0x87,0x10,0x87,0x10,0x87,0x10,0x86,0x10,0x66,0x52,0x6D,0x08,0x62,0x00,0x21,0x00,0x21,
0x00,0x21,0x08,0x41,0x10,0x81,0x20,0xE2,0x31,0xA2,0x52,0x81,0xD6,0x49,0xFF,0xD2,0xEF,0x2E,0xE6,0xE8,0xF7,0x4A,0xFF,0x8B,0xFF,0xAC,0xFF,0xCC,0xFF,0xCD,0xFF,0xCD,
0xFF,0xCC,0xFF,0xCC,0xFF,0x8B,0xF7,0x6A,0xEF,0x08,0xEF,0x4E,0xFF,0xB2,0xD6,0x8A,0x5B,0x44,0x3A,0xA3,0x23,0x42,0x2E,0x87,0x7F,0xF0,0x57,0x6B,0x27,0x67,0x37,0xA8,
0x3F,0xC9,0x47,0xEA,0x4F,0xEB,0x57,0xEC,0x57,0xEC,0x57,0xEB,0x4F,0xEB,0x47,0xCA,0x37,0xA9,0x27,0x47,0x5F,0x6D,0x6F,0xD0,0x25,0xC6,0x02,0x41,0x09,0x62,0x00,0xE2,
0x00,0x82,0x00,0x42,0x00,0x42,0x00,0x42,0x00,0x42,0x00,0x42,0x00,0x42,0x00,0x42,0x00,0x42,0x00,0x42,0x00,0x42,0x00,0x42,0x00,0x42,0x00,0x42,0x00,0x42,0x00,0x42,
0x00,0x42,0x00,0x42,0x00,0x42,0x00,0x42,0x00,0x42,0x00,0x42,0x00,0x42,0x00,0x42,0x00,0x21,0x18,0xA5,0x52,0x4D,0x08,0x65,0x08,0xA6,0x08,0xA6,0x10,0xC7,0x11,0x28,
0x11,0x69,0x11,0xEB,0x12,0x8D,0x13,0x70,0x6E,0xDD,0x3D,0x56,0x0A,0xCE,0x1A,0x4D,0x21,0xAD,0x29,0x6D,0x39,0x70,0x41,0x32,0xC4,0x9B,0xAB,0xDA,0x38,0xF2,0x30,0xEF,
0x28,0xCE,0x31,0x10,0x39,0x12,0x7A,0x97,0xCC,0xDD,0x39,0xD3,0x32,0x32,0x22,0x91,0x2C,0x75,0x77,0x1D,0x13,0xB1,0x12,0xCE,0x12,0x8D,0x12,0xEE,0x13,0xF2,0x77,0x1D,
0x24,0x94,0x0B,0x30,0x0A,0xCE,0x0A,0xEE,0x0B,0xB1,0x77,0x3D,0x34,0xF6,0x13,0x11,0x22,0x91,0x31,0xD2,0x6A,0x96,0xCD,0x3C,0x49,0x53,0x39,0x10,0x30,0xEE,0x31,0x0F,
0x38,0xD0,0x93,0x78,0xBC,0x9B,0x40,0xB2,0x41,0x10,0x48,0xEE,0x58,0xCC,0x60,0x8A,0xC3,0x55,0xD3,0xD7,0x68,0x69,0x60,0xC9,0x50,0xA8,0x48,0xA8,0x50,0xC8,0x68,0xC9,
0xA2,0x30,0xEC,0xDB,0x88,0xEA,0x70,0xA8,0x58,0xA8,0x40,0x87,0x30,0x87,0x20,0x87,0x18,0x86,0x18,0x86,0x18,0xA7,0x10,0xA7,0x10,0x87,0x10,0xA7,0x10,0xA7,0x10,0xA7,
0x10,0xA7,0x10,0xA7,0x10,0xA7,0x10,0xA7,0x10,0xA7,0x18,0xC8,0x10,0xA7,0x10,0xA7,0x10,0xA7,0x10,0xA7,0x10,0xA7,0x10,0xA7,0x10,0xA7,0x10,0xA7,0x10,0x87,0x10,0xA7,
0x10,0xA7,0x10,0xA7,0x10,0xA7,0x10,0xA7,0x10,0xA7,0x10,0xA7,0x10,0xA7,0x10,0xA7,0x10,0xA7,0x10,0xA7,0x10,0xC7,0x10,0xA7,0x10,0xA7,0x10,0xA7,0x10,0xA7,0x10,0xA7,
0x10,0xA7,0x10,0xA7,0x10,0x87,0x10,0x87,0x10,0xA7,0x10,0xA7,0x10,0xA7,0x10,0x87,0x10,0xA6,0x10,0x86,0x10,0x86,0x10,0x87,0x10,0x87,0x10,0x86,0x10,0xA6,0x10,0xA7,
0x10,0xA7,0x10,0xA7,0x10,0x86,0x10,0x86,0x10,0x86,0x10,0x86,0x10,0x86,0x10,0x86,0x10,0x86,0x10,0x86,0x10,0xA7,0x10,0xA7,0x10,0x86,0x10,0x86,0x10,0x86,0x10,0x86,
0x10,0x86,0x10,0x86,0x10,0x86,0x10,0x86,0x10,0x86,0x10,0xA7,0x10,0xA6,0x10,0x86,0x10,0x86,0x10,0x86,0x10,0x86,0x10,0x86,0x10,0x86,0x10,0x86,0x10,0xA6,0x18,0xA7,
0x18,0xC8,0x20,0xC8,0x20,0xC9,0x28,0xE9,0x28,0xC9,0x41,0x2D,0x92,0xD8,0xE6,0x5E,0xFF,0xFF,0xD5,0x7D,0x59,0xCE,0x31,0xA6,0x31,0xA6,0x31,0x86,0x31,0xA6,0x21,0x24,
0x00,0x00,0x00,0x00,0x00,0x00,0x00,0x00,0x00,0x00,0x00,0x00,0x00,0x00,0x00,0x00,0x00,0x00,0x00,0x00,0x00,0x00,0x00,0x00,0x00,0x00,0x00,0x00,0x00,0x00,0x00,0x00,
0x00,0x00,0x00,0x00,0x00,0x00,0x00,0x00,0x00,0x00,0x00,0x00,0x00,0x00,0x00,0x00,0x00,0x00,0x00,0x00,0x00,0x00,0x00,0x00,0x00,0x00,0x00,0x00,0x00,0x00,0x00,0x00,
0x31,0x86,0x31,0xA6,0x31,0xA6,0x39,0xC6,0x39,0xA7,0x51,0x6D,0xD5,0x5C,0xFF,0xDF,0xEE,0x5E,0x8A,0xB7,0x41,0x0D,0x20,0x88,0x20,0x88,0x18,0x87,0x18,0x87,0x10,0xA7,
0x10,0xA7,0x10,0x87,0x10,0x86,0x10,0x66,0x10,0x66,0x10,0x66,0x10,0x66,0x10,0x66,0x10,0x66,0x10,0x86,0x10,0x86,0x10,0x86,0x5A,0x6D,0x08,0x62,0x00,0x01,0x00,0x21,
0x00,0x21,0x08,0x41,0x08,0x61,0x18,0xE2,0x31,0x82,0x42,0x01,0xAD,0x26,0xFF,0x8F,0xFF,0x91,0xE6,0xE9,0xF7,0x29,0xF7,0x6A,0xFF,0xAB,0xFF,0xAC,0xFF,0xAC,0xFF,0xCC,
0xFF,0xAC,0xFF,0xAB,0xF7,0x8B,0xF7,0x49,0xE6,0xE9,0xFF,0x92,0xFF,0x8F,0xB5,0x87,0x4A,0xA3,0x3A,0x83,0x22,0xC2,0x25,0xA4,0x5F,0xAC,0x6F,0xAE,0x2F,0x47,0x2F,0xA8,
0x37,0xC9,0x47,0xCA,0x4F,0xEA,0x4F,0xEB,0x4F,0xEB,0x4F,0xEB,0x47,0xCA,0x3F,0xC9,0x37,0xA8,0x2F,0x28,0x77,0xB0,0x57,0x8C,0x14,0xA4,0x01,0xC1,0x09,0x62,0x00,0xC2,
0x00,0x82,0x00,0x42,0x00,0x42,0x00,0x42,0x00,0x42,0x00,0x42,0x00,0x42,0x00,0x42,0x00,0x42,0x00,0x42,0x00,0x42,0x00,0x42,0x00,0x42,0x00,0x42,0x00,0x42,0x00,0x42,
0x00,0x22,0x00,0x42,0x00,0x42,0x00,0x42,0x00,0x42,0x00,0x42,0x00,0x42,0x00,0x42,0x00,0x21,0x18,0xA4,0x52,0x4D,0x00,0x65,0x08,0xA5,0x08,0xA6,0x08,0xE7,0x11,0x48,
0x11,0xAA,0x12,0x6C,0x13,0x0F,0x45,0x77,0x6E,0xBC,0x0B,0x2F,0x12,0x8D,0x19,0xEC,0x21,0x6D,0x29,0x4D,0x39,0x50,0x61,0xF4,0xE5,0x9E,0x6A,0x15,0x38,0xF1,0x28,0xCE,
0x28,0xEE,0x39,0x30,0x38,0xF2,0xAB,0xDA,0xB4,0x3A,0x31,0x91,0x2A,0x31,0x1A,0xB1,0x3D,0x17,0x6E,0xDC,0x0B,0x30,0x12,0xAD,0x12,0x6C,0x12,0xEE,0x14,0x12,0x77,0x1D,
0x1C,0x73,0x0B,0x50,0x0A,0xAD,0x12,0xCE,0x03,0x70,0x77,0x1D,0x45,0x57,0x0B,0x11,0x22,0x91,0x32,0x11,0x51,0xF5,0xD5,0x9D,0x59,0xF5,0x30,0xF0,0x30,0xEE,0x30,0xEE,
0x38,0xEF,0x61,0xD4,0xDD,0x9D,0x59,0x54,0x40,0xF0,0x40,0xEE,0x48,0xCC,0x58,0xAA,0x81,0x4D,0xEC,0xBB,0x89,0x4C,0x60,0x89,0x50,0xA8,0x48,0x87,0x48,0x87,0x60,0xE9,
0x70,0xA9,0xD3,0xD7,0xD3,0xB6,0x78,0x68,0x68,0xA8,0x48,0x87,0x38,0x87,0x28,0x86,0x20,0x86,0x18,0x66,0x10,0x66,0x18,0xA8,0x10,0xA7,0x10,0x86,0x10,0x86,0x10,0x86,
0x10,0x86,0x10,0x86,0x10,0x86,0x10,0xA6,0x10,0x86,0x10,0x87,0x10,0xA8,0x10,0xA7,0x10,0x86,0x10,0x87,0x10,0x87,0x10,0x86,0x10,0x86,0x10,0x86,0x10,0x86,0x10,0x86,
0x10,0x87,0x10,0xA7,0x10,0x87,0x10,0x86,0x10,0x86,0x10,0x86,0x10,0x86,0x10,0x86,0x10,0x86,0x10,0x86,0x10,0x86,0x10,0xA7,0x10,0xA7,0x10,0xA7,0x10,0x87,0x10,0x86,
0x10,0x86,0x10,0x86,0x10,0x86,0x10,0x86,0x10,0x86,0x10,0x86,0x10,0x86,0x10,0xA7,0x10,0x86,0x08,0x86,0x08,0x85,0x10,0x86,0x10,0x86,0x10,0x86,0x10,0x86,0x08,0x86,
0x08,0x86,0x10,0x87,0x10,0x87,0x10,0x86,0x08,0x86,0x08,0x85,0x08,0x86,0x10,0x86,0x10,0x86,0x08,0x86,0x08,0x66,0x08,0x86,0x10,0x86,0x10,0x87,0x10,0x86,0x10,0x86,
0x08,0x85,0x08,0x85,0x08,0x85,0x08,0x86,0x08,0x85,0x08,0x65,0x08,0x85,0x10,0x86,0x10,0x86,0x10,0x86,0x10,0x65,0x08,0x65,0x08,0x65,0x10,0x85,0x10,0x86,0x10,0x86,
0x18,0xA7,0x18,0xA8,0x20,0xC8,0x28,0xE9,0x28,0xEA,0x41,0x4E,0x92,0xF8,0xEE,0x5E,0xFF,0xFF,0xD5,0x7D,0x59,0xCE,0x31,0xA6,0x31,0xA6,0x31,0x86,0x31,0xA6,0x21,0x24,
0x00,0x00,0x00,0x00,0x00,0x00,0x00,0x00,0x00,0x00,0x00,0x00,0x00,0x00,0x00,0x00,0x00,0x00,0x00,0x00,0x00,0x00,0x00,0x00,0x00,0x00,0x00,0x00,0x00,0x00,0x00,0x00,
0x00,0x00,0x00,0x00,0x00,0x00,0x00,0x00,0x00,0x00,0x00,0x00,0x00,0x00,0x00,0x00,0x00,0x00,0x00,0x00,0x00,0x00,0x00,0x00,0x00,0x00,0x00,0x00,0x00,0x00,0x00,0x00,
0x31,0x86,0x31,0xA6,0x31,0xA6,0x39,0xC6,0x39,0xA7,0x51,0x6D,0xD5,0x5C,0xFF,0xDF,0xE6,0x3E,0x8A,0x97,0x41,0x2D,0x20,0xA9,0x20,0xA9,0x20,0xA8,0x18,0x87,0x18,0xA7,
0x10,0x86,0x10,0x86,0x10,0x86,0x10,0x86,0x10,0x86,0x10,0x86,0x10,0x87,0x10,0x87,0x10,0x87,0x10,0x87,0x10,0x86,0x10,0x66,0x5A,0x8D,0x08,0x42,0x00,0x01,0x00,0x21,
0x00,0x21,0x08,0x41,0x08,0x61,0x18,0xC2,0x29,0x42,0x39,0xC1,0x73,0x83,0xEF,0x2B,0xFF,0xB1,0xF7,0x4E,0xE6,0xE8,0xF7,0x49,0xF7,0x6B,0xFF,0x8B,0xFF,0xAB,0xFF,0xAB,
0xFF,0x8B,0xF7,0x8B,0xF7,0x6A,0xEF,0x08,0xEF,0x4E,0xFF,0xB2,0xE6,0xEB,0x7B,0xA4,0x42,0x43,0x32,0x43,0x22,0x42,0x14,0x02,0x37,0x08,0x7F,0xD0,0x4F,0x6B,0x27,0x67,
0x37,0xC9,0x3F,0xC9,0x3F,0xEA,0x47,0xEA,0x47,0xEA,0x3F,0xEA,0x3F,0xC9,0x37,0xA9,0x2F,0x47,0x67,0x6E,0x7F,0xF1,0x2E,0xC8,0x0B,0x02,0x09,0xA2,0x01,0x22,0x00,0xA2,
0x00,0x62,0x00,0x42,0x00,0x42,0x00,0x42,0x00,0x42,0x00,0x42,0x00,0x42,0x00,0x42,0x00,0x42,0x00,0x42,0x00,0x42,0x00,0x42,0x00,0x42,0x00,0x42,0x00,0x42,0x00,0x42,
0x00,0x42,0x00,0x42,0x00,0x42,0x00,0x42,0x00,0x42,0x00,0x22,0x00,0x42,0x00,0x42,0x00,0x21,0x18,0xA4,0x52,0x6E,0x00,0x65,0x08,0xC6,0x08,0xC6,0x11,0x28,0x11,0xAA,
0x12,0x2B,0x12,0xEF,0x24,0x33,0x87,0x5E,0x2C,0x74,0x12,0xAE,0x1A,0x4D,0x19,0xCC,0x21,0x6D,0x39,0x6F,0x39,0x31,0xA3,0xB9,0xC4,0x9C,0x41,0x12,0x39,0x10,0x28,0xEE,
0x31,0x0F,0x41,0x51,0x49,0x33,0xCC,0xFD,0x83,0x58,0x31,0xB1,0x2A,0x51,0x12,0xD2,0x4D,0xD9,0x56,0x5A,0x0B,0x0F,0x12,0xAD,0x12,0x6C,0x12,0xEE,0x1C,0x12,0x77,0x3D,
0x1C,0x53,0x0B,0x50,0x0A,0xCE,0x12,0xEE,0x03,0x50,0x6E,0xBB,0x55,0xD9,0x0B,0x51,0x22,0xB1,0x32,0x32,0x41,0xB4,0xCD,0x5D,0x7A,0xD7,0x39,0x11,0x31,0x0E,0x30,0xEE,
0x39,0x0F,0x40,0xF1,0xCD,0x1C,0x82,0xD7,0x38,0x91,0x40,0xEE,0x48,0xCC,0x50,0xCA,0x60,0x89,0xC3,0x75,0xCB,0x76,0x68,0x68,0x60,0xC9,0x50,0xA8,0x48,0xA8,0x50,0xC8,
0x68,0xE9,0x89,0x4B,0xF5,0x1B,0xAA,0x0F,0x70,0x88,0x60,0xA8,0x40,0xA7,0x30,0x87,0x28,0x87,0x20,0x86,0x18,0x86,0x10,0x86,0x18,0xA8,0x10,0xA7,0x10,0x86,0x10,0xA7,
0x10,0xA6,0x10,0xA6,0x10,0xA6,0x10,0xA6,0x10,0xA7,0x10,0xA7,0x10,0xA7,0x10,0xA8,0x10,0xC8,0x10,0xA7,0x10,0xA7,0x10,0xA7,0x10,0xA7,0x10,0xA7,0x10,0xA7,0x10,0xA7,
0x10,0x87,0x10,0x87,0x10,0xA7,0x10,0xA7,0x10,0xA7,0x10,0xA7,0x10,0xA7,0x10,0xA7,0x10,0xA7,0x10,0xA7,0x10,0xA7,0x10,0x87,0x10,0xA7,0x10,0xA7,0x10,0xA7,0x10,0xA7,
0x10,0xA6,0x10,0x86,0x10,0xA7,0x10,0x86,0x10,0x86,0x10,0x86,0x10,0x86,0x10,0x87,0x10,0xA6,0x10,0xA7,0x10,0xA7,0x10,0x86,0x10,0x86,0x10,0x86,0x10,0x86,0x10,0x86,
0x10,0x86,0x10,0x86,0x10,0x86,0x10,0xA7,0x10,0xA7,0x10,0xA6,0x10,0x86,0x10,0x86,0x10,0x86,0x10,0x86,0x10,0x86,0x10,0x86,0x10,0x86,0x10,0x86,0x10,0x87,0x10,0x87,
0x10,0xA7,0x10,0x86,0x10,0x86,0x10,0x86,0x08,0x86,0x08,0x86,0x10,0x86,0x10,0x86,0x10,0x86,0x10,0x86,0x10,0xA6,0x10,0xA6,0x10,0xA6,0x10,0x86,0x10,0x86,0x10,0xA6,
0x18,0xA7,0x18,0xA8,0x20,0xC8,0x20,0xC9,0x28,0xE9,0x41,0x2D,0x92,0xF8,0xEE,0x7E,0xFF,0xFF,0xD5,0x7D,0x59,0xCE,0x31,0xA6,0x31,0xA6,0x31,0x86,0x31,0xA6,0x21,0x24,
0x00,0x00,0x00,0x00,0x00,0x00,0x00,0x00,0x00,0x00,0x00,0x00,0x00,0x00,0x00,0x00,0x00,0x00,0x00,0x00,0x00,0x00,0x00,0x00,0x00,0x00,0x00,0x00,0x00,0x00,0x00,0x00,
0x00,0x00,0x00,0x00,0x00,0x00,0x00,0x00,0x00,0x00,0x00,0x00,0x00,0x00,0x00,0x00,0x00,0x00,0x00,0x00,0x00,0x00,0x00,0x00,0x00,0x00,0x00,0x00,0x00,0x00,0x00,0x00,
0x31,0x86,0x31,0xA6,0x31,0xA6,0x31,0xC6,0x39,0xA7,0x51,0x6D,0xD5,0x3C,0xFF,0xDF,0xE6,0x3E,0x8A,0x97,0x41,0x2D,0x20,0x88,0x20,0xA8,0x18,0x87,0x10,0x66,0x10,0x66,
0x10,0x66,0x10,0x65,0x10,0x65,0x10,0x66,0x10,0x86,0x10,0x87,0x10,0x86,0x10,0x86,0x10,0x66,0x10,0x65,0x08,0x85,0x10,0x65,0x5A,0x8D,0x08,0x42,0x00,0x01,0x00,0x21,
0x00,0x21,0x00,0x41,0x08,0x61,0x10,0xA1,0x21,0x02,0x31,0xA2,0x42,0x21,0xB5,0x67,0xF7,0x6D,0xFF,0xB3,0xEF,0x2D,0xE6,0xE8,0xF7,0x29,0xF7,0x6A,0xF7,0x6A,0xF7,0x6A,
0xF7,0x6A,0xF7,0x4A,0xEF,0x09,0xEF,0x2E,0xFF,0xB3,0xF7,0x6D,0xAD,0x06,0x4A,0x42,0x32,0x03,0x21,0xC2,0x1A,0x02,0x12,0x61,0x1D,0x64,0x4F,0x6C,0x7F,0xD1,0x47,0x6A,
0x2F,0x67,0x37,0xC8,0x37,0xC9,0x37,0xC9,0x37,0xC9,0x2F,0xC8,0x2F,0x88,0x27,0x47,0x5F,0x6D,0x8F,0xF3,0x4F,0xAB,0x1D,0x05,0x01,0xE1,0x09,0x62,0x00,0xE2,0x00,0x82,
0x00,0x42,0x00,0x42,0x00,0x42,0x00,0x21,0x00,0x22,0x00,0x22,0x00,0x42,0x00,0x42,0x00,0x42,0x00,0x42,0x00,0x42,0x00,0x22,0x00,0x42,0x00,0x42,0x00,0x42,0x00,0x22,
0x00,0x42,0x00,0x42,0x00,0x42,0x00,0x22,0x00,0x21,0x00,0x42,0x00,0x42,0x00,0x42,0x00,0x21,0x18,0xA4,0x52,0x6D,0x00,0x64,0x08,0xC6,0x08,0xE7,0x09,0x48,0x11,0xCA,
0x12,0xAE,0x13,0x71,0x66,0x9B,0x5E,0x3A,0x0A,0xEE,0x12,0x4D,0x19,0xCC,0x19,0x6C,0x29,0x2D,0x39,0x50,0x49,0x72,0xDC,0xFD,0x82,0xB6,0x30,0xF0,0x30,0xEE,0x28,0xED,
0x31,0x0F,0x41,0x32,0x59,0xB4,0xDD,0x7D,0x62,0x55,0x31,0xD1,0x2A,0x71,0x13,0x32,0x5E,0x7B,0x3D,0x98,0x0A,0xCE,0x12,0x6C,0x0A,0x4C,0x0A,0xCD,0x24,0x32,0x77,0x3D,
0x14,0x32,0x0B,0x2F,0x0A,0xAD,0x12,0xAD,0x03,0x2F,0x66,0x7A,0x5E,0x3A,0x0B,0x51,0x22,0xD1,0x32,0x31,0x39,0x92,0xBC,0xBB,0x9B,0xD8,0x30,0xF1,0x31,0x0E,0x28,0xCD,
0x31,0x0E,0x30,0xB0,0x9B,0x99,0xBC,0x7C,0x38,0x70,0x38,0xEE,0x40,0xED,0x48,0xCA,0x58,0xA9,0x89,0x6D,0xEC,0xFB,0x89,0x4C,0x60,0xA8,0x58,0xA8,0x48,0xA7,0x48,0x87,
0x58,0xA8,0x70,0xA9,0xB2,0x91,0xEC,0xDB,0x80,0xCA,0x68,0xA8,0x50,0x87,0x38,0x87,0x28,0x86,0x20,0x86,0x18,0x66,0x10,0x66,0x10,0x66,0x10,0x87,0x10,0xA7,0x10,0x85,
0x10,0x86,0x10,0x86,0x10,0x86,0x10,0x86,0x10,0x86,0x10,0x86,0x10,0x86,0x10,0x86,0x10,0xA7,0x10,0xA7,0x10,0x86,0x10,0x86,0x10,0x86,0x10,0x86,0x10,0x86,0x10,0x86,
0x10,0x86,0x10,0x86,0x08,0x86,0x10,0x86,0x10,0xA7,0x10,0xA6,0x10,0x86,0x10,0x86,0x10,0x86,0x10,0x86,0x10,0x86,0x10,0x86,0x10,0x86,0x10,0x86,0x10,0x86,0x10,0xA7,
0x10,0xA7,0x10,0x86,0x08,0x86,0x10,0x86,0x10,0x86,0x08,0x85,0x08,0x85,0x08,0x85,0x08,0x85,0x10,0x86,0x10,0x86,0x10,0xA6,0x10,0x86,0x08,0x86,0x08,0x85,0x08,0x85,
0x10,0x86,0x08,0x85,0x08,0x66,0x08,0x85,0x08,0x85,0x08,0x86,0x10,0x86,0x10,0x86,0x10,0x86,0x08,0x66,0x08,0x65,0x08,0x65,0x08,0x85,0x08,0x85,0x08,0x65,0x08,0x65,
0x10,0x86,0x10,0x86,0x10,0x86,0x10,0x86,0x08,0x86,0x08,0x85,0x08,0x65,0x08,0x85,0x08,0x85,0x08,0x65,0x08,0x65,0x10,0x85,0x10,0x85,0x10,0x86,0x10,0x86,0x10,0x86,
0x18,0x87,0x18,0x87,0x20,0xA7,0x20,0xA8,0x20,0xC8,0x41,0x2D,0x92,0xF8,0xEE,0x7E,0xFF,0xFF,0xD5,0x7D,0x59,0xCE,0x31,0xA6,0x31,0xA6,0x31,0x86,0x31,0xA6,0x21,0x24,
0x00,0x00,0x00,0x00,0x00,0x00,0x00,0x00,0x00,0x00,0x00,0x00,0x00,0x00,0x00,0x00,0x00,0x00,0x00,0x00,0x00,0x00,0x00,0x00,0x00,0x00,0x00,0x00,0x00,0x00,0x00,0x00,
0x00,0x00,0x00,0x00,0x00,0x00,0x00,0x00,0x00,0x00,0x00,0x00,0x00,0x00,0x00,0x00,0x00,0x00,0x00,0x00,0x00,0x00,0x00,0x00,0x00,0x00,0x00,0x00,0x00,0x00,0x00,0x00,
0x31,0x86,0x31,0xA6,0x31,0xA6,0x31,0xA6,0x31,0xA7,0x51,0x6D,0xD5,0x3C,0xFF,0xDF,0xE6,0x3E,0x8A,0x97,0x39,0x0C,0x18,0x67,0x18,0x87,0x18,0x87,0x10,0x66,0x10,0x66,
0x10,0x66,0x10,0x66,0x10,0x86,0x10,0x86,0x10,0x86,0x10,0x66,0x10,0x65,0x08,0x65,0x08,0x65,0x10,0x65,0x08,0x65,0x08,0x65,0x5A,0x8D,0x08,0x42,0x00,0x21,0x00,0x21,
0x00,0x21,0x00,0x21,0x08,0x41,0x08,0x61,0x18,0xC1,0x29,0x42,0x39,0xA2,0x5A,0xA2,0xD6,0x49,0xFF,0x8E,0xFF,0xB3,0xF7,0x70,0xEF,0x2C,0xEF,0x0A,0xEF,0x09,0xEF,0x09,
0xEF,0x0A,0xEF,0x2C,0xF7,0x71,0xFF,0xB3,0xF7,0x6E,0xC5,0xE8,0x52,0x82,0x39,0xC2,0x29,0x62,0x19,0x42,0x11,0x82,0x11,0xE1,0x0B,0x01,0x26,0x46,0x5F,0x8D,0x87,0xD2,
0x67,0x8E,0x3F,0x69,0x2F,0x68,0x2F,0x67,0x27,0x67,0x27,0x47,0x37,0x49,0x67,0x8E,0x87,0xD2,0x57,0xAC,0x26,0x06,0x0A,0x82,0x09,0xA2,0x01,0x22,0x00,0xA1,0x00,0x61,
0x00,0x42,0x00,0x22,0x00,0x22,0x00,0x22,0x00,0x22,0x00,0x22,0x00,0x22,0x00,0x22,0x00,0x22,0x08,0x42,0x00,0x22,0x00,0x22,0x00,0x22,0x00,0x22,0x00,0x22,0x00,0x22,
0x00,0x22,0x00,0x42,0x00,0x42,0x00,0x21,0x00,0x42,0x00,0x42,0x00,0x21,0x00,0x41,0x00,0x01,0x18,0xA4,0x52,0x6E,0x00,0x84,0x08,0xE6,0x09,0x27,0x11,0xA9,0x12,0x4C,
0x13,0x30,0x3D,0x36,0x87,0x7E,0x13,0xD2,0x12,0xCE,0x12,0x0C,0x19,0x8B,0x21,0x4C,0x31,0x2E,0x39,0x30,0x82,0xD7,0xDC,0xFD,0x49,0x32,0x31,0x0F,0x28,0xCE,0x28,0xED,
0x39,0x30,0x41,0x12,0x82,0xD8,0xD5,0x5D,0x41,0xB3,0x31,0xF2,0x2A,0x91,0x13,0x93,0x6E,0xFD,0x2C,0xF5,0x0A,0xCE,0x12,0x6C,0x0A,0x4C,0x0A,0xCD,0x24,0x53,0x77,0x3D,
0x0C,0x11,0x0B,0x4F,0x0A,0x8D,0x12,0xAD,0x03,0x2F,0x56,0x19,0x66,0x7B,0x0B,0x71,0x22,0xD1,0x2A,0x31,0x31,0x92,0xA4,0x1A,0xBC,0xBB,0x38,0xF2,0x31,0x2F,0x28,0xCD,
0x30,0xED,0x30,0xEF,0x69,0xF4,0xDD,0x7E,0x51,0x33,0x38,0xCF,0x38,0xCD,0x48,0xEC,0x50,0xCA,0x60,0x69,0xCB,0xD7,0xCB,0xB6,0x70,0x89,0x60,0xC9,0x50,0xA7,0x48,0x87,
0x50,0x87,0x68,0xC8,0x78,0xA9,0xDC,0x38,0xCB,0x75,0x70,0x67,0x60,0xA8,0x48,0x87,0x38,0x86,0x28,0x86,0x20,0x86,0x18,0x66,0x10,0x66,0x10,0x65,0x10,0xA7,0x10,0xA7,
0x10,0x85,0x10,0x86,0x10,0x86,0x10,0x86,0x10,0x86,0x10,0x86,0x10,0x86,0x10,0x86,0x10,0x85,0x10,0x86,0x10,0xA7,0x10,0x86,0x10,0x86,0x10,0x86,0x10,0x86,0x10,0x86,
0x10,0x86,0x10,0x86,0x10,0x86,0x10,0x86,0x10,0x86,0x10,0xA7,0x10,0xA7,0x10,0x86,0x10,0x86,0x10,0x86,0x10,0x86,0x08,0x86,0x10,0x86,0x10,0x86,0x10,0x86,0x10,0x86,
0x10,0x86,0x10,0xA7,0x10,0x86,0x08,0x86,0x08,0x85,0x10,0x85,0x08,0x86,0x08,0x85,0x08,0x85,0x08,0x85,0x08,0x85,0x08,0x85,0x08,0x86,0x08,0xA6,0x08,0x86,0x08,0x86,
0x08,0x86,0x08,0x85,0x10,0x86,0x08,0x85,0x08,0x85,0x08,0x85,0x08,0x65,0x08,0x85,0x10,0x86,0x10,0x86,0x08,0x86,0x08,0x65,0x08,0x65,0x08,0x65,0x10,0x65,0x08,0x85,
0x08,0x65,0x08,0x65,0x08,0x65,0x08,0x86,0x08,0x86,0x10,0x86,0x08,0x86,0x08,0x65,0x08,0x65,0x08,0x65,0x08,0x85,0x08,0x85,0x08,0x85,0x10,0x85,0x10,0x86,0x10,0xA6,
0x18,0xA7,0x18,0xA7,0x18,0xA8,0x20,0xA8,0x20,0xA8,0x41,0x2D,0x92,0xF8,0xEE,0x7E,0xFF,0xFF,0xD5,0x7D,0x59,0xCE,0x31,0x86,0x31,0xA6,0x31,0x86,0x31,0xA6,0x21,0x24,
0x00,0x00,0x00,0x00,0x00,0x00,0x00,0x00,0x00,0x00,0x00,0x00,0x00,0x00,0x00,0x00,0x00,0x00,0x00,0x00,0x00,0x00,0x00,0x00,0x00,0x00,0x00,0x00,0x00,0x00,0x00,0x00,
0x00,0x00,0x00,0x00,0x00,0x00,0x00,0x00,0x00,0x00,0x00,0x00,0x00,0x00,0x00,0x00,0x00,0x00,0x00,0x00,0x00,0x00,0x00,0x00,0x00,0x00,0x00,0x00,0x00,0x00,0x00,0x00,
0x31,0x86,0x31,0xA6,0x31,0xA6,0x31,0xA6,0x31,0xA7,0x51,0x6D,0xD5,0x3C,0xFF,0xDF,0xE6,0x3E,0x8A,0x97,0x41,0x0D,0x20,0x88,0x18,0x88,0x18,0x87,0x18,0x87,0x18,0x87,
0x10,0x86,0x10,0x86,0x10,0x86,0x10,0x66,0x08,0x66,0x10,0x66,0x10,0x86,0x10,0x86,0x10,0x86,0x10,0x86,0x10,0x86,0x10,0xA6,0x5A,0x8D,0x08,0x63,0x00,0x21,0x00,0x21,
0x00,0x21,0x00,0x21,0x00,0x21,0x08,0x41,0x10,0x81,0x18,0xE1,0x29,0x62,0x39,0xC1,0x62,0xE2,0xCE,0x28,0xFF,0x6D,0xFF,0xB2,0xFF,0xD4,0xF7,0xB2,0xF7,0x91,0xF7,0x71,
0xFF,0x92,0xFF,0xB4,0xFF,0xB2,0xFF,0x6E,0xC5,0xE8,0x5A,0xC2,0x39,0xC2,0x29,0x62,0x19,0x02,0x10,0xC2,0x09,0x01,0x09,0x82,0x09,0xE1,0x0B,0x62,0x26,0x46,0x57,0x8C,
0x7F,0xF1,0x87,0xF2,0x77,0xB0,0x67,0x8E,0x67,0x8E,0x6F,0xAF,0x7F,0xD0,0x6F,0xD0,0x47,0x8A,0x25,0xE6,0x0A,0xC2,0x09,0xC2,0x09,0x42,0x00,0xC1,0x00,0x81,0x00,0x41,
0x00,0x22,0x00,0x42,0x00,0x22,0x00,0x22,0x00,0x22,0x00,0x22,0x00,0x22,0x00,0x42,0x00,0x42,0x00,0x22,0x00,0x22,0x00,0x22,0x00,0x22,0x00,0x22,0x00,0x22,0x00,0x42,
0x00,0x22,0x00,0x42,0x00,0x22,0x00,0x42,0x00,0x42,0x00,0x21,0x00,0x41,0x00,0x22,0x00,0x01,0x18,0xA4,0x52,0x8E,0x00,0xA5,0x09,0x07,0x09,0x68,0x11,0xEB,0x1B,0x0F,
0x1B,0xF2,0x7F,0x5E,0x45,0x57,0x0B,0x0F,0x12,0x8D,0x11,0xAC,0x19,0x6B,0x29,0x4D,0x39,0x50,0x41,0x31,0xCC,0x9C,0x9B,0x59,0x30,0xF0,0x31,0x0E,0x28,0xCD,0x28,0xEE,
0x39,0x51,0x41,0x13,0xB4,0x1B,0xBC,0x9B,0x39,0x93,0x3A,0x32,0x22,0xD2,0x24,0x14,0x77,0x5D,0x24,0x53,0x0A,0xCE,0x0A,0x6C,0x12,0x4B,0x0A,0xED,0x2C,0x93,0x77,0x3D,
0x0B,0xF1,0x0B,0x2F,0x0A,0x8D,0x12,0xAD,0x03,0x2F,0x4D,0xD8,0x66,0xDC,0x0B,0xB2,0x22,0xF1,0x2A,0x31,0x31,0xB2,0x83,0x78,0xD5,0x7D,0x49,0x53,0x39,0x30,0x30,0xEE,
0x30,0xED,0x39,0x0F,0x40,0xD1,0xD5,0x3D,0x8A,0xB8,0x38,0xB0,0x38,0xCE,0x40,0xED,0x50,0xEB,0x60,0xAA,0x91,0xAE,0xF5,0x5C,0x91,0x6D,0x68,0xC9,0x58,0xC8,0x50,0xA7,
0x50,0xA7,0x58,0xA8,0x70,0xC8,0x91,0x6C,0xF4,0xFB,0xA1,0xAE,0x68,0x88,0x58,0xA8,0x40,0xA7,0x30,0x87,0x28,0x86,0x20,0x86,0x18,0x86,0x10,0x86,0x10,0x86,0x10,0xA7,
0x10,0xA7,0x10,0x86,0x10,0xA6,0x10,0x86,0x10,0xA6,0x10,0x86,0x10,0x86,0x10,0x86,0x10,0x86,0x10,0x86,0x10,0x86,0x10,0xA7,0x10,0xA7,0x10,0x86,0x10,0x86,0x10,0x86,
0x10,0x86,0x10,0x86,0x10,0x86,0x10,0x86,0x10,0x86,0x10,0x86,0x10,0xA7,0x10,0xA7,0x10,0xA7,0x10,0x86,0x10,0xA6,0x10,0xA6,0x10,0x86,0x10,0x86,0x10,0x86,0x10,0x86,
0x10,0x86,0x08,0x86,0x10,0xA7,0x10,0xA7,0x10,0x87,0x10,0x86,0x10,0x86,0x10,0x86,0x10,0x86,0x08,0x86,0x08,0x86,0x10,0x86,0x08,0x86,0x08,0x86,0x10,0x87,0x10,0xA7,
0x10,0x87,0x08,0x86,0x10,0x86,0x10,0x86,0x10,0x86,0x08,0x86,0x08,0x86,0x08,0x86,0x08,0x66,0x10,0x86,0x10,0x86,0x10,0x87,0x10,0x87,0x10,0x86,0x08,0x86,0x08,0x86,
0x08,0x86,0x08,0x86,0x08,0x85,0x08,0x86,0x08,0x86,0x08,0x86,0x10,0x86,0x10,0x86,0x10,0xA6,0x10,0x86,0x08,0x86,0x08,0x85,0x10,0x85,0x10,0x86,0x10,0x86,0x10,0x86,
0x18,0x87,0x18,0xA7,0x20,0xA8,0x20,0xC9,0x20,0xC9,0x41,0x2D,0x92,0xF8,0xEE,0x7E,0xFF,0xFF,0xD5,0x7D,0x59,0xCE,0x31,0x86,0x31,0xA6,0x31,0x86,0x31,0x86,0x21,0x24,
0x00,0x00,0x00,0x00,0x00,0x00,0x00,0x00,0x00,0x00,0x00,0x00,0x00,0x00,0x00,0x00,0x00,0x00,0x00,0x00,0x00,0x00,0x00,0x00,0x00,0x00,0x00,0x00,0x00,0x00,0x00,0x00,
0x00,0x00,0x00,0x00,0x00,0x00,0x00,0x00,0x00,0x00,0x00,0x00,0x00,0x00,0x00,0x00,0x00,0x00,0x00,0x00,0x00,0x00,0x00,0x00,0x00,0x00,0x00,0x00,0x00,0x00,0x00,0x00,
0x31,0x86,0x31,0xA6,0x31,0x86,0x31,0xA6,0x31,0xA7,0x51,0x6D,0xD5,0x3D,0xFF,0xDF,0xE6,0x5E,0x8A,0x97,0x39,0x0C,0x18,0x87,0x18,0x88,0x18,0x87,0x10,0x87,0x10,0x66,
0x10,0x65,0x10,0x65,0x08,0x65,0x08,0x65,0x08,0x65,0x08,0x65,0x08,0x65,0x08,0x65,0x10,0x86,0x10,0x86,0x10,0x86,0x10,0x85,0x5A,0x8D,0x08,0x63,0x00,0x21,0x00,0x21,
0x00,0x21,0x00,0x21,0x00,0x21,0x00,0x21,0x08,0x61,0x10,0xA1,0x18,0xE1,0x31,0x62,0x39,0xC2,0x5A,0x82,0xAD,0x07,0xE6,0xEB,0xFF,0x8F,0xFF,0xD0,0xFF,0xD1,0xFF,0xD0,
0xFF,0xAF,0xF7,0x6E,0xDE,0xCB,0xA5,0x06,0x5A,0xA2,0x39,0xE2,0x29,0x62,0x18,0xE1,0x10,0xA1,0x08,0x81,0x08,0xA1,0x09,0x01,0x09,0x82,0x0A,0x01,0x0B,0x01,0x1D,0x24,
0x36,0xC8,0x57,0x8C,0x5F,0xCD,0x67,0xEE,0x67,0xCE,0x57,0xAD,0x47,0x6A,0x26,0xA7,0x14,0xA4,0x0A,0x61,0x09,0xC2,0x09,0x42,0x00,0xE1,0x00,0x81,0x00,0x61,0x00,0x21,
0x00,0x21,0x00,0x21,0x00,0x21,0x00,0x21,0x00,0x21,0x00,0x22,0x00,0x42,0x00,0x22,0x00,0x21,0x00,0x21,0x00,0x22,0x00,0x21,0x00,0x21,0x00,0x22,0x00,0x21,0x00,0x22,
0x00,0x21,0x00,0x21,0x00,0x22,0x00,0x42,0x00,0x21,0x00,0x21,0x00,0x41,0x00,0x42,0x00,0x01,0x18,0xA4,0x52,0x6D,0x00,0xA5,0x09,0x27,0x09,0x89,0x12,0x6C,0x0B,0x4F,
0x56,0x19,0x76,0xFC,0x0B,0x50,0x12,0xAE,0x11,0xEC,0x19,0x6B,0x21,0x2C,0x29,0x4D,0x39,0x30,0x72,0x35,0xE5,0x5E,0x59,0xB3,0x31,0x0F,0x28,0xCD,0x28,0xAD,0x28,0xCE,
0x39,0x31,0x49,0x53,0xDD,0x3D,0x93,0x78,0x31,0xB2,0x32,0x32,0x1A,0xF2,0x2C,0xB5,0x77,0x5E,0x13,0xD1,0x0A,0xAD,0x0A,0x2B,0x0A,0x4B,0x0A,0xCD,0x34,0xB4,0x77,0x1D,
0x03,0xD1,0x0B,0x2F,0x0A,0x8D,0x0A,0x8C,0x03,0x0E,0x45,0x77,0x6F,0x1C,0x0B,0xD2,0x1A,0xF1,0x22,0x30,0x31,0xD2,0x62,0x96,0xE5,0xDD,0x59,0xD4,0x39,0x10,0x28,0xCD,
0x28,0xCD,0x31,0x0E,0x30,0x8F,0xA3,0xD9,0xC4,0x9C,0x40,0x91,0x38,0xEE,0x38,0xCC,0x48,0xCB,0x58,0xCA,0x70,0x89,0xDC,0x78,0xCB,0x95,0x70,0x89,0x60,0xC8,0x50,0x87,
0x48,0x87,0x48,0x87,0x60,0xA8,0x68,0x87,0xB2,0xD2,0xEC,0x79,0x80,0xA9,0x68,0xA8,0x50,0x87,0x38,0x86,0x28,0x65,0x20,0x65,0x18,0x65,0x10,0x65,0x10,0x65,0x10,0x65,
0x10,0xA7,0x10,0x86,0x08,0x65,0x10,0x85,0x08,0x86,0x10,0x65,0x08,0x85,0x10,0x85,0x08,0x65,0x08,0x85,0x10,0x65,0x08,0x65,0x10,0x86,0x10,0xA7,0x08,0x66,0x08,0x65,
0x10,0x85,0x10,0x85,0x10,0x85,0x10,0x85,0x10,0x85,0x10,0x85,0x08,0x65,0x08,0x65,0x10,0x86,0x10,0xA7,0x10,0x86,0x08,0x65,0x08,0x85,0x08,0x85,0x08,0x85,0x08,0x85,
0x08,0x85,0x08,0x85,0x08,0x85,0x08,0x65,0x10,0x86,0x10,0x86,0x10,0x86,0x08,0x65,0x08,0x65,0x08,0x65,0x08,0x65,0x08,0x85,0x08,0x65,0x08,0x65,0x08,0x65,0x08,0x65,
0x10,0x86,0x10,0x86,0x10,0x86,0x08,0x65,0x08,0x65,0x08,0x65,0x08,0x65,0x08,0x65,0x08,0x65,0x08,0x65,0x08,0x65,0x08,0x65,0x08,0x66,0x10,0x86,0x10,0x86,0x08,0x85,
0x08,0x65,0x08,0x65,0x08,0x65,0x08,0x65,0x08,0x65,0x08,0x65,0x08,0x65,0x08,0x65,0x08,0x85,0x10,0x86,0x10,0x86,0x08,0x85,0x08,0x85,0x08,0x65,0x10,0x65,0x10,0x85,
0x10,0x86,0x18,0x86,0x18,0x87,0x20,0xA7,0x20,0xA8,0x41,0x2D,0x92,0xF8,0xEE,0x7E,0xFF,0xFF,0xD5,0x7D,0x59,0xCE,0x31,0xA6,0x31,0xA6,0x31,0x86,0x31,0x86,0x21,0x24,
0x00,0x00,0x00,0x00,0x00,0x00,0x00,0x00,0x00,0x00,0x00,0x00,0x00,0x00,0x00,0x00,0x00,0x00,0x00,0x00,0x00,0x00,0x00,0x00,0x00,0x00,0x00,0x00,0x00,0x00,0x00,0x00,
0x00,0x00,0x00,0x00,0x00,0x00,0x00,0x00,0x00,0x00,0x00,0x00,0x00,0x00,0x00,0x00,0x00,0x00,0x00,0x00,0x00,0x00,0x00,0x00,0x00,0x00,0x00,0x00,0x00,0x00,0x00,0x00,
0x31,0x86,0x31,0xA6,0x31,0x86,0x31,0xA6,0x31,0xA7,0x51,0x6D,0xD5,0x3C,0xFF,0xDF,0xE6,0x3E,0x8A,0x97,0x39,0x0D,0x18,0x88,0x18,0x88,0x10,0x86,0x10,0x66,0x10,0x65,
0x10,0x65,0x10,0x45,0x08,0x45,0x08,0x45,0x08,0x64,0x08,0x65,0x10,0x65,0x10,0x86,0x10,0x66,0x08,0x65,0x08,0x65,0x08,0x65,0x62,0xAE,0x08,0x63,0x00,0x21,0x00,0x21,
0x00,0x21,0x00,0x21,0x00,0x21,0x00,0x21,0x00,0x41,0x08,0x61,0x10,0xA1,0x18,0xE1,0x29,0x62,0x39,0xC2,0x42,0x01,0x6B,0x03,0x94,0x85,0xB5,0x67,0xBD,0xA7,0xBD,0xA7,
0xB5,0x46,0x94,0x65,0x63,0x03,0x42,0x01,0x39,0xC2,0x29,0x62,0x18,0xE1,0x10,0xA1,0x08,0x61,0x08,0x61,0x00,0x81,0x08,0xC1,0x09,0x01,0x09,0x62,0x09,0xE2,0x0A,0x21,
0x0B,0x22,0x14,0x43,0x15,0x44,0x1D,0xA5,0x1D,0xA5,0x15,0x44,0x14,0x43,0x0A,0xC1,0x01,0xC1,0x09,0x82,0x09,0x22,0x00,0xC1,0x00,0x82,0x00,0x61,0x00,0x41,0x00,0x21,
0x00,0x21,0x00,0x21,0x00,0x21,0x00,0x21,0x00,0x21,0x00,0x42,0x00,0x21,0x00,0x21,0x00,0x21,0x00,0x21,0x00,0x21,0x00,0x21,0x00,0x21,0x00,0x21,0x00,0x21,0x00,0x21,
0x00,0x21,0x00,0x41,0x00,0x42,0x00,0x21,0x00,0x21,0x00,0x21,0x00,0x21,0x00,0x42,0x00,0x21,0x10,0xA4,0x52,0x8D,0x00,0xC5,0x09,0x68,0x09,0xEA,0x0A,0xEE,0x24,0x53,
0x8F,0xBF,0x24,0x74,0x12,0xCE,0x12,0x2C,0x11,0x8B,0x19,0x2B,0x29,0x2C,0x31,0x6F,0x39,0x31,0xB4,0x1B,0xBC,0x5B,0x39,0x11,0x31,0x0E,0x20,0xCC,0x28,0xAD,0x30,0xEE,
0x39,0x31,0x61,0xD4,0xE5,0xBF,0x62,0x75,0x31,0xF2,0x2A,0x72,0x1B,0x12,0x3D,0x78,0x6F,0x1D,0x0B,0x70,0x0A,0xAD,0x0A,0x2B,0x0A,0x4B,0x0A,0xCD,0x34,0xD4,0x77,0x1D,
0x03,0xB0,0x0B,0x2E,0x0A,0x8C,0x0A,0x8C,0x03,0x0E,0x3D,0x56,0x7F,0x3D,0x13,0xF2,0x1A,0xF1,0x22,0x30,0x31,0xF1,0x51,0xF4,0xDD,0xDE,0x72,0x96,0x39,0x10,0x28,0xCD,
0x28,0xAC,0x30,0xED,0x30,0xAF,0x6A,0x14,0xE5,0xDE,0x59,0x33,0x38,0xCF,0x38,0xAC,0x48,0xEC,0x50,0xCA,0x68,0xA9,0xA2,0x0F,0xF5,0x7C,0x89,0x2B,0x68,0xA8,0x50,0xA7,
0x48,0x86,0x48,0x86,0x50,0x87,0x68,0xC8,0x78,0xA9,0xEC,0x99,0xCB,0x34,0x70,0x47,0x60,0xA7,0x48,0x86,0x38,0x66,0x28,0x65,0x18,0x65,0x10,0x65,0x10,0x65,0x10,0x65,
0x10,0x65,0x10,0xA7,0x10,0x87,0x08,0x65,0x08,0x65,0x08,0x65,0x08,0x65,0x10,0x65,0x10,0x65,0x10,0x65,0x10,0x65,0x10,0x65,0x08,0x65,0x10,0x86,0x10,0xA7,0x08,0x85,
0x08,0x65,0x08,0x65,0x08,0x65,0x08,0x65,0x08,0x65,0x08,0x65,0x08,0x65,0x08,0x65,0x08,0x65,0x10,0x86,0x10,0xA7,0x10,0x86,0x08,0x65,0x08,0x65,0x08,0x65,0x08,0x65,
0x08,0x65,0x08,0x65,0x08,0x65,0x08,0x65,0x08,0x65,0x08,0x65,0x10,0x86,0x10,0x86,0x08,0x85,0x08,0x65,0x08,0x65,0x08,0x65,0x08,0x65,0x08,0x65,0x08,0x65,0x08,0x65,
0x08,0x65,0x08,0x65,0x08,0x66,0x10,0x86,0x08,0x86,0x08,0x65,0x08,0x65,0x08,0x65,0x08,0x65,0x08,0x65,0x08,0x65,0x08,0x65,0x08,0x65,0x08,0x65,0x08,0x65,0x08,0x86,
0x08,0x86,0x08,0x85,0x08,0x65,0x08,0x65,0x08,0x65,0x08,0x65,0x08,0x65,0x08,0x65,0x08,0x65,0x08,0x65,0x08,0x65,0x08,0x85,0x10,0xA6,0x10,0x86,0x10,0x65,0x10,0x65,
0x10,0x65,0x18,0x86,0x18,0x87,0x20,0xA7,0x20,0x87,0x39,0x0C,0x92,0xD7,0xEE,0x7E,0xFF,0xFF,0xD5,0x7D,0x59,0xCE,0x31,0x86,0x31,0xA6,0x31,0x86,0x31,0x86,0x21,0x24,
0x00,0x00,0x00,0x00,0x00,0x00,0x00,0x00,0x00,0x00,0x00,0x00,0x00,0x00,0x00,0x00,0x00,0x00,0x00,0x00,0x00,0x00,0x00,0x00,0x00,0x00,0x00,0x00,0x00,0x00,0x00,0x00,
0x00,0x00,0x00,0x00,0x00,0x00,0x00,0x00,0x00,0x00,0x00,0x00,0x00,0x00,0x00,0x00,0x00,0x00,0x00,0x00,0x00,0x00,0x00,0x00,0x00,0x00,0x00,0x00,0x00,0x00,0x00,0x00,
0x31,0x86,0x31,0xA6,0x31,0x86,0x31,0xC6,0x31,0xA7,0x51,0x6D,0xD5,0x3C,0xFF,0xDF,0xE6,0x3E,0x8A,0xB7,0x41,0x0D,0x18,0x88,0x18,0x87,0x18,0x87,0x10,0x86,0x10,0x66,
0x10,0x65,0x08,0x65,0x08,0x65,0x10,0x85,0x10,0x86,0x10,0x86,0x10,0x86,0x08,0x65,0x08,0x65,0x08,0x85,0x10,0x86,0x10,0x86,0x62,0xCF,0x10,0x83,0x00,0x21,0x00,0x21,
0x00,0x21,0x00,0x22,0x00,0x21,0x00,0x21,0x00,0x21,0x08,0x41,0x08,0x61,0x10,0xA1,0x18,0xE1,0x29,0x22,0x31,0x82,0x39,0xC1,0x41,0xE1,0x42,0x01,0x42,0x01,0x42,0x01,
0x39,0xE1,0x39,0xC1,0x39,0xC2,0x31,0x82,0x29,0x21,0x18,0xE1,0x10,0xA1,0x08,0x61,0x08,0x41,0x00,0x41,0x00,0x61,0x00,0x82,0x08,0xA1,0x08,0xE1,0x09,0x22,0x09,0x82,
0x09,0xA2,0x09,0xA1,0x01,0xC1,0x01,0xE1,0x02,0x01,0x09,0xE1,0x09,0xC1,0x09,0xA2,0x09,0x42,0x01,0x02,0x00,0xC2,0x00,0x81,0x00,0x61,0x00,0x41,0x00,0x21,0x00,0x21,
0x00,0x21,0x00,0x21,0x00,0x21,0x00,0x22,0x00,0x42,0x00,0x21,0x00,0x21,0x00,0x21,0x00,0x21,0x00,0x21,0x00,0x21,0x00,0x21,0x00,0x21,0x00,0x21,0x00,0x22,0x00,0x21,
0x00,0x21,0x00,0x42,0x00,0x21,0x00,0x41,0x00,0x21,0x00,0x42,0x00,0x42,0x00,0x42,0x00,0x21,0x18,0xC5,0x52,0x8E,0x01,0x07,0x09,0xC9,0x0A,0x8C,0x03,0x4F,0x6E,0xBB,
0x5E,0x3A,0x0B,0x0F,0x12,0xAE,0x11,0xEC,0x19,0x6B,0x21,0x4C,0x29,0x4E,0x41,0x71,0x61,0xD4,0xE5,0x9E,0x72,0x76,0x39,0x10,0x28,0xED,0x28,0xCD,0x28,0xCD,0x39,0x0F,
0x39,0x11,0x8A,0xF7,0xDD,0x7D,0x41,0xF4,0x32,0x32,0x2A,0xB2,0x1B,0x32,0x56,0x3A,0x66,0xBC,0x0B,0x70,0x12,0xCD,0x0A,0x4B,0x0A,0x6C,0x0A,0xEE,0x3C,0xF5,0x77,0x1D,
0x03,0xB0,0x0B,0x2F,0x0A,0x8D,0x0A,0x8D,0x0B,0x2F,0x35,0x36,0x87,0x7E,0x14,0x33,0x1B,0x11,0x2A,0x50,0x32,0x11,0x41,0x73,0xD5,0x7D,0x9B,0xB9,0x38,0xF1,0x31,0x0E,
0x28,0xCC,0x28,0xCD,0x38,0xEF,0x49,0x11,0xE5,0xBD,0x8A,0xD8,0x40,0xB1,0x38,0xEE,0x40,0xEC,0x51,0x0C,0x68,0xEA,0x80,0xAA,0xEC,0xFB,0xC3,0x94,0x70,0x89,0x60,0xC8,
0x50,0xA7,0x48,0xA7,0x48,0xA7,0x58,0xC8,0x70,0xA8,0x99,0xAE,0xFD,0x5D,0x99,0xAD,0x68,0x88,0x58,0xA7,0x40,0xA7,0x30,0x86,0x20,0x86,0x18,0x86,0x18,0x86,0x10,0x86,
0x10,0x86,0x10,0x86,0x18,0xA8,0x10,0xA7,0x10,0x86,0x10,0x86,0x10,0x86,0x10,0x86,0x10,0x86,0x10,0x86,0x10,0x86,0x10,0x86,0x10,0x86,0x08,0x66,0x10,0x86,0x10,0xA7,
0x10,0x86,0x10,0x86,0x10,0x86,0x10,0x86,0x10,0x86,0x10,0x86,0x10,0x86,0x10,0x86,0x10,0x86,0x10,0x86,0x10,0x86,0x10,0xA7,0x10,0xA7,0x10,0x86,0x10,0x85,0x10,0x86,
0x10,0x86,0x10,0x86,0x10,0x86,0x10,0x86,0x10,0x86,0x08,0x86,0x08,0x86,0x10,0x86,0x10,0xA7,0x10,0x86,0x08,0x85,0x08,0x85,0x10,0x85,0x08,0x86,0x08,0x85,0x08,0x85,
0x08,0x86,0x08,0x85,0x08,0x65,0x08,0x65,0x10,0x86,0x10,0x86,0x10,0x86,0x08,0x86,0x08,0x65,0x08,0x65,0x08,0x85,0x08,0x85,0x08,0x85,0x08,0x85,0x08,0x85,0x08,0x65,
0x08,0x85,0x10,0x86,0x10,0x86,0x08,0x86,0x08,0x85,0x08,0x85,0x08,0x85,0x08,0x85,0x08,0x85,0x08,0x85,0x10,0x85,0x08,0x85,0x08,0x65,0x10,0x86,0x10,0xA6,0x10,0xA6,
0x18,0x86,0x18,0xA7,0x18,0xA7,0x20,0xA8,0x20,0xA8,0x41,0x2D,0x92,0xF7,0xEE,0x7E,0xFF,0xFF,0xD5,0x7D,0x59,0xCE,0x31,0x86,0x31,0x86,0x31,0x85,0x31,0x86,0x21,0x24,
0x00,0x00,0x00,0x00,0x00,0x00,0x00,0x00,0x00,0x00,0x00,0x00,0x00,0x00,0x00,0x00,0x00,0x00,0x00,0x00,0x00,0x00,0x00,0x00,0x00,0x00,0x00,0x00,0x00,0x00,0x00,0x00,
0x00,0x00,0x00,0x00,0x00,0x00,0x00,0x00,0x00,0x00,0x00,0x00,0x00,0x00,0x00,0x00,0x00,0x00,0x00,0x00,0x00,0x00,0x00,0x00,0x00,0x00,0x00,0x00,0x00,0x00,0x00,0x00,
0x31,0x86,0x31,0xA6,0x31,0x86,0x31,0xA6,0x31,0xA7,0x51,0x6D,0xD5,0x3C,0xFF,0xDF,0xE6,0x3E,0x8A,0xB7,0x41,0x0C,0x18,0x87,0x18,0x87,0x18,0x66,0x10,0x66,0x10,0x65,
0x10,0x65,0x10,0x65,0x10,0x86,0x10,0x85,0x08,0x65,0x08,0x65,0x08,0x65,0x08,0x65,0x08,0x65,0x08,0x65,0x10,0x85,0x08,0x65,0x62,0xCF,0x18,0xA4,0x00,0x21,0x00,0x21,
0x00,0x21,0x00,0x21,0x00,0x21,0x00,0x21,0x00,0x21,0x00,0x21,0x00,0x41,0x08,0x61,0x10,0x81,0x18,0xA1,0x18,0xE1,0x21,0x21,0x29,0x62,0x31,0x62,0x29,0x62,0x29,0x62,
0x29,0x62,0x29,0x41,0x21,0x21,0x18,0xE1,0x18,0xC1,0x10,0x81,0x08,0x61,0x08,0x41,0x00,0x21,0x00,0x41,0x00,0x41,0x00,0x41,0x00,0x61,0x00,0x81,0x00,0xA1,0x00,0xE1,
0x09,0x01,0x09,0x22,0x09,0x42,0x09,0x42,0x09,0x62,0x09,0x62,0x09,0x42,0x01,0x01,0x00,0xC1,0x00,0x81,0x00,0x61,0x00,0x41,0x00,0x21,0x00,0x21,0x00,0x21,0x00,0x21,
0x00,0x21,0x00,0x21,0x00,0x21,0x00,0x21,0x00,0x21,0x00,0x21,0x00,0x21,0x00,0x21,0x00,0x21,0x00,0x21,0x00,0x21,0x00,0x21,0x00,0x21,0x00,0x21,0x00,0x21,0x00,0x21,
0x00,0x42,0x00,0x21,0x00,0x21,0x00,0x21,0x00,0x21,0x00,0x21,0x00,0x42,0x00,0x42,0x00,0x21,0x21,0x06,0x4A,0xAE,0x01,0x47,0x0A,0x2A,0x02,0xCD,0x34,0xF5,0x87,0x7E,
0x13,0xB1,0x0A,0xAE,0x12,0x0C,0x11,0x8B,0x19,0x2A,0x21,0x0C,0x39,0x4F,0x41,0x32,0x9B,0x99,0xD5,0x3D,0x41,0x32,0x31,0x0F,0x20,0xAC,0x20,0xAC,0x28,0xCD,0x39,0x0F,
0x38,0xD1,0xBC,0x1B,0xBC,0x7B,0x31,0x92,0x32,0x31,0x2A,0xD2,0x13,0x52,0x66,0xDC,0x4E,0x19,0x03,0x0F,0x0A,0x8C,0x0A,0x2B,0x0A,0x6C,0x02,0xED,0x45,0x15,0x77,0x1C,
0x03,0x90,0x0B,0x0E,0x0A,0x6C,0x0A,0x6C,0x0B,0x0E,0x2C,0xB5,0x8F,0x9E,0x1C,0x73,0x1A,0xF0,0x22,0x2F,0x31,0xF0,0x39,0x52,0xB4,0x7A,0xC4,0xDB,0x38,0xD0,0x30,0xEE,
0x20,0xAC,0x20,0xAB,0x30,0xED,0x30,0x8F,0xAC,0x1A,0xC4,0x9C,0x40,0x91,0x40,0xEF,0x38,0xCC,0x49,0x0C,0x58,0xEA,0x70,0x89,0xB2,0x91,0xF5,0x9D,0x89,0x2B,0x60,0xA8,
0x50,0x87,0x40,0x86,0x40,0x86,0x48,0x87,0x60,0xC8,0x70,0x88,0xCB,0x74,0xEC,0xDA,0x80,0xA8,0x68,0xA7,0x50,0x86,0x38,0x66,0x28,0x65,0x20,0x65,0x18,0x65,0x10,0x65,
0x10,0x65,0x10,0x65,0x10,0x65,0x10,0xA7,0x10,0x86,0x08,0x65,0x10,0x65,0x08,0x65,0x08,0x65,0x08,0x65,0x10,0x65,0x08,0x65,0x08,0x65,0x08,0x65,0x08,0x65,0x08,0x65,
0x10,0xA7,0x10,0x86,0x08,0x65,0x08,0x65,0x08,0x65,0x08,0x85,0x08,0x85,0x08,0x65,0x08,0x65,0x08,0x65,0x08,0x85,0x08,0x65,0x10,0x86,0x10,0xA7,0x10,0x86,0x08,0x65,
0x08,0x65,0x08,0x65,0x08,0x65,0x08,0x65,0x08,0x65,0x08,0x65,0x08,0x85,0x08,0x85,0x08,0x65,0x10,0x86,0x10,0x86,0x08,0x85,0x08,0x65,0x08,0x65,0x08,0x65,0x08,0x65,
0x08,0x65,0x08,0x65,0x08,0x65,0x08,0x65,0x08,0x65,0x08,0x65,0x08,0x66,0x10,0x86,0x08,0x86,0x08,0x65,0x08,0x65,0x08,0x65,0x08,0x65,0x08,0x65,0x08,0x65,0x08,0x65,
0x08,0x65,0x08,0x64,0x08,0x65,0x08,0x85,0x10,0x86,0x10,0x86,0x08,0x65,0x08,0x65,0x08,0x64,0x08,0x64,0x08,0x64,0x08,0x65,0x08,0x64,0x08,0x64,0x10,0x64,0x10,0x85,
0x18,0x86,0x18,0xA7,0x18,0xA8,0x20,0xA8,0x20,0xA7,0x41,0x2D,0x92,0xF8,0xEE,0x7E,0xFF,0xFF,0xD5,0x9D,0x59,0xCE,0x31,0x86,0x31,0x86,0x31,0x86,0x31,0x86,0x21,0x24,
0x00,0x00,0x00,0x00,0x00,0x00,0x00,0x00,0x00,0x00,0x00,0x00,0x00,0x00,0x00,0x00,0x00,0x00,0x00,0x00,0x00,0x00,0x00,0x00,0x00,0x00,0x00,0x00,0x00,0x00,0x00,0x00,
0x00,0x00,0x00,0x00,0x00,0x00,0x00,0x00,0x00,0x00,0x00,0x00,0x00,0x00,0x00,0x00,0x00,0x00,0x00,0x00,0x00,0x00,0x00,0x00,0x00,0x00,0x00,0x00,0x00,0x00,0x00,0x00,
0x31,0x86,0x31,0xA6,0x31,0x86,0x31,0xA6,0x31,0xA7,0x51,0x6D,0xD5,0x3C,0xFF,0xDF,0xE6,0x3F,0x8A,0xB7,0x40,0xEC,0x18,0x67,0x18,0x87,0x10,0x66,0x10,0x66,0x10,0x86,
0x10,0x86,0x10,0x65,0x08,0x64,0x08,0x44,0x08,0x44,0x08,0x64,0x08,0x44,0x08,0x64,0x08,0x65,0x08,0x65,0x08,0x85,0x00,0x45,0x5A,0x8E,0x31,0x67,0x00,0x00,0x00,0x21,
0x00,0x21,0x00,0x21,0x00,0x21,0x00,0x21,0x00,0x21,0x00,0x21,0x00,0x21,0x08,0x21,0x08,0x41,0x08,0x61,0x10,0x81,0x10,0xA1,0x10,0xA1,0x18,0xC1,0x18,0xC1,0x18,0xC1,
0x18,0xC1,0x10,0xA1,0x10,0x81,0x10,0x81,0x08,0x61,0x08,0x41,0x00,0x21,0x00,0x21,0x00,0x21,0x00,0x21,0x00,0x21,0x00,0x21,0x00,0x41,0x00,0x41,0x00,0x61,0x00,0x81,
0x00,0x81,0x00,0xA1,0x00,0xA1,0x00,0xA1,0x00,0xC1,0x00,0xC1,0x00,0xA1,0x00,0x81,0x00,0x61,0x00,0x61,0x00,0x21,0x00,0x21,0x00,0x21,0x00,0x21,0x00,0x21,0x00,0x21,
0x00,0x21,0x00,0x21,0x00,0x21,0x00,0x21,0x00,0x21,0x00,0x21,0x00,0x21,0x00,0x21,0x00,0x21,0x00,0x21,0x00,0x21,0x00,0x21,0x00,0x21,0x00,0x21,0x00,0x21,0x00,0x41,
0x00,0x21,0x00,0x21,0x00,0x21,0x00,0x21,0x00,0x21,0x00,0x21,0x00,0x42,0x00,0x62,0x00,0x21,0x39,0xEA,0x42,0x6D,0x01,0x68,0x0A,0x8C,0x0B,0x90,0x77,0x3E,0x3D,0x36,
0x02,0xAD,0x12,0x4C,0x11,0xAB,0x11,0x4A,0x19,0x0B,0x29,0x0D,0x41,0x50,0x51,0x73,0xDD,0x5D,0x9B,0x78,0x38,0xF0,0x30,0xED,0x20,0xAB,0x20,0xCC,0x28,0xED,0x39,0x10,
0x49,0x33,0xDD,0x3E,0x8B,0x58,0x29,0xB1,0x2A,0x31,0x22,0xD1,0x1B,0xB3,0x77,0x5E,0x35,0x57,0x0B,0x0E,0x0A,0x8C,0x0A,0x2B,0x0A,0x6C,0x02,0xED,0x4D,0x56,0x6E,0xFC,
0x03,0x6F,0x0B,0x0E,0x0A,0x6C,0x0A,0x6C,0x0B,0x0E,0x1C,0x94,0x8F,0x9E,0x24,0x94,0x12,0xF0,0x22,0x2F,0x31,0xD0,0x31,0x51,0x8B,0x57,0xDD,0x9E,0x49,0x32,0x30,0xEE,
0x28,0xAB,0x20,0xAB,0x28,0xCC,0x30,0xAF,0x72,0x55,0xE5,0xDE,0x51,0x33,0x40,0xF0,0x30,0xCC,0x38,0xEB,0x50,0xEB,0x60,0xC9,0x80,0xAA,0xF5,0x3B,0xC3,0x33,0x68,0x67,
0x58,0xA7,0x48,0x86,0x40,0x66,0x40,0x66,0x50,0x87,0x68,0xA8,0x80,0xC9,0xF4,0xDB,0xC3,0x13,0x70,0x47,0x60,0x87,0x48,0x66,0x38,0x65,0x28,0x65,0x18,0x65,0x18,0x65,
0x10,0x65,0x10,0x64,0x10,0x64,0x08,0x65,0x10,0xA7,0x10,0x86,0x08,0x65,0x08,0x65,0x08,0x65,0x10,0x65,0x10,0x65,0x08,0x65,0x08,0x65,0x08,0x65,0x08,0x65,0x08,0x64,
0x08,0x65,0x10,0x86,0x10,0xA6,0x08,0x65,0x08,0x65,0x08,0x65,0x08,0x65,0x08,0x65,0x08,0x65,0x08,0x65,0x08,0x65,0x08,0x65,0x08,0x65,0x08,0x65,0x10,0x86,0x10,0x86,
0x08,0x65,0x08,0x65,0x08,0x65,0x08,0x65,0x08,0x65,0x08,0x65,0x08,0x65,0x08,0x65,0x08,0x65,0x08,0x65,0x08,0x65,0x08,0x86,0x08,0x86,0x08,0x65,0x08,0x64,0x08,0x64,
0x08,0x65,0x08,0x65,0x08,0x65,0x08,0x65,0x08,0x65,0x08,0x65,0x08,0x65,0x08,0x65,0x08,0x65,0x10,0x86,0x08,0x65,0x08,0x64,0x08,0x64,0x08,0x64,0x08,0x64,0x08,0x64,
0x08,0x64,0x08,0x64,0x08,0x64,0x08,0x64,0x08,0x64,0x08,0x65,0x10,0x85,0x08,0x85,0x08,0x65,0x08,0x44,0x08,0x64,0x08,0x64,0x08,0x64,0x08,0x64,0x10,0x64,0x10,0x65,
0x10,0x65,0x18,0x86,0x18,0x87,0x20,0xC8,0x20,0xC8,0x41,0x0D,0x92,0xD8,0xEE,0x7E,0xFF,0xFF,0xD5,0x9D,0x59,0xCE,0x31,0x86,0x31,0x86,0x29,0x85,0x31,0x86,0x21,0x24,
0x00,0x00,0x00,0x00,0x00,0x00,0x00,0x00,0x00,0x00,0x00,0x00,0x00,0x00,0x00,0x00,0x00,0x00,0x00,0x00,0x00,0x00,0x00,0x00,0x00,0x00,0x00,0x00,0x00,0x00,0x00,0x00,
0x00,0x00,0x00,0x00,0x00,0x00,0x00,0x00,0x00,0x00,0x00,0x00,0x00,0x00,0x00,0x00,0x00,0x00,0x00,0x00,0x00,0x00,0x00,0x00,0x00,0x00,0x00,0x00,0x00,0x00,0x00,0x00,
0x29,0x86,0x31,0x86,0x31,0x86,0x31,0xA6,0x31,0xA7,0x51,0x6D,0xD5,0x3C,0xFF,0xDF,0xEE,0x5E,0x8A,0xB7,0x38,0xEC,0x18,0x88,0x20,0xA8,0x18,0x87,0x10,0x86,0x10,0x65,
0x08,0x65,0x08,0x64,0x08,0x44,0x08,0x65,0x08,0x44,0x08,0x44,0x08,0x64,0x08,0x64,0x08,0x65,0x08,0x86,0x10,0xA7,0x08,0x66,0x31,0x6A,0x5A,0x8C,0x00,0x00,0x00,0x21,
0x00,0x01,0x00,0x21,0x00,0x21,0x00,0x21,0x00,0x21,0x00,0x21,0x00,0x21,0x00,0x21,0x08,0x21,0x08,0x41,0x08,0x41,0x08,0x41,0x08,0x61,0x08,0x61,0x08,0x61,0x08,0x61,
0x08,0x61,0x08,0x61,0x08,0x41,0x08,0x41,0x00,0x21,0x00,0x21,0x00,0x21,0x00,0x21,0x00,0x21,0x00,0x21,0x00,0x21,0x00,0x21,0x00,0x21,0x00,0x21,0x00,0x21,0x00,0x41,
0x00,0x41,0x00,0x61,0x00,0x61,0x00,0x61,0x00,0x61,0x00,0x61,0x00,0x61,0x00,0x41,0x00,0x41,0x00,0x21,0x00,0x21,0x00,0x21,0x00,0x21,0x00,0x21,0x00,0x21,0x00,0x21,
0x00,0x22,0x00,0x21,0x00,0x01,0x00,0x21,0x00,0x21,0x00,0x21,0x00,0x21,0x00,0x21,0x00,0x21,0x00,0x21,0x00,0x21,0x00,0x21,0x00,0x21,0x00,0x21,0x00,0x41,0x00,0x21,
0x00,0x21,0x00,0x21,0x00,0x21,0x00,0x21,0x00,0x21,0x00,0x41,0x00,0x42,0x00,0x62,0x00,0x63,0x5B,0x0F,0x19,0xC9,0x0A,0x4B,0x02,0xEE,0x45,0xB8,0x6E,0xFD,0x03,0x0F,
0x0A,0x8D,0x09,0xEB,0x11,0x6A,0x19,0x2A,0x21,0x0C,0x31,0x2E,0x41,0x31,0x82,0xB7,0xED,0xBF,0x59,0xD4,0x39,0x10,0x28,0xCD,0x20,0xAB,0x20,0xCC,0x30,0xEE,0x38,0xF0,
0x6A,0x15,0xED,0xBF,0x62,0x54,0x31,0xF1,0x2A,0x51,0x22,0xF1,0x24,0x14,0x7F,0x9F,0x24,0x94,0x0B,0x0E,0x0A,0x8C,0x0A,0x2B,0x0A,0x8C,0x02,0xED,0x4D,0x97,0x6E,0xFC,
0x03,0x6F,0x0B,0x0F,0x0A,0x6C,0x0A,0x6C,0x0B,0x0E,0x14,0x33,0x8F,0x9E,0x2C,0xD5,0x12,0xEF,0x22,0x4F,0x29,0xCF,0x39,0x71,0x6A,0x55,0xEE,0x1F,0x61,0xF4,0x30,0xEF,
0x28,0xCC,0x20,0xAB,0x28,0xCC,0x30,0xEE,0x49,0x12,0xE5,0xBE,0x8A,0xD7,0x40,0xB1,0x38,0xED,0x30,0xAA,0x48,0xEB,0x58,0xC9,0x68,0x68,0xB2,0xB2,0xF5,0x3B,0x80,0xCA,
0x60,0xA8,0x48,0x87,0x40,0x66,0x38,0x66,0x40,0x66,0x58,0xA7,0x70,0x87,0xA1,0xCE,0xFD,0x5D,0x99,0x6C,0x68,0x67,0x58,0x87,0x40,0x66,0x30,0x65,0x20,0x65,0x18,0x65,
0x10,0x65,0x10,0x65,0x10,0x64,0x08,0x44,0x08,0x45,0x10,0x87,0x08,0x65,0x08,0x65,0x08,0x65,0x08,0x65,0x08,0x65,0x08,0x65,0x08,0x65,0x08,0x65,0x08,0x65,0x08,0x65,
0x08,0x65,0x08,0x65,0x08,0x86,0x10,0x86,0x08,0x65,0x08,0x65,0x08,0x65,0x08,0x65,0x08,0x65,0x08,0x65,0x08,0x65,0x08,0x65,0x08,0x65,0x08,0x65,0x08,0x45,0x08,0x65,
0x10,0xA6,0x08,0x65,0x08,0x65,0x08,0x65,0x08,0x65,0x08,0x65,0x08,0x65,0x08,0x65,0x08,0x65,0x08,0x65,0x08,0x65,0x08,0x65,0x08,0x65,0x08,0x86,0x08,0x86,0x08,0x65,
0x08,0x64,0x08,0x65,0x08,0x65,0x08,0x65,0x08,0x64,0x08,0x65,0x08,0x65,0x08,0x65,0x08,0x65,0x08,0x65,0x08,0x65,0x08,0x86,0x08,0x65,0x08,0x64,0x08,0x64,0x08,0x64,
0x08,0x65,0x08,0x64,0x08,0x65,0x08,0x64,0x08,0x64,0x08,0x44,0x08,0x64,0x08,0x65,0x08,0x85,0x08,0x85,0x08,0x65,0x08,0x64,0x08,0x64,0x08,0x64,0x10,0x65,0x10,0x65,
0x10,0x85,0x18,0x86,0x18,0x87,0x20,0xA8,0x20,0xA8,0x39,0x0C,0x92,0xD7,0xEE,0x7E,0xFF,0xFF,0xD5,0x7D,0x59,0xCE,0x31,0x86,0x31,0x86,0x29,0x65,0x31,0x86,0x21,0x04,
0x00,0x00,0x00,0x00,0x00,0x00,0x00,0x00,0x00,0x00,0x00,0x00,0x00,0x00,0x00,0x00,0x00,0x00,0x00,0x00,0x00,0x00,0x00,0x00,0x00,0x00,0x00,0x00,0x00,0x00,0x00,0x00,
0x00,0x00,0x00,0x00,0x00,0x00,0x00,0x00,0x00,0x00,0x00,0x00,0x00,0x00,0x00,0x00,0x00,0x00,0x00,0x00,0x00,0x00,0x00,0x00,0x00,0x00,0x00,0x00,0x00,0x00,0x00,0x00,
0x31,0x85,0x31,0x86,0x31,0x86,0x31,0xA6,0x31,0xA7,0x51,0x6D,0xD5,0x3C,0xFF,0xDF,0xEE,0x3E,0x8A,0xB7,0x41,0x2D,0x20,0xA9,0x20,0xA8,0x18,0x87,0x10,0x86,0x10,0x85,
0x10,0x85,0x08,0x65,0x08,0x65,0x08,0x65,0x08,0x85,0x08,0x65,0x08,0x86,0x10,0x86,0x10,0x86,0x10,0xA6,0x10,0x86,0x10,0x86,0x08,0x45,0x62,0xCE,0x21,0x05,0x00,0x00,
0x00,0x21,0x00,0x21,0x00,0x21,0x00,0x21,0x00,0x21,0x00,0x21,0x00,0x22,0x00,0x21,0x08,0x21,0x00,0x21,0x00,0x21,0x00,0x21,0x00,0x41,0x00,0x21,0x00,0x21,0x00,0x41,
0x00,0x41,0x00,0x21,0x00,0x21,0x00,0x21,0x00,0x21,0x00,0x21,0x00,0x21,0x00,0x21,0x00,0x21,0x00,0x01,0x00,0x21,0x00,0x21,0x00,0x21,0x00,0x21,0x00,0x21,0x00,0x21,
0x00,0x21,0x00,0x21,0x00,0x41,0x00,0x41,0x00,0x21,0x00,0x41,0x00,0x21,0x00,0x21,0x00,0x21,0x00,0x21,0x00,0x21,0x00,0x21,0x00,0x21,0x00,0x21,0x00,0x21,0x00,0x22,
0x00,0x21,0x00,0x21,0x00,0x21,0x00,0x21,0x00,0x21,0x00,0x21,0x00,0x21,0x00,0x21,0x00,0x21,0x00,0x21,0x00,0x21,0x00,0x21,0x00,0x21,0x00,0x42,0x00,0x21,0x00,0x21,
0x00,0x21,0x00,0x21,0x00,0x21,0x00,0x22,0x00,0x21,0x00,0x42,0x08,0x82,0x00,0x01,0x42,0x2B,0x42,0xCE,0x01,0xA8,0x0A,0xEE,0x14,0x12,0x7F,0x7F,0x2C,0x74,0x0A,0xAD,
0x0A,0x4C,0x09,0xAA,0x11,0x4A,0x19,0x2B,0x29,0x2D,0x39,0x50,0x49,0x33,0xCC,0xDC,0xBC,0x5B,0x41,0x32,0x31,0x2F,0x28,0xCC,0x28,0xCC,0x28,0xCD,0x39,0x0F,0x38,0xF2,
0x9B,0x38,0xDD,0x5E,0x49,0xB3,0x3A,0x11,0x2A,0x51,0x1A,0xD1,0x34,0xB6,0x87,0x9F,0x14,0x12,0x13,0x0F,0x12,0x8C,0x12,0x4B,0x12,0xAC,0x03,0x0E,0x55,0xD8,0x6E,0xDC,
0x03,0x70,0x0B,0x2F,0x0A,0x6C,0x0A,0x6C,0x13,0x0E,0x14,0x12,0x87,0x7E,0x35,0x36,0x13,0x10,0x22,0x6F,0x29,0xEF,0x39,0xB1,0x51,0x93,0xE5,0xDE,0x82,0xF6,0x38,0xF0,
0x30,0xED,0x28,0xAC,0x28,0xCC,0x39,0x0E,0x38,0xD1,0xBC,0x7B,0xCC,0xDC,0x40,0xD2,0x41,0x10,0x38,0xCC,0x40,0xEB,0x59,0x0B,0x68,0xA9,0x80,0xCA,0xF5,0x1C,0xB2,0xB2,
0x68,0x68,0x58,0xC8,0x48,0xA7,0x38,0xA6,0x40,0xA7,0x50,0xA7,0x68,0xE8,0x78,0xA8,0xCB,0x75,0xEC,0x79,0x80,0xA9,0x68,0xC8,0x50,0xA7,0x40,0xA7,0x30,0x86,0x20,0x86,
0x18,0x85,0x18,0x85,0x10,0x85,0x10,0x85,0x10,0x85,0x10,0x86,0x10,0xA7,0x10,0x86,0x08,0x65,0x10,0x86,0x10,0x85,0x10,0x85,0x10,0x86,0x10,0x86,0x10,0x86,0x10,0x86,
0x10,0x86,0x10,0x86,0x08,0x86,0x10,0x86,0x10,0xA7,0x10,0x86,0x10,0x85,0x10,0x86,0x08,0x86,0x08,0x86,0x08,0x86,0x10,0x86,0x08,0x86,0x10,0x86,0x10,0x86,0x08,0x85,
0x08,0x86,0x10,0xA6,0x10,0xA6,0x08,0x86,0x08,0x85,0x10,0x86,0x08,0x85,0x10,0x86,0x10,0x85,0x08,0x86,0x08,0x86,0x08,0x85,0x08,0x65,0x08,0x85,0x10,0x86,0x10,0x86,
0x08,0x86,0x08,0x65,0x08,0x65,0x08,0x85,0x08,0x65,0x08,0x65,0x08,0x65,0x08,0x85,0x08,0x85,0x08,0x65,0x08,0x65,0x08,0x85,0x08,0x86,0x08,0x86,0x08,0x86,0x08,0x85,
0x08,0x65,0x08,0x85,0x08,0x85,0x08,0x85,0x08,0x85,0x08,0x65,0x08,0x85,0x08,0x65,0x08,0x65,0x08,0x85,0x10,0x86,0x10,0x86,0x10,0x85,0x10,0x85,0x10,0x85,0x10,0x85,
0x10,0xA6,0x18,0x87,0x18,0xA8,0x20,0xC8,0x20,0xA8,0x39,0x0C,0x8A,0xD7,0xEE,0x7E,0xFF,0xFF,0xD5,0x7D,0x59,0xAE,0x31,0x86,0x31,0x86,0x29,0x65,0x31,0x86,0x21,0x04,
0x00,0x00,0x00,0x00,0x00,0x00,0x00,0x00,0x00,0x00,0x00,0x00,0x00,0x00,0x00,0x00,0x00,0x00,0x00,0x00,0x00,0x00,0x00,0x00,0x00,0x00,0x00,0x00,0x00,0x00,0x00,0x00,
0x00,0x00,0x00,0x00,0x00,0x00,0x00,0x00,0x00,0x00,0x00,0x00,0x00,0x00,0x00,0x00,0x00,0x00,0x00,0x00,0x00,0x00,0x00,0x00,0x00,0x00,0x00,0x00,0x00,0x00,0x00,0x00,
0x29,0x65,0x31,0x86,0x31,0x86,0x31,0xA6,0x31,0xA7,0x51,0x6D,0xD5,0x3C,0xFF,0xDF,0xEE,0x5E,0x8A,0xB7,0x40,0xEC,0x18,0x67,0x18,0x87,0x10,0x66,0x10,0x65,0x10,0x65,
0x08,0x65,0x08,0x44,0x08,0x64,0x08,0x44,0x08,0x65,0x08,0x65,0x08,0x86,0x08,0x65,0x08,0x65,0x08,0x65,0x08,0x65,0x08,0x65,0x08,0x44,0x18,0xA6,0x6B,0x0F,0x18,0xC4,
0x00,0x00,0x00,0x21,0x00,0x21,0x00,0x22,0x00,0x42,0x08,0x41,0x00,0x21,0x00,0x21,0x00,0x21,0x00,0x21,0x00,0x21,0x00,0x21,0x00,0x21,0x00,0x21,0x00,0x21,0x00,0x21,
0x00,0x21,0x00,0x41,0x08,0x21,0x00,0x21,0x00,0x21,0x00,0x21,0x00,0x21,0x00,0x21,0x00,0x21,0x00,0x21,0x00,0x21,0x00,0x21,0x00,0x21,0x00,0x21,0x00,0x21,0x00,0x21,
0x00,0x21,0x00,0x21,0x00,0x21,0x00,0x21,0x00,0x21,0x00,0x21,0x00,0x21,0x00,0x21,0x00,0x21,0x00,0x21,0x00,0x21,0x00,0x21,0x00,0x21,0x00,0x21,0x00,0x41,0x00,0x21,
0x00,0x21,0x00,0x21,0x00,0x21,0x00,0x21,0x00,0x21,0x00,0x21,0x00,0x21,0x00,0x21,0x00,0x21,0x00,0x21,0x00,0x21,0x00,0x21,0x00,0x42,0x00,0x21,0x00,0x21,0x00,0x21,
0x00,0x21,0x00,0x21,0x00,0x42,0x00,0x42,0x00,0x42,0x00,0x42,0x00,0x01,0x31,0xA9,0x5B,0x2F,0x01,0x88,0x0A,0xAD,0x03,0x2F,0x66,0x9B,0x5E,0x3A,0x02,0xEE,0x0A,0x6C,
0x09,0xAA,0x11,0x49,0x10,0xE9,0x20,0xEB,0x31,0x2D,0x41,0x31,0x6A,0x16,0xF5,0xDF,0x72,0x36,0x39,0x10,0x28,0xED,0x20,0xAB,0x20,0xAB,0x28,0xED,0x39,0x2F,0x40,0xF2,
0xC4,0x7C,0xBC,0x5B,0x39,0x52,0x31,0xF1,0x2A,0x70,0x12,0xF0,0x45,0x78,0x77,0x5D,0x0B,0x91,0x12,0xEE,0x0A,0x4B,0x0A,0x2B,0x12,0xAC,0x02,0xEE,0x5D,0xF8,0x6E,0xBB,
0x03,0x4F,0x0B,0x0E,0x0A,0x4B,0x0A,0x4B,0x0A,0xEE,0x0B,0xB1,0x7F,0x5D,0x45,0x97,0x0B,0x0F,0x1A,0x6E,0x21,0xCE,0x31,0x90,0x39,0x11,0xCD,0x1C,0xA3,0xFA,0x38,0xD0,
0x30,0xED,0x20,0xAB,0x20,0x8B,0x30,0xED,0x38,0xD0,0x7A,0x96,0xEE,0x1F,0x59,0x74,0x40,0xD0,0x38,0xCC,0x38,0xAA,0x48,0xEB,0x60,0xA9,0x68,0x28,0xBA,0xF3,0xF4,0xFB,
0x78,0xA9,0x60,0xA8,0x48,0x86,0x40,0x66,0x38,0x85,0x40,0x86,0x50,0xA7,0x68,0xC8,0x80,0xEA,0xF4,0xDB,0xC2,0xF2,0x70,0x67,0x60,0xA8,0x48,0x86,0x38,0x66,0x28,0x65,
0x18,0x64,0x18,0x64,0x10,0x64,0x10,0x64,0x08,0x64,0x08,0x64,0x08,0x65,0x10,0xA7,0x08,0x66,0x08,0x64,0x08,0x65,0x08,0x65,0x08,0x65,0x08,0x65,0x08,0x65,0x08,0x65,
0x08,0x65,0x08,0x65,0x08,0x65,0x08,0x65,0x08,0x66,0x10,0xA7,0x08,0x65,0x08,0x64,0x08,0x65,0x08,0x65,0x08,0x65,0x08,0x65,0x08,0x65,0x08,0x65,0x08,0x65,0x08,0x65,
0x08,0x65,0x08,0x64,0x08,0x85,0x10,0xA6,0x08,0x85,0x08,0x64,0x08,0x64,0x08,0x64,0x08,0x64,0x08,0x64,0x08,0x64,0x08,0x65,0x08,0x64,0x08,0x65,0x08,0x64,0x08,0x64,
0x08,0x65,0x08,0x86,0x08,0x65,0x08,0x64,0x08,0x64,0x08,0x64,0x08,0x64,0x08,0x64,0x08,0x64,0x08,0x64,0x08,0x64,0x08,0x64,0x08,0x64,0x08,0x65,0x08,0x85,0x08,0x86,
0x08,0x65,0x08,0x65,0x08,0x64,0x08,0x64,0x08,0x64,0x08,0x64,0x08,0x64,0x08,0x64,0x08,0x64,0x08,0x64,0x08,0x64,0x08,0x64,0x08,0x65,0x10,0x86,0x10,0x85,0x10,0x85,
0x10,0x65,0x10,0x66,0x18,0x87,0x20,0xA7,0x20,0xA7,0x39,0x0C,0x8A,0xB7,0xEE,0x7E,0xFF,0xFF,0xD5,0x7D,0x59,0xAE,0x31,0x66,0x31,0x86,0x29,0x65,0x31,0x85,0x21,0x04,
0x00,0x00,0x00,0x00,0x00,0x00,0x00,0x00,0x00,0x00,0x00,0x00,0x00,0x00,0x00,0x00,0x00,0x00,0x00,0x00,0x00,0x00,0x00,0x00,0x00,0x00,0x00,0x00,0x00,0x00,0x00,0x00,
0x00,0x00,0x00,0x00,0x00,0x00,0x00,0x00,0x00,0x00,0x00,0x00,0x00,0x00,0x00,0x00,0x00,0x00,0x00,0x00,0x00,0x00,0x00,0x00,0x00,0x00,0x00,0x00,0x00,0x00,0x00,0x00,
0x29,0x65,0x31,0x86,0x31,0x86,0x31,0xA6,0x31,0x86,0x51,0x6D,0xD5,0x3C,0xFF,0xFF,0xE6,0x5F,0x8A,0xB7,0x40,0xEC,0x18,0x66,0x18,0x86,0x10,0x66,0x10,0x65,0x10,0x64,
0x08,0x44,0x08,0x44,0x08,0x65,0x08,0x85,0x08,0x85,0x08,0x65,0x08,0x65,0x08,0x44,0x08,0x64,0x08,0x64,0x08,0x64,0x08,0x64,0x08,0x64,0x00,0x23,0x20,0xC6,0x6A,0xEF,
0x39,0x88,0x00,0x01,0x00,0x00,0x00,0x00,0x00,0x00,0x00,0x00,0x00,0x00,0x00,0x00,0x00,0x00,0x00,0x00,0x00,0x00,0x00,0x00,0x00,0x00,0x00,0x00,0x00,0x00,0x00,0x00,
0x00,0x00,0x00,0x00,0x00,0x00,0x00,0x00,0x00,0x00,0x00,0x00,0x00,0x00,0x00,0x00,0x00,0x00,0x00,0x00,0x00,0x00,0x00,0x00,0x00,0x00,0x00,0x00,0x00,0x00,0x00,0x00,
0x00,0x00,0x00,0x00,0x00,0x00,0x00,0x00,0x00,0x00,0x00,0x00,0x00,0x00,0x00,0x00,0x00,0x00,0x00,0x00,0x00,0x00,0x00,0x00,0x00,0x00,0x00,0x00,0x00,0x00,0x00,0x00,
0x00,0x00,0x00,0x00,0x00,0x00,0x00,0x00,0x00,0x00,0x00,0x00,0x00,0x00,0x00,0x00,0x00,0x00,0x00,0x00,0x00,0x00,0x00,0x01,0x00,0x00,0x00,0x00,0x00,0x00,0x00,0x00,
0x00,0x01,0x00,0x01,0x00,0x01,0x00,0x00,0x00,0x00,0x08,0x63,0x4A,0x4B,0x5B,0x0F,0x09,0x68,0x0A,0x2B,0x0A,0xEE,0x2C,0xD5,0x87,0x7F,0x13,0x91,0x0A,0xAD,0x0A,0x0B,
0x09,0x69,0x11,0x29,0x18,0xEA,0x28,0xEC,0x39,0x4F,0x41,0x12,0xB4,0x1A,0xD4,0xFD,0x49,0x32,0x39,0x2F,0x20,0xCC,0x20,0xAB,0x20,0xCB,0x30,0xED,0x41,0x51,0x59,0x74,
0xE5,0x9E,0x8B,0x18,0x39,0x92,0x32,0x10,0x2A,0xB1,0x0B,0x10,0x5E,0x5B,0x6E,0xDC,0x0B,0x70,0x12,0xEE,0x0A,0x4B,0x0A,0x2B,0x12,0xAC,0x03,0x0E,0x5E,0x39,0x6E,0x9B,
0x03,0x2F,0x0B,0x0E,0x0A,0x4B,0x0A,0x4B,0x0A,0xCE,0x0B,0x70,0x77,0x1D,0x4D,0xF9,0x0B,0x10,0x1A,0x8E,0x21,0xEE,0x31,0xAF,0x39,0x11,0xAB,0xFA,0xCC,0xFC,0x38,0xD1,
0x39,0x0E,0x28,0xAB,0x20,0xAA,0x28,0xCC,0x39,0x0F,0x49,0x32,0xE5,0xBE,0x8A,0xF8,0x38,0xB1,0x38,0xCD,0x30,0xAA,0x38,0xCA,0x50,0xCA,0x60,0x68,0x80,0xCB,0xFD,0x5D,
0xAA,0x71,0x68,0x67,0x58,0xA7,0x40,0x66,0x38,0x65,0x38,0x65,0x48,0x86,0x60,0xC7,0x70,0xA8,0xAA,0x2F,0xFD,0x5D,0x99,0x8D,0x70,0x87,0x58,0x87,0x40,0x66,0x30,0x65,
0x20,0x44,0x18,0x64,0x10,0x44,0x10,0x64,0x10,0x64,0x10,0x64,0x08,0x64,0x08,0x65,0x10,0xA7,0x08,0x65,0x08,0x44,0x08,0x64,0x08,0x64,0x08,0x65,0x08,0x64,0x08,0x64,
0x08,0x64,0x08,0x65,0x08,0x64,0x08,0x64,0x08,0x64,0x08,0x65,0x10,0xA6,0x08,0x86,0x08,0x64,0x08,0x64,0x08,0x65,0x08,0x64,0x08,0x65,0x08,0x64,0x08,0x64,0x08,0x64,
0x08,0x64,0x08,0x64,0x08,0x64,0x08,0x65,0x10,0x86,0x08,0x86,0x08,0x64,0x08,0x64,0x08,0x64,0x08,0x64,0x08,0x64,0x08,0x64,0x08,0x64,0x08,0x64,0x08,0x64,0x08,0x64,
0x08,0x44,0x08,0x65,0x08,0x85,0x08,0x86,0x08,0x65,0x08,0x64,0x08,0x64,0x08,0x64,0x08,0x64,0x08,0x64,0x08,0x64,0x08,0x64,0x08,0x64,0x08,0x64,0x08,0x64,0x08,0x64,
0x08,0x85,0x08,0x86,0x08,0x85,0x08,0x64,0x08,0x44,0x08,0x44,0x08,0x44,0x08,0x64,0x08,0x44,0x08,0x44,0x08,0x64,0x08,0x64,0x08,0x64,0x08,0x64,0x10,0x85,0x10,0x86,
0x10,0xA6,0x18,0x87,0x18,0x87,0x20,0xA7,0x20,0xA7,0x38,0xEC,0x92,0xD7,0xEE,0x7E,0xFF,0xFF,0xD5,0x7D,0x51,0xAE,0x29,0x66,0x31,0x86,0x29,0x65,0x31,0x65,0x21,0x04,
0x00,0x00,0x00,0x00,0x00,0x00,0x00,0x00,0x00,0x00,0x00,0x00,0x00,0x00,0x00,0x00,0x00,0x00,0x00,0x00,0x00,0x00,0x00,0x00,0x00,0x00,0x00,0x00,0x00,0x00,0x00,0x00,
0x00,0x00,0x00,0x00,0x00,0x00,0x00,0x00,0x00,0x00,0x00,0x00,0x00,0x00,0x00,0x00,0x00,0x00,0x00,0x00,0x00,0x00,0x00,0x00,0x00,0x00,0x00,0x00,0x00,0x00,0x00,0x00,
0x29,0x65,0x31,0x86,0x29,0x65,0x31,0x86,0x31,0x86,0x51,0x6D,0xD5,0x3C,0xFF,0xFF,0xE6,0x5E,0x92,0xB7,0x40,0xEC,0x18,0x66,0x18,0x86,0x10,0x65,0x10,0x45,0x08,0x64,
0x08,0x65,0x10,0x86,0x08,0x86,0x08,0x65,0x08,0x44,0x08,0x44,0x08,0x64,0x08,0x44,0x08,0x44,0x08,0x64,0x08,0x44,0x08,0x64,0x08,0x64,0x08,0x44,0x00,0x23,0x10,0x85,
0x52,0x4D,0x62,0xCE,0x4A,0x0A,0x39,0x88,0x31,0x47,0x29,0x47,0x29,0x26,0x29,0x26,0x29,0x26,0x29,0x06,0x29,0x06,0x29,0x06,0x29,0x06,0x29,0x26,0x29,0x26,0x21,0x06,
0x21,0x06,0x21,0x06,0x21,0x06,0x21,0x06,0x29,0x06,0x21,0x06,0x21,0x05,0x29,0x06,0x29,0x06,0x29,0x06,0x29,0x06,0x29,0x06,0x29,0x06,0x21,0x06,0x21,0x06,0x20,0xE5,
0x21,0x05,0x21,0x05,0x21,0x05,0x21,0x05,0x21,0x05,0x21,0x05,0x20,0xE5,0x21,0x05,0x21,0x05,0x21,0x06,0x21,0x06,0x21,0x06,0x29,0x06,0x21,0x06,0x21,0x06,0x21,0x06,
0x21,0x05,0x21,0x05,0x20,0xE5,0x20,0xE5,0x20,0xE5,0x20,0xE5,0x20,0xE5,0x20,0xE5,0x20,0xE5,0x20,0xE5,0x20,0xE5,0x20,0xE5,0x20,0xE5,0x20,0xE5,0x20,0xE5,0x20,0xE5,
0x20,0xE5,0x21,0x05,0x21,0x06,0x31,0x67,0x4A,0x4B,0x63,0x2F,0x42,0x6D,0x09,0x48,0x09,0xCA,0x0A,0xCD,0x0B,0x90,0x7F,0x7E,0x45,0x57,0x02,0xAD,0x0A,0x4C,0x09,0xAA,
0x11,0x48,0x11,0x09,0x20,0xEB,0x31,0x0D,0x41,0x50,0x59,0xB4,0xED,0x9F,0x8A,0xF7,0x39,0x11,0x31,0x0D,0x20,0xAB,0x20,0xAA,0x28,0xCC,0x31,0x0E,0x41,0x31,0x7A,0x56,
0xF5,0xFF,0x62,0x35,0x39,0xB2,0x2A,0x10,0x22,0xF1,0x0B,0x51,0x6F,0x1D,0x5E,0x3A,0x0B,0x2F,0x12,0xCD,0x0A,0x2B,0x0A,0x2B,0x12,0xAC,0x03,0x0E,0x66,0x7A,0x66,0x9A,
0x03,0x2F,0x0A,0xEE,0x0A,0x2B,0x0A,0x2B,0x0A,0xCD,0x0B,0x50,0x6E,0xDC,0x5E,0x5A,0x03,0x30,0x1A,0xAE,0x21,0xED,0x29,0xAF,0x39,0x30,0x83,0x17,0xE5,0xBE,0x49,0x32,
0x38,0xEF,0x28,0xCC,0x20,0xAA,0x28,0xCB,0x39,0x0E,0x38,0xD1,0xBC,0x7B,0xCC,0xDC,0x38,0xB1,0x38,0xEE,0x30,0xAB,0x30,0x89,0x48,0xEA,0x60,0xA9,0x68,0x27,0xCB,0x75,
0xEC,0xFA,0x78,0x88,0x60,0xA7,0x48,0x66,0x38,0x65,0x38,0x65,0x40,0x85,0x50,0x86,0x68,0xC8,0x78,0xA8,0xD3,0xD6,0xEC,0x99,0x80,0xA9,0x68,0x87,0x50,0x86,0x38,0x65,
0x28,0x65,0x20,0x44,0x18,0x44,0x10,0x64,0x10,0x64,0x08,0x64,0x08,0x64,0x08,0x64,0x08,0x64,0x10,0xA7,0x08,0x65,0x08,0x64,0x08,0x64,0x08,0x64,0x08,0x64,0x08,0x64,
0x08,0x64,0x08,0x65,0x08,0x44,0x08,0x64,0x08,0x64,0x08,0x64,0x08,0x44,0x10,0x86,0x10,0x86,0x08,0x64,0x08,0x64,0x08,0x64,0x08,0x64,0x08,0x64,0x08,0x64,0x08,0x64,
0x08,0x64,0x08,0x64,0x08,0x64,0x08,0x64,0x08,0x64,0x08,0x85,0x08,0x86,0x08,0x65,0x08,0x44,0x08,0x64,0x08,0x64,0x08,0x64,0x08,0x64,0x08,0x64,0x08,0x64,0x08,0x64,
0x08,0x64,0x08,0x64,0x08,0x44,0x08,0x65,0x08,0x85,0x08,0x85,0x08,0x64,0x08,0x44,0x08,0x44,0x08,0x64,0x08,0x64,0x08,0x64,0x08,0x64,0x08,0x64,0x08,0x64,0x08,0x64,
0x08,0x44,0x08,0x44,0x08,0x65,0x08,0x85,0x08,0x85,0x08,0x64,0x08,0x44,0x08,0x64,0x08,0x64,0x08,0x64,0x08,0x64,0x08,0x64,0x08,0x64,0x08,0x64,0x08,0x64,0x10,0x64,
0x10,0x85,0x18,0x86,0x18,0xA7,0x20,0xA8,0x18,0x87,0x38,0xEC,0x92,0xB8,0xEE,0x7F,0xFF,0xFF,0xD5,0x7D,0x51,0xAE,0x29,0x66,0x29,0x65,0x29,0x65,0x29,0x65,0x21,0x04,
0x00,0x00,0x00,0x00,0x00,0x00,0x00,0x00,0x00,0x00,0x00,0x00,0x00,0x00,0x00,0x00,0x00,0x00,0x00,0x00,0x00,0x00,0x00,0x00,0x00,0x00,0x00,0x00,0x00,0x00,0x00,0x00,
0x00,0x00,0x00,0x00,0x00,0x00,0x00,0x00,0x00,0x00,0x00,0x00,0x00,0x00,0x00,0x00,0x00,0x00,0x00,0x00,0x00,0x00,0x00,0x00,0x00,0x00,0x00,0x00,0x00,0x00,0x00,0x00,
0x29,0x65,0x29,0x65,0x29,0x65,0x31,0x86,0x31,0x86,0x51,0x6D,0xD5,0x3C,0xFF,0xFF,0xEE,0x5E,0x92,0xB7,0x41,0x0C,0x18,0x87,0x18,0x87,0x18,0x66,0x10,0x86,0x10,0xA6,
0x10,0x86,0x08,0x65,0x08,0x65,0x08,0x65,0x08,0x65,0x08,0x65,0x08,0x65,0x08,0x65,0x08,0x65,0x08,0x65,0x08,0x65,0x08,0x64,0x08,0x65,0x08,0x65,0x10,0xA6,0x08,0x86,
0x00,0x44,0x18,0xE7,0x39,0xCB,0x4A,0x2D,0x52,0x6D,0x52,0x4D,0x4A,0x4D,0x4A,0x2C,0x4A,0x0C,0x4A,0x0C,0x4A,0x0C,0x4A,0x0C,0x4A,0x2D,0x4A,0x4D,0x4A,0x0C,0x4A,0x0C,
0x4A,0x0D,0x4A,0x0D,0x4A,0x0C,0x4A,0x2C,0x4A,0x0C,0x4A,0x0C,0x4A,0x0C,0x4A,0x0C,0x4A,0x0C,0x4A,0x0C,0x42,0x0C,0x4A,0x2D,0x4A,0x2C,0x42,0x0C,0x42,0x0C,0x4A,0x0C,
0x4A,0x2C,0x4A,0x2C,0x4A,0x2C,0x4A,0x2C,0x42,0x0C,0x42,0x0C,0x42,0x0C,0x42,0x0C,0x42,0x0C,0x42,0x0C,0x4A,0x2D,0x4A,0x2D,0x4A,0x0D,0x4A,0x2D,0x4A,0x2D,0x4A,0x2D,
0x4A,0x2D,0x4A,0x2C,0x4A,0x2C,0x4A,0x0C,0x4A,0x0C,0x4A,0x0C,0x42,0x0C,0x42,0x0C,0x42,0x0C,0x4A,0x4D,0x4A,0x0C,0x42,0x0C,0x4A,0x2C,0x4A,0x2C,0x4A,0x2C,0x4A,0x4C,
0x4A,0x6D,0x4A,0x6D,0x52,0x6D,0x4A,0x8D,0x3A,0x2B,0x11,0x68,0x01,0x48,0x09,0xEA,0x12,0xCD,0x03,0x0E,0x4D,0xF9,0x77,0x3D,0x03,0x2F,0x0A,0x8D,0x0A,0x0A,0x09,0x69,
0x11,0x29,0x19,0x0A,0x21,0x0C,0x39,0x2F,0x41,0x32,0x9B,0x59,0xED,0x9E,0x51,0x73,0x39,0x30,0x28,0xED,0x20,0xCB,0x20,0xCB,0x28,0xED,0x39,0x30,0x40,0xF2,0xA3,0x9A,
0xE5,0x9E,0x49,0xB3,0x39,0xF2,0x2A,0x31,0x1B,0x31,0x13,0xB2,0x7F,0x9F,0x45,0x98,0x0B,0x0F,0x12,0xAD,0x0A,0x2B,0x0A,0x4B,0x12,0xCD,0x03,0x2E,0x6E,0xBB,0x66,0x7A,
0x03,0x4F,0x13,0x0E,0x0A,0x2B,0x0A,0x2B,0x12,0xCD,0x0B,0x4F,0x66,0x9B,0x6E,0xBC,0x0B,0x50,0x1A,0xCF,0x22,0x0D,0x29,0xAE,0x39,0x71,0x6A,0x35,0xF6,0x1F,0x61,0xF4,
0x38,0xF0,0x30,0xED,0x28,0xAB,0x28,0xCB,0x39,0x0E,0x38,0xF1,0x7A,0xB6,0xF6,0x3F,0x59,0x74,0x40,0xF0,0x38,0xCC,0x30,0x89,0x40,0xCA,0x58,0xEA,0x68,0x88,0x91,0x2C,
0xFD,0x9D,0xAA,0x2F,0x68,0x67,0x58,0xA7,0x40,0x86,0x30,0x86,0x38,0x86,0x40,0x86,0x58,0xA7,0x70,0xC8,0x89,0x0A,0xFD,0x1C,0xC2,0xF3,0x70,0x87,0x58,0xA7,0x40,0x86,
0x30,0x86,0x28,0x65,0x18,0x85,0x18,0x65,0x10,0x65,0x10,0x64,0x10,0x65,0x10,0x64,0x08,0x64,0x08,0x65,0x10,0xA7,0x08,0x65,0x08,0x65,0x08,0x65,0x08,0x65,0x08,0x65,
0x08,0x65,0x08,0x65,0x08,0x65,0x08,0x65,0x08,0x65,0x08,0x65,0x08,0x65,0x08,0x65,0x10,0x86,0x10,0xA6,0x08,0x65,0x08,0x65,0x08,0x65,0x08,0x65,0x08,0x85,0x08,0x65,
0x08,0x65,0x08,0x65,0x08,0x65,0x08,0x65,0x08,0x65,0x08,0x64,0x08,0x65,0x08,0xA6,0x08,0x85,0x08,0x65,0x08,0x65,0x08,0x65,0x08,0x65,0x08,0x65,0x08,0x65,0x08,0x65,
0x08,0x65,0x08,0x65,0x08,0x65,0x08,0x65,0x08,0x65,0x08,0x65,0x08,0x86,0x08,0x85,0x08,0x65,0x08,0x65,0x08,0x65,0x08,0x65,0x08,0x64,0x08,0x64,0x08,0x65,0x08,0x65,
0x08,0x65,0x08,0x65,0x08,0x65,0x08,0x65,0x08,0x65,0x08,0x85,0x08,0x85,0x08,0x64,0x08,0x64,0x08,0x64,0x08,0x64,0x08,0x64,0x08,0x64,0x08,0x64,0x08,0x65,0x10,0x85,
0x10,0x86,0x10,0x86,0x18,0x87,0x20,0xC8,0x20,0xC9,0x39,0x0C,0x8A,0xB7,0xEE,0x7E,0xFF,0xFF,0xD5,0x7D,0x51,0xAE,0x29,0x66,0x29,0x65,0x29,0x65,0x29,0x65,0x21,0x04,
0x00,0x00,0x00,0x00,0x00,0x00,0x00,0x00,0x00,0x00,0x00,0x00,0x00,0x00,0x00,0x00,0x00,0x00,0x00,0x00,0x00,0x00,0x00,0x00,0x00,0x00,0x00,0x00,0x00,0x00,0x00,0x00,
0x00,0x00,0x00,0x00,0x00,0x00,0x00,0x00,0x00,0x00,0x00,0x00,0x00,0x00,0x00,0x00,0x00,0x00,0x00,0x00,0x00,0x00,0x00,0x00,0x00,0x00,0x00,0x00,0x00,0x00,0x00,0x00,
0x29,0x65,0x29,0x65,0x29,0x65,0x31,0x86,0x31,0x86,0x49,0x6D,0xD5,0x3C,0xFF,0xFF,0xE6,0x5E,0x92,0xB7,0x41,0x0C,0x18,0x87,0x20,0xA8,0x18,0xA7,0x10,0x86,0x10,0x86,
0x08,0x65,0x08,0x65,0x08,0x65,0x08,0x65,0x08,0x65,0x08,0x65,0x08,0x65,0x08,0x65,0x08,0x85,0x08,0x65,0x08,0x65,0x08,0x86,0x10,0xA6,0x10,0x86,0x08,0x65,0x08,0x65,
0x08,0x86,0x08,0x65,0x00,0x45,0x00,0x25,0x00,0x24,0x00,0x24,0x00,0x24,0x00,0x24,0x00,0x23,0x00,0x23,0x00,0x24,0x08,0x65,0x00,0x45,0x00,0x24,0x00,0x24,0x00,0x24,
0x00,0x24,0x00,0x44,0x00,0x24,0x00,0x24,0x00,0x24,0x00,0x24,0x00,0x24,0x00,0x24,0x00,0x24,0x00,0x24,0x00,0x65,0x00,0x45,0x00,0x24,0x00,0x24,0x00,0x44,0x00,0x44,
0x00,0x24,0x00,0x44,0x00,0x44,0x00,0x24,0x00,0x44,0x00,0x44,0x00,0x44,0x00,0x24,0x00,0x23,0x08,0x65,0x00,0x45,0x00,0x24,0x00,0x44,0x00,0x24,0x00,0x24,0x00,0x24,
0x00,0x24,0x00,0x24,0x00,0x24,0x00,0x24,0x00,0x24,0x00,0x24,0x00,0x44,0x00,0x24,0x00,0x45,0x00,0x45,0x00,0x24,0x00,0x44,0x00,0x44,0x00,0x24,0x00,0x24,0x00,0x44,
0x00,0x44,0x00,0x64,0x00,0x84,0x00,0xA5,0x00,0xE6,0x09,0x88,0x0A,0x0A,0x12,0xAD,0x0B,0x4F,0x1C,0x53,0x8F,0xDF,0x2C,0x94,0x0A,0xAD,0x0A,0x4C,0x09,0xAA,0x11,0x49,
0x11,0x09,0x21,0x0B,0x29,0x0E,0x41,0x31,0x51,0x33,0xE5,0x5E,0xAB,0xDA,0x40,0xF1,0x39,0x0F,0x28,0xCC,0x20,0xCB,0x20,0xCB,0x30,0xEE,0x41,0x31,0x48,0xF3,0xD4,0xFC,
0xBC,0x7B,0x39,0x73,0x3A,0x12,0x2A,0x71,0x1B,0x31,0x1C,0x33,0x87,0xDF,0x34,0xF5,0x0A,0xEE,0x12,0x8C,0x0A,0x2B,0x0A,0x4B,0x12,0xED,0x03,0x6F,0x76,0xFC,0x5E,0x5A,
0x03,0x4F,0x13,0x0F,0x0A,0x2B,0x0A,0x2B,0x12,0xAD,0x0B,0x2F,0x56,0x39,0x77,0x1D,0x0B,0x71,0x1A,0xCF,0x22,0x0E,0x29,0x8E,0x39,0x50,0x51,0x93,0xED,0xFF,0x8A,0xD7,
0x38,0xF1,0x39,0x0E,0x28,0xCB,0x28,0xCB,0x30,0xED,0x41,0x11,0x51,0x53,0xEE,0x1F,0x8A,0xD8,0x40,0xB1,0x38,0xCD,0x30,0xAA,0x30,0x89,0x50,0xEA,0x68,0xCA,0x78,0x69,
0xD3,0xD7,0xEC,0xBA,0x78,0xA9,0x60,0xC8,0x48,0x87,0x38,0x86,0x30,0x86,0x38,0x86,0x48,0xA7,0x60,0xE9,0x78,0xA8,0xAA,0x30,0xFD,0x5D,0x99,0x8D,0x70,0xA8,0x50,0xA7,
0x40,0x86,0x30,0x85,0x20,0x85,0x18,0x85,0x18,0x65,0x10,0x65,0x10,0x85,0x10,0x85,0x10,0x85,0x08,0x65,0x08,0x65,0x10,0xA7,0x08,0x86,0x08,0x65,0x08,0x85,0x08,0x85,
0x08,0x85,0x08,0x65,0x08,0x65,0x08,0x65,0x08,0x65,0x08,0x85,0x08,0x65,0x08,0x85,0x08,0x65,0x08,0x66,0x10,0xA7,0x08,0x86,0x08,0x65,0x08,0x85,0x08,0x65,0x08,0x85,
0x08,0x85,0x08,0x85,0x08,0x65,0x08,0x65,0x08,0x65,0x08,0x65,0x08,0x65,0x08,0x65,0x08,0x85,0x10,0xA6,0x08,0x85,0x08,0x65,0x08,0x65,0x08,0x65,0x08,0x65,0x08,0x65,
0x08,0x65,0x08,0x65,0x08,0x65,0x08,0x65,0x08,0x65,0x08,0x65,0x08,0x65,0x08,0x85,0x08,0xA6,0x08,0x85,0x08,0x65,0x08,0x65,0x08,0x65,0x08,0x65,0x08,0x65,0x08,0x65,
0x08,0x65,0x08,0x65,0x08,0x65,0x08,0x65,0x08,0x65,0x08,0x65,0x08,0x85,0x08,0x86,0x08,0x86,0x08,0x65,0x08,0x64,0x08,0x85,0x08,0x65,0x10,0x85,0x10,0x85,0x10,0x86,
0x10,0x86,0x18,0x86,0x18,0x87,0x18,0xA8,0x20,0xA8,0x39,0x0C,0x8A,0xB7,0xEE,0x7E,0xFF,0xFF,0xD5,0x5D,0x59,0xAE,0x29,0x66,0x29,0x65,0x29,0x65,0x29,0x65,0x21,0x04,
0x00,0x00,0x00,0x00,0x00,0x00,0x00,0x00,0x00,0x00,0x00,0x00,0x00,0x00,0x00,0x00,0x00,0x00,0x00,0x00,0x00,0x00,0x00,0x00,0x00,0x00,0x00,0x00,0x00,0x00,0x00,0x00,
0x00,0x00,0x00,0x00,0x00,0x00,0x00,0x00,0x00,0x00,0x00,0x00,0x00,0x00,0x00,0x00,0x00,0x00,0x00,0x00,0x00,0x00,0x00,0x00,0x00,0x00,0x00,0x00,0x00,0x00,0x00,0x00,
0x29,0x65,0x29,0x65,0x29,0x65,0x31,0x86,0x31,0x86,0x49,0x4D,0xD5,0x3D,0xFF,0xFF,0xEE,0x5E,0x8A,0xB7,0x41,0x0D,0x20,0x87,0x18,0x87,0x18,0x66,0x10,0x45,0x10,0x45,
0x08,0x45,0x08,0x44,0x08,0x44,0x08,0x44,0x08,0x44,0x08,0x44,0x08,0x44,0x08,0x43,0x08,0x44,0x08,0x64,0x08,0x85,0x08,0x65,0x08,0x64,0x08,0x44,0x08,0x44,0x08,0x44,
0x08,0x44,0x08,0x44,0x08,0x44,0x08,0x64,0x08,0x64,0x08,0x64,0x08,0x64,0x08,0x64,0x08,0x64,0x08,0x85,0x10,0xA6,0x08,0x85,0x08,0x64,0x08,0x64,0x08,0x64,0x08,0x64,
0x08,0x64,0x08,0x64,0x08,0x64,0x08,0x64,0x08,0x64,0x08,0x64,0x08,0x64,0x08,0x44,0x08,0x85,0x10,0xA6,0x08,0x85,0x08,0x64,0x08,0x64,0x08,0x64,0x08,0x64,0x08,0x64,
0x08,0x64,0x08,0x64,0x08,0x64,0x08,0x64,0x08,0x64,0x08,0x64,0x08,0x64,0x08,0x64,0x10,0xA6,0x08,0x85,0x08,0x44,0x08,0x64,0x08,0x64,0x08,0x64,0x08,0x64,0x08,0x64,
0x08,0x64,0x08,0x64,0x08,0x64,0x08,0x64,0x08,0x64,0x08,0x64,0x08,0x44,0x08,0xA5,0x08,0xA5,0x08,0x64,0x08,0x64,0x08,0x64,0x08,0x64,0x08,0x64,0x08,0x64,0x08,0x64,
0x08,0x84,0x08,0x84,0x08,0xC5,0x08,0xE6,0x09,0x47,0x09,0xA9,0x0A,0x2B,0x13,0x4F,0x03,0x90,0x6E,0xFC,0x66,0x9B,0x02,0xEE,0x0A,0x6C,0x09,0xCA,0x09,0x48,0x10,0xE8,
0x18,0xC9,0x20,0xEB,0x31,0x0E,0x38,0xF1,0x82,0x96,0xF6,0x1F,0x69,0xD5,0x38,0xF0,0x28,0xEC,0x20,0xAA,0x18,0x8A,0x20,0xAB,0x28,0xCD,0x39,0x11,0x59,0x74,0xF5,0xFF,
0x8B,0x37,0x39,0x92,0x31,0xF1,0x2A,0xB1,0x13,0x31,0x2C,0xB6,0x87,0xFF,0x24,0x53,0x0A,0xCD,0x0A,0x4B,0x09,0xEA,0x0A,0x0A,0x0A,0xAC,0x03,0x4F,0x7F,0x1C,0x56,0x19,
0x03,0x2F,0x0B,0x0E,0x0A,0x2B,0x0A,0x0A,0x0A,0x8C,0x0B,0x2E,0x4D,0xD8,0x7F,0x5E,0x0B,0x91,0x12,0xCF,0x19,0xED,0x21,0x6C,0x31,0x4F,0x39,0x11,0xDD,0x7D,0xB4,0x1A,
0x38,0xD1,0x39,0x0E,0x20,0xAB,0x20,0xAA,0x28,0xAB,0x39,0x0F,0x38,0xB1,0xC4,0x9C,0xC4,0x7C,0x38,0x90,0x38,0xCE,0x30,0x8A,0x28,0x68,0x38,0x88,0x58,0xEA,0x70,0x88,
0x91,0x6D,0xFD,0xBE,0xAA,0x0F,0x68,0x67,0x58,0x86,0x40,0x65,0x30,0x45,0x30,0x65,0x38,0x65,0x48,0x86,0x68,0xA8,0x78,0x67,0xD3,0xB7,0xEC,0x59,0x80,0xA8,0x68,0xA7,
0x48,0x65,0x38,0x65,0x28,0x44,0x20,0x44,0x18,0x44,0x10,0x44,0x10,0x43,0x08,0x43,0x08,0x44,0x08,0x44,0x08,0x44,0x08,0x65,0x10,0xA6,0x08,0x64,0x08,0x44,0x08,0x44,
0x08,0x44,0x08,0x44,0x08,0x44,0x08,0x44,0x08,0x44,0x08,0x44,0x08,0x44,0x08,0x44,0x08,0x44,0x08,0x44,0x08,0x65,0x08,0x86,0x08,0x65,0x08,0x44,0x08,0x44,0x08,0x44,
0x08,0x44,0x08,0x44,0x08,0x44,0x08,0x44,0x08,0x44,0x08,0x44,0x08,0x44,0x08,0x43,0x08,0x44,0x08,0x44,0x08,0x85,0x08,0x65,0x08,0x44,0x08,0x44,0x08,0x44,0x08,0x44,
0x08,0x44,0x08,0x44,0x08,0x44,0x08,0x44,0x08,0x44,0x08,0x44,0x08,0x44,0x08,0x44,0x08,0x44,0x08,0x65,0x08,0x85,0x08,0x64,0x08,0x43,0x08,0x43,0x08,0x43,0x08,0x44,
0x08,0x44,0x08,0x44,0x08,0x44,0x08,0x44,0x08,0x44,0x08,0x44,0x08,0x43,0x08,0x44,0x08,0x65,0x08,0x85,0x08,0x64,0x08,0x44,0x08,0x43,0x08,0x44,0x08,0x44,0x10,0x64,
0x10,0x64,0x10,0x65,0x18,0x66,0x18,0x87,0x18,0x87,0x38,0xEB,0x8A,0xB7,0xEE,0x7E,0xFF,0xFF,0xD5,0x5D,0x59,0xAE,0x29,0x66,0x29,0x65,0x29,0x65,0x29,0x65,0x21,0x04,
0x00,0x00,0x00,0x00,0x00,0x00,0x00,0x00,0x00,0x00,0x00,0x00,0x00,0x00,0x00,0x00,0x00,0x00,0x00,0x00,0x00,0x00,0x00,0x00,0x00,0x00,0x00,0x00,0x00,0x00,0x00,0x00,
0x00,0x00,0x00,0x00,0x00,0x00,0x00,0x00,0x00,0x00,0x00,0x00,0x00,0x00,0x00,0x00,0x00,0x00,0x00,0x00,0x00,0x00,0x00,0x00,0x00,0x00,0x00,0x00,0x00,0x00,0x00,0x00,
0x29,0x65,0x29,0x65,0x29,0x65,0x31,0x86,0x31,0x86,0x49,0x4D,0xD5,0x3C,0xFF,0xFF,0xEE,0x5E,0x8A,0xB7,0x41,0x0C,0x18,0x67,0x18,0x86,0x18,0x66,0x10,0x65,0x10,0x65,
0x08,0x45,0x08,0x64,0x08,0x44,0x08,0x44,0x08,0x44,0x08,0x44,0x08,0x44,0x08,0x64,0x08,0x85,0x08,0x85,0x08,0x64,0x08,0x44,0x08,0x44,0x08,0x44,0x08,0x64,0x08,0x64,
0x08,0x64,0x08,0x44,0x08,0x44,0x08,0x44,0x08,0x64,0x08,0x64,0x08,0x43,0x08,0x64,0x10,0x86,0x08,0x85,0x08,0x64,0x08,0x44,0x08,0x64,0x08,0x44,0x08,0x44,0x08,0x64,
0x08,0x64,0x08,0x64,0x08,0x44,0x08,0x44,0x08,0x64,0x08,0x64,0x08,0x44,0x08,0x85,0x10,0xA6,0x08,0x64,0x08,0x64,0x08,0x64,0x08,0x64,0x08,0x44,0x08,0x44,0x08,0x64,
0x08,0x64,0x08,0x64,0x08,0x64,0x08,0x44,0x08,0x64,0x08,0x43,0x08,0x64,0x10,0xA6,0x08,0x64,0x08,0x43,0x08,0x44,0x08,0x44,0x08,0x64,0x08,0x44,0x08,0x44,0x08,0x64,
0x08,0x44,0x08,0x64,0x08,0x64,0x08,0x64,0x08,0x64,0x00,0x43,0x08,0x85,0x10,0xA6,0x00,0x43,0x08,0x64,0x08,0x44,0x08,0x44,0x08,0x44,0x08,0x44,0x08,0x64,0x08,0x64,
0x08,0x84,0x08,0xA4,0x08,0xC5,0x09,0x06,0x09,0x88,0x09,0xEA,0x12,0xEE,0x0B,0x4F,0x3D,0x56,0x8F,0xDF,0x1C,0x13,0x0A,0xAD,0x0A,0x0B,0x09,0x89,0x09,0x28,0x10,0xE8,
0x18,0xCA,0x28,0xEC,0x39,0x0F,0x40,0xF2,0xCC,0xBC,0xCC,0xBC,0x49,0x12,0x39,0x0F,0x28,0xCC,0x20,0xAA,0x18,0xAA,0x20,0xCB,0x30,0xEE,0x38,0xF1,0x82,0x96,0xF6,0x1F,
0x62,0x34,0x39,0xD2,0x31,0xF1,0x2A,0xF2,0x0B,0x11,0x45,0x98,0x7F,0xBF,0x13,0xD1,0x12,0xCD,0x0A,0x2B,0x09,0xEA,0x0A,0x2A,0x0A,0xCD,0x03,0x6F,0x7F,0x3D,0x4D,0xD8,
0x03,0x2F,0x13,0x0E,0x0A,0x2B,0x0A,0x0A,0x12,0xAC,0x0B,0x2F,0x3D,0x97,0x87,0x9F,0x13,0xF2,0x12,0xEF,0x1A,0x0D,0x21,0x8C,0x31,0x6F,0x30,0xF1,0xB4,0x7A,0xDD,0x5E,
0x49,0x13,0x39,0x2F,0x28,0xCC,0x20,0xAA,0x28,0xAB,0x30,0xEE,0x30,0xB0,0x8A,0xD8,0xF5,0xFF,0x51,0x33,0x38,0xCF,0x30,0xAB,0x30,0x89,0x30,0x88,0x50,0xEA,0x68,0xEA,
0x78,0x89,0xDC,0x18,0xEC,0x79,0x78,0x88,0x60,0xA7,0x48,0x66,0x38,0x65,0x30,0x65,0x30,0x65,0x40,0x86,0x50,0x87,0x68,0xA7,0x88,0xEA,0xFC,0xDC,0xC2,0xD3,0x70,0x67,
0x60,0xA7,0x48,0x85,0x38,0x65,0x28,0x64,0x20,0x64,0x18,0x64,0x10,0x44,0x10,0x44,0x08,0x44,0x08,0x44,0x08,0x64,0x08,0x44,0x08,0x65,0x10,0xA7,0x08,0x64,0x08,0x64,
0x08,0x64,0x08,0x64,0x08,0x64,0x08,0x44,0x08,0x64,0x08,0x64,0x08,0x64,0x08,0x44,0x08,0x64,0x08,0x64,0x08,0x44,0x08,0x44,0x10,0x86,0x08,0x86,0x08,0x44,0x08,0x44,
0x08,0x44,0x08,0x44,0x08,0x44,0x08,0x44,0x08,0x44,0x08,0x44,0x08,0x44,0x08,0x44,0x08,0x44,0x08,0x44,0x08,0x44,0x08,0x85,0x08,0x86,0x08,0x65,0x08,0x44,0x08,0x44,
0x08,0x44,0x08,0x44,0x08,0x44,0x08,0x44,0x08,0x44,0x08,0x44,0x08,0x44,0x08,0x44,0x08,0x44,0x08,0x44,0x08,0x64,0x08,0x86,0x08,0x85,0x08,0x64,0x08,0x44,0x08,0x44,
0x08,0x44,0x08,0x44,0x08,0x44,0x08,0x44,0x08,0x44,0x08,0x44,0x08,0x44,0x08,0x44,0x08,0x43,0x08,0x44,0x08,0x65,0x08,0x85,0x08,0x65,0x08,0x44,0x08,0x44,0x08,0x64,
0x10,0x65,0x10,0x65,0x18,0x66,0x20,0x87,0x20,0x87,0x38,0xEB,0x8A,0x97,0xEE,0x7F,0xFF,0xFF,0xD5,0x7D,0x51,0xAE,0x29,0x66,0x29,0x65,0x29,0x45,0x29,0x65,0x21,0x04,
0x00,0x00,0x00,0x00,0x00,0x00,0x00,0x00,0x00,0x00,0x00,0x00,0x00,0x00,0x00,0x00,0x00,0x00,0x00,0x00,0x00,0x00,0x00,0x00,0x00,0x00,0x00,0x00,0x00,0x00,0x00,0x00,
0x00,0x00,0x00,0x00,0x00,0x00,0x00,0x00,0x00,0x00,0x00,0x00,0x00,0x00,0x00,0x00,0x00,0x00,0x00,0x00,0x00,0x00,0x00,0x00,0x00,0x00,0x00,0x00,0x00,0x00,0x00,0x00,
0x29,0x45,0x29,0x65,0x29,0x65,0x31,0x85,0x31,0x66,0x49,0x4D,0xD5,0x3C,0xFF,0xFF,0xEE,0x5E,0x8A,0xB7,0x39,0x0C,0x18,0x87,0x20,0x87,0x18,0x66,0x10,0x65,0x10,0x45,
0x10,0x45,0x08,0x44,0x08,0x44,0x08,0x43,0x08,0x43,0x08,0x64,0x08,0x85,0x08,0x85,0x08,0x64,0x08,0x44,0x08,0x44,0x08,0x64,0x08,0x44,0x08,0x44,0x08,0x64,0x08,0x44,
0x08,0x44,0x08,0x44,0x08,0x44,0x08,0x44,0x08,0x43,0x08,0x64,0x10,0x85,0x08,0x85,0x08,0x64,0x08,0x44,0x08,0x64,0x08,0x64,0x08,0x64,0x08,0x64,0x08,0x64,0x08,0x44,
0x08,0x64,0x08,0x64,0x08,0x64,0x08,0x64,0x08,0x43,0x08,0x64,0x10,0xA6,0x08,0x85,0x08,0x43,0x08,0x64,0x08,0x64,0x08,0x64,0x08,0x64,0x08,0x64,0x08,0x64,0x08,0x64,
0x08,0x64,0x08,0x64,0x08,0x64,0x08,0x64,0x08,0x43,0x08,0x65,0x10,0xA6,0x08,0x64,0x08,0x43,0x08,0x64,0x08,0x44,0x08,0x44,0x08,0x44,0x08,0x44,0x08,0x44,0x08,0x44,
0x08,0x44,0x08,0x64,0x08,0x44,0x08,0x64,0x00,0x43,0x08,0x85,0x10,0xA6,0x00,0x44,0x08,0x44,0x08,0x64,0x08,0x43,0x08,0x43,0x08,0x44,0x08,0x43,0x00,0x64,0x08,0x64,
0x08,0x84,0x00,0xC5,0x08,0xE5,0x09,0x47,0x09,0xA9,0x0A,0x6C,0x0B,0x2F,0x0B,0xF1,0x87,0x9E,0x4D,0xF9,0x03,0x0F,0x12,0x8C,0x09,0xCA,0x11,0x48,0x11,0x08,0x18,0xE9,
0x20,0xCB,0x30,0xEE,0x39,0x11,0x69,0xD4,0xF5,0xFF,0x82,0x97,0x41,0x11,0x30,0xED,0x20,0xCB,0x18,0xAA,0x20,0xAA,0x28,0xCC,0x39,0x0F,0x40,0xD2,0xB3,0xFA,0xDD,0x5E,
0x41,0x93,0x39,0xD1,0x29,0xF1,0x22,0xF1,0x0B,0x31,0x5E,0x7B,0x77,0x1D,0x0B,0x70,0x12,0xCD,0x0A,0x2A,0x09,0xE9,0x0A,0x2A,0x0A,0xCD,0x0B,0x90,0x87,0x5D,0x45,0xB7,
0x03,0x2F,0x13,0x0E,0x0A,0x0B,0x0A,0x0A,0x12,0x8C,0x0B,0x2F,0x35,0x56,0x8F,0xBF,0x1C,0x33,0x12,0xEF,0x1A,0x2C,0x21,0xAC,0x29,0x6E,0x30,0xF1,0x93,0x57,0xF6,0x1F,
0x59,0x94,0x39,0x10,0x28,0xCC,0x20,0xAA,0x20,0xAA,0x28,0xCC,0x38,0xD0,0x51,0x53,0xF6,0x1F,0x8A,0xB7,0x38,0xB0,0x38,0xCD,0x30,0x89,0x30,0x67,0x40,0xA9,0x61,0x0B,
0x70,0xA9,0xA1,0xEF,0xFD,0xDE,0xA9,0xEE,0x70,0x87,0x58,0x86,0x40,0x65,0x30,0x65,0x30,0x65,0x30,0x65,0x40,0x86,0x58,0xA7,0x68,0x67,0xAA,0x30,0xFD,0x1D,0x99,0x6D,
0x70,0x87,0x58,0x86,0x40,0x65,0x30,0x65,0x20,0x44,0x18,0x44,0x18,0x64,0x10,0x44,0x10,0x64,0x08,0x64,0x08,0x64,0x08,0x64,0x08,0x44,0x08,0x65,0x10,0xA6,0x08,0x44,
0x08,0x44,0x08,0x44,0x08,0x44,0x08,0x44,0x08,0x44,0x08,0x44,0x08,0x44,0x08,0x44,0x08,0x44,0x08,0x44,0x08,0x44,0x08,0x44,0x08,0x44,0x08,0x86,0x10,0xA6,0x08,0x44,
0x08,0x44,0x08,0x44,0x08,0x44,0x08,0x44,0x08,0x44,0x08,0x44,0x08,0x44,0x08,0x44,0x08,0x44,0x08,0x44,0x08,0x43,0x08,0x43,0x08,0x64,0x08,0x86,0x08,0x85,0x00,0x44,
0x08,0x44,0x08,0x44,0x08,0x44,0x08,0x44,0x08,0x44,0x08,0x44,0x08,0x44,0x08,0x44,0x08,0x44,0x08,0x64,0x08,0x44,0x08,0x44,0x08,0x65,0x08,0x85,0x08,0x65,0x08,0x44,
0x08,0x43,0x08,0x44,0x08,0x44,0x08,0x44,0x08,0x43,0x08,0x44,0x08,0x44,0x08,0x44,0x08,0x44,0x08,0x44,0x08,0x43,0x08,0x44,0x08,0x65,0x08,0x85,0x10,0x85,0x08,0x64,
0x08,0x64,0x10,0x65,0x18,0x66,0x18,0x87,0x18,0x87,0x38,0xEB,0x8A,0x97,0xEE,0x5E,0xFF,0xDF,0xD5,0x7D,0x51,0xAE,0x29,0x65,0x29,0x65,0x29,0x45,0x29,0x65,0x21,0x04,
0x00,0x00,0x00,0x00,0x00,0x00,0x00,0x00,0x00,0x00,0x00,0x00,0x00,0x00,0x00,0x00,0x00,0x00,0x00,0x00,0x00,0x00,0x00,0x00,0x00,0x00,0x00,0x00,0x00,0x00,0x00,0x00,
0x00,0x00,0x00,0x00,0x00,0x00,0x00,0x00,0x00,0x00,0x00,0x00,0x00,0x00,0x00,0x00,0x00,0x00,0x00,0x00,0x00,0x00,0x00,0x00,0x00,0x00,0x00,0x00,0x00,0x00,0x00,0x00,
0x29,0x45,0x29,0x65,0x29,0x65,0x29,0x85,0x31,0x86,0x49,0x4D,0xD5,0x3D,0xFF,0xFF,0xEE,0x5E,0x92,0xB7,0x39,0x0C,0x18,0x87,0x18,0x87,0x18,0x66,0x10,0x65,0x10,0x45,
0x08,0x44,0x08,0x44,0x08,0x44,0x08,0x64,0x08,0x85,0x08,0x65,0x08,0x64,0x08,0x44,0x08,0x44,0x08,0x44,0x08,0x44,0x08,0x44,0x08,0x44,0x08,0x44,0x08,0x44,0x08,0x44,
0x08,0x44,0x08,0x44,0x08,0x43,0x08,0x44,0x08,0x85,0x08,0x85,0x08,0x64,0x08,0x43,0x08,0x44,0x08,0x44,0x08,0x44,0x08,0x44,0x08,0x44,0x08,0x44,0x08,0x44,0x08,0x44,
0x08,0x44,0x08,0x44,0x08,0x44,0x08,0x44,0x08,0x85,0x08,0x85,0x08,0x44,0x08,0x43,0x08,0x44,0x08,0x44,0x08,0x44,0x08,0x44,0x08,0x44,0x08,0x44,0x08,0x44,0x08,0x44,
0x08,0x44,0x08,0x44,0x08,0x44,0x08,0x43,0x08,0x85,0x10,0xA6,0x08,0x44,0x08,0x43,0x08,0x44,0x08,0x44,0x08,0x44,0x08,0x43,0x08,0x44,0x08,0x44,0x08,0x44,0x08,0x44,
0x08,0x44,0x08,0x44,0x08,0x44,0x08,0x43,0x08,0x85,0x08,0xA6,0x00,0x44,0x00,0x43,0x08,0x44,0x00,0x43,0x00,0x43,0x00,0x43,0x00,0x43,0x00,0x63,0x00,0x64,0x00,0x84,
0x00,0xA4,0x00,0xC5,0x01,0x26,0x09,0x88,0x0A,0x0A,0x12,0xEE,0x03,0x0E,0x56,0x19,0x87,0x7E,0x0B,0xB1,0x0A,0xCE,0x0A,0x2B,0x09,0x89,0x11,0x08,0x10,0xE8,0x18,0xE9,
0x28,0xEC,0x39,0x2F,0x38,0xF1,0xAB,0x9A,0xE5,0x5E,0x51,0x53,0x39,0x10,0x28,0xCC,0x20,0xAA,0x20,0xAA,0x20,0xAB,0x28,0xCD,0x39,0x10,0x49,0x12,0xDD,0x3D,0xB4,0x3A,
0x39,0x71,0x31,0xB1,0x2A,0x11,0x22,0xF1,0x0B,0x51,0x77,0x5D,0x66,0x7A,0x0B,0x2F,0x12,0xAD,0x0A,0x0A,0x09,0xE9,0x0A,0x2A,0x0A,0xCD,0x0B,0xB0,0x87,0x7E,0x3D,0x97,
0x03,0x2F,0x0B,0x0E,0x0A,0x2B,0x0A,0x0A,0x0A,0x8C,0x0B,0x2E,0x2C,0xF5,0x8F,0xDF,0x24,0x74,0x0A,0xEF,0x12,0x2C,0x19,0xAC,0x29,0x6D,0x31,0x30,0x6A,0x35,0xFE,0x7F,
0x7A,0x77,0x38,0xF1,0x30,0xED,0x20,0xAA,0x20,0x89,0x28,0xCB,0x38,0xEE,0x38,0xB1,0xCC,0xDC,0xCC,0x9C,0x40,0xB1,0x40,0xEE,0x30,0x8B,0x30,0x88,0x38,0x87,0x50,0xEA,
0x68,0xC9,0x78,0x89,0xE4,0x79,0xE4,0x58,0x78,0x88,0x60,0xA7,0x40,0x66,0x30,0x65,0x28,0x65,0x28,0x65,0x38,0x65,0x48,0x86,0x60,0xA7,0x70,0x67,0xDB,0xB7,0xEC,0x39,
0x80,0xA8,0x68,0x87,0x50,0x86,0x38,0x65,0x28,0x64,0x20,0x44,0x18,0x44,0x10,0x44,0x08,0x64,0x08,0x44,0x08,0x44,0x08,0x44,0x08,0x44,0x08,0x43,0x08,0x64,0x10,0x86,
0x08,0x44,0x08,0x44,0x08,0x44,0x08,0x44,0x08,0x44,0x08,0x44,0x08,0x44,0x08,0x44,0x08,0x44,0x08,0x44,0x08,0x44,0x08,0x44,0x08,0x44,0x08,0x44,0x08,0x65,0x10,0xA6,
0x08,0x44,0x08,0x44,0x08,0x44,0x08,0x44,0x08,0x44,0x08,0x44,0x08,0x44,0x08,0x44,0x08,0x43,0x08,0x43,0x08,0x43,0x08,0x44,0x08,0x43,0x08,0x43,0x08,0x65,0x08,0x85,
0x08,0x64,0x08,0x44,0x08,0x44,0x08,0x44,0x08,0x44,0x08,0x44,0x08,0x44,0x08,0x44,0x08,0x44,0x08,0x44,0x08,0x44,0x08,0x44,0x00,0x43,0x00,0x44,0x08,0x65,0x08,0x85,
0x08,0x64,0x00,0x43,0x08,0x43,0x08,0x43,0x08,0x43,0x08,0x44,0x08,0x44,0x08,0x43,0x08,0x43,0x08,0x43,0x08,0x43,0x08,0x43,0x08,0x43,0x08,0x44,0x08,0x64,0x10,0x85,
0x08,0x65,0x10,0x65,0x18,0x66,0x18,0x87,0x18,0x87,0x38,0xCB,0x8A,0xB7,0xEE,0x7E,0xFF,0xDF,0xD5,0x7D,0x51,0xAE,0x29,0x65,0x29,0x65,0x29,0x45,0x29,0x65,0x21,0x04,
0x00,0x00,0x00,0x00,0x00,0x00,0x00,0x00,0x00,0x00,0x00,0x00,0x00,0x00,0x00,0x00,0x00,0x00,0x00,0x00,0x00,0x00,0x00,0x00,0x00,0x00,0x00,0x00,0x00,0x00,0x00,0x00,
0x00,0x00,0x00,0x00,0x00,0x00,0x00,0x00,0x00,0x00,0x00,0x00,0x00,0x00,0x00,0x00,0x00,0x00,0x00,0x00,0x00,0x00,0x00,0x00,0x00,0x00,0x00,0x00,0x00,0x00,0x00,0x00,
0x29,0x45,0x29,0x65,0x29,0x65,0x29,0x65,0x29,0x66,0x49,0x6D,0xD5,0x5D,0xFF,0xFF,0xE6,0x5E,0x92,0xB7,0x41,0x2C,0x20,0xA7,0x20,0xC7,0x18,0xA6,0x10,0x86,0x10,0x86,
0x10,0x85,0x10,0x86,0x10,0xA6,0x10,0xA6,0x08,0x85,0x08,0x65,0x08,0x65,0x08,0x85,0x08,0x85,0x08,0x85,0x08,0x85,0x08,0x85,0x08,0x85,0x08,0x85,0x08,0x85,0x08,0x85,
0x08,0x85,0x08,0x85,0x08,0xA6,0x10,0xA6,0x08,0xA6,0x08,0x65,0x08,0x65,0x08,0x85,0x08,0x85,0x08,0x85,0x08,0x85,0x08,0x85,0x08,0x85,0x08,0x85,0x10,0x85,0x10,0x85,
0x08,0x85,0x08,0x85,0x08,0x85,0x10,0xA6,0x08,0xA6,0x08,0x65,0x08,0x65,0x08,0x85,0x08,0x85,0x08,0x85,0x08,0x85,0x08,0x85,0x08,0x85,0x08,0x85,0x08,0x85,0x08,0x85,
0x08,0x85,0x08,0x85,0x08,0x85,0x10,0xA6,0x10,0xA6,0x08,0x65,0x08,0x85,0x08,0x85,0x08,0x85,0x08,0x85,0x08,0x65,0x08,0x85,0x08,0x65,0x08,0x85,0x08,0x85,0x08,0x85,
0x08,0x85,0x08,0x85,0x08,0x64,0x08,0xA5,0x10,0xC7,0x08,0x85,0x08,0x85,0x08,0x85,0x08,0x85,0x08,0x84,0x08,0x84,0x08,0x84,0x08,0x84,0x08,0xA5,0x08,0xA5,0x08,0xC5,
0x08,0xE6,0x09,0x27,0x09,0x68,0x09,0xC9,0x12,0x8D,0x0A,0xCD,0x1C,0x33,0x8F,0xDF,0x35,0x36,0x0B,0x2F,0x12,0xAD,0x09,0xEB,0x11,0x89,0x11,0x49,0x19,0x09,0x21,0x0B,
0x31,0x0E,0x41,0x31,0x51,0x54,0xE5,0x5E,0xA3,0x79,0x41,0x12,0x39,0x2F,0x28,0xEC,0x20,0xCB,0x20,0xCB,0x28,0xEC,0x31,0x0E,0x41,0x31,0x61,0xB5,0xF5,0xDF,0x8B,0x18,
0x39,0x72,0x39,0xB1,0x2A,0x51,0x1A,0xF1,0x1B,0xD3,0x87,0xDF,0x4D,0xD8,0x0B,0x2F,0x12,0xCD,0x0A,0x4B,0x0A,0x2A,0x0A,0x6B,0x0A,0xED,0x0B,0xD1,0x8F,0x7E,0x35,0x77,
0x03,0x4F,0x13,0x2F,0x0A,0x4B,0x0A,0x2B,0x12,0xAC,0x13,0x4F,0x24,0xB4,0x87,0xDF,0x2C,0xD5,0x13,0x2F,0x1A,0x8E,0x21,0xED,0x29,0xAE,0x39,0x71,0x51,0x93,0xF6,0x3F,
0x9B,0x7A,0x41,0x12,0x39,0x0E,0x28,0xCB,0x28,0xCA,0x28,0xCB,0x39,0x0E,0x38,0xB1,0x8A,0xF8,0xF5,0xDF,0x59,0x53,0x40,0xF0,0x38,0xCD,0x30,0xAA,0x38,0x88,0x48,0xC9,
0x61,0x0B,0x78,0xA9,0xAA,0x30,0xFD,0x9E,0xA1,0xCE,0x68,0xA8,0x50,0xC8,0x38,0xA6,0x30,0x86,0x30,0x86,0x30,0xA6,0x40,0xA6,0x58,0xC7,0x68,0xE8,0x89,0x2B,0xFC,0xFC,
0xC2,0xD3,0x78,0xA8,0x60,0xC7,0x48,0xA6,0x38,0xA6,0x28,0x86,0x20,0x85,0x18,0x85,0x10,0x85,0x10,0x85,0x10,0x85,0x10,0x85,0x10,0x85,0x10,0x85,0x08,0x65,0x10,0x86,
0x10,0xA6,0x08,0x65,0x08,0x65,0x08,0x65,0x08,0x65,0x08,0x85,0x08,0x85,0x08,0x85,0x08,0x85,0x08,0x85,0x08,0x85,0x08,0x85,0x08,0x85,0x08,0x85,0x08,0x85,0x08,0xA6,
0x10,0xC7,0x08,0x85,0x08,0x65,0x08,0x85,0x08,0x85,0x08,0x85,0x08,0x85,0x08,0x85,0x08,0x85,0x08,0x85,0x08,0x85,0x08,0x85,0x08,0x85,0x08,0x85,0x08,0x64,0x08,0x85,
0x08,0xA6,0x08,0x86,0x08,0x65,0x08,0x85,0x08,0x85,0x08,0x85,0x08,0x85,0x08,0x85,0x08,0x85,0x08,0x85,0x08,0x85,0x08,0x85,0x08,0x85,0x08,0x85,0x08,0x65,0x08,0x85,
0x08,0xA6,0x08,0x86,0x08,0x85,0x08,0x65,0x08,0x65,0x08,0x85,0x08,0x85,0x08,0x85,0x08,0x85,0x08,0x85,0x08,0x85,0x08,0x85,0x08,0x85,0x08,0x85,0x08,0x65,0x10,0x85,
0x10,0xA6,0x18,0xC7,0x18,0xA8,0x20,0xA8,0x20,0xA7,0x38,0xEC,0x8A,0xB7,0xEE,0x7F,0xFF,0xFF,0xD5,0x7D,0x51,0xAE,0x29,0x65,0x29,0x65,0x29,0x45,0x29,0x65,0x21,0x04,
0x00,0x00,0x00,0x00,0x00,0x00,0x00,0x00,0x00,0x00,0x00,0x00,0x00,0x00,0x00,0x00,0x00,0x00,0x00,0x00,0x00,0x00,0x00,0x00,0x00,0x00,0x00,0x00,0x00,0x00,0x00,0x00,
0x00,0x00,0x00,0x00,0x00,0x00,0x00,0x00,0x00,0x00,0x00,0x00,0x00,0x00,0x00,0x00,0x00,0x00,0x00,0x00,0x00,0x00,0x00,0x00,0x00,0x00,0x00,0x00,0x00,0x00,0x00,0x00,
0x29,0x45,0x29,0x65,0x29,0x65,0x29,0x65,0x31,0x66,0x51,0x4D,0xD5,0x5C,0xFF,0xFF,0xE6,0x5E,0x92,0xB7,0x41,0x2C,0x18,0x87,0x18,0x87,0x10,0x86,0x10,0x65,0x10,0x65,
0x10,0x86,0x10,0x86,0x08,0x64,0x08,0x43,0x08,0x44,0x08,0x44,0x08,0x44,0x08,0x44,0x08,0x44,0x08,0x44,0x08,0x44,0x08,0x64,0x08,0x64,0x08,0x64,0x08,0x64,0x08,0x64,
0x08,0x65,0x08,0x86,0x08,0x85,0x08,0x44,0x08,0x44,0x08,0x44,0x08,0x64,0x08,0x64,0x08,0x64,0x08,0x64,0x08,0x64,0x08,0x64,0x08,0x64,0x08,0x64,0x08,0x64,0x08,0x44,
0x08,0x44,0x08,0x85,0x08,0xA6,0x08,0x64,0x08,0x44,0x08,0x64,0x08,0x44,0x08,0x64,0x08,0x64,0x08,0x64,0x08,0x64,0x08,0x64,0x08,0x64,0x08,0x64,0x08,0x64,0x08,0x64,
0x08,0x64,0x08,0x65,0x08,0xA6,0x08,0x85,0x00,0x44,0x08,0x44,0x08,0x44,0x08,0x44,0x08,0x44,0x08,0x64,0x08,0x44,0x08,0x64,0x08,0x64,0x08,0x64,0x08,0x64,0x08,0x64,
0x08,0x64,0x08,0x64,0x08,0x85,0x08,0xA6,0x08,0x64,0x08,0x64,0x08,0x64,0x08,0x64,0x08,0x64,0x00,0x64,0x00,0x64,0x08,0x64,0x08,0x64,0x08,0x64,0x08,0xA4,0x08,0xC5,
0x09,0x06,0x09,0x47,0x09,0x88,0x0A,0x4B,0x12,0xCD,0x0B,0x0E,0x6E,0xDC,0x6E,0xBC,0x0B,0x2F,0x0A,0xAD,0x0A,0x0B,0x09,0x69,0x09,0x28,0x10,0xE8,0x18,0xC9,0x20,0xEC,
0x31,0x0F,0x38,0xF2,0x8A,0xD8,0xF5,0xBF,0x61,0xB5,0x38,0xF0,0x30,0xCD,0x20,0xAA,0x18,0xA9,0x20,0xAA,0x20,0xCB,0x31,0x0E,0x41,0x11,0x82,0x97,0xFE,0x1F,0x61,0xF5,
0x39,0x51,0x29,0x6F,0x22,0x71,0x12,0xF0,0x24,0x54,0x87,0xFF,0x2C,0xF6,0x0B,0x0F,0x0A,0x8C,0x0A,0x0A,0x09,0xE9,0x0A,0x2B,0x0A,0xCD,0x13,0xD0,0x8F,0x9E,0x35,0x36,
0x03,0x2E,0x0B,0x0E,0x0A,0x0A,0x09,0xEA,0x0A,0x6B,0x0B,0x0E,0x1C,0x53,0x87,0xBF,0x35,0x16,0x0B,0x0F,0x1A,0x6D,0x19,0xAC,0x21,0x4D,0x39,0x50,0x41,0x12,0xDD,0x7D,
0xBC,0x7B,0x41,0x12,0x30,0xEE,0x20,0xAB,0x18,0x89,0x20,0x8A,0x28,0xAC,0x30,0xAF,0x51,0x53,0xF6,0x1F,0x8A,0xB7,0x38,0xB1,0x38,0xCD,0x30,0x8A,0x30,0x88,0x38,0x88,
0x58,0xEA,0x68,0xEA,0x78,0xA9,0xEC,0xBA,0xDB,0xF7,0x70,0x88,0x60,0xA7,0x40,0x66,0x30,0x65,0x28,0x65,0x28,0x65,0x38,0x65,0x40,0x86,0x58,0xC7,0x68,0x87,0xB2,0x70,
0xFC,0xFD,0x99,0x8D,0x68,0xA7,0x50,0xA7,0x40,0x86,0x30,0x85,0x28,0x65,0x18,0x65,0x18,0x64,0x10,0x64,0x08,0x64,0x08,0x64,0x08,0x64,0x08,0x64,0x08,0x64,0x08,0x44,
0x08,0x65,0x10,0xA6,0x08,0x44,0x08,0x44,0x08,0x44,0x08,0x64,0x08,0x44,0x08,0x44,0x08,0x64,0x08,0x64,0x08,0x64,0x08,0x64,0x08,0x64,0x08,0x64,0x08,0x64,0x08,0x64,
0x08,0x65,0x10,0xA6,0x08,0x85,0x08,0x44,0x08,0x64,0x08,0x64,0x08,0x64,0x08,0x64,0x08,0x64,0x08,0x64,0x08,0x64,0x08,0x64,0x08,0x64,0x08,0x64,0x08,0x64,0x08,0x44,
0x00,0x44,0x08,0x85,0x08,0x86,0x08,0x64,0x08,0x44,0x08,0x64,0x08,0x64,0x08,0x64,0x08,0x64,0x08,0x44,0x08,0x44,0x08,0x44,0x08,0x44,0x08,0x64,0x08,0x64,0x08,0x64,
0x08,0x44,0x08,0x64,0x08,0x85,0x08,0x85,0x08,0x44,0x08,0x64,0x08,0x64,0x08,0x64,0x08,0x64,0x08,0x64,0x08,0x64,0x08,0x64,0x08,0x64,0x08,0x64,0x08,0x64,0x08,0x64,
0x08,0x64,0x10,0x65,0x18,0x87,0x20,0xC8,0x18,0xA7,0x38,0xEC,0x8A,0xB7,0xEE,0x7E,0xFF,0xFF,0xD5,0x7D,0x51,0xAE,0x29,0x65,0x29,0x65,0x29,0x45,0x29,0x65,0x21,0x04,
0x00,0x00,0x00,0x00,0x00,0x00,0x00,0x00,0x00,0x00,0x00,0x00,0x00,0x00,0x00,0x00,0x00,0x00,0x00,0x00,0x00,0x00,0x00,0x00,0x00,0x00,0x00,0x00,0x00,0x00,0x00,0x00,
0x00,0x00,0x00,0x00,0x00,0x00,0x00,0x00,0x00,0x00,0x00,0x00,0x00,0x00,0x00,0x00,0x00,0x00,0x00,0x00,0x00,0x00,0x00,0x00,0x00,0x00,0x00,0x00,0x00,0x00,0x00,0x00,
0x29,0x45,0x29,0x65,0x29,0x45,0x29,0x65,0x31,0x66,0x51,0x4D,0xD5,0x5D,0xFF,0xFF,0xE6,0x5E,0x92,0xD7,0x41,0x2C,0x18,0x86,0x18,0x86,0x10,0x86,0x10,0xA6,0x10,0xA6,
0x08,0x64,0x08,0x43,0x08,0x43,0x08,0x43,0x08,0x43,0x08,0x43,0x08,0x43,0x08,0x43,0x08,0x44,0x08,0x43,0x08,0x44,0x08,0x44,0x08,0x44,0x08,0x44,0x08,0x64,0x08,0x85,
0x08,0x85,0x08,0x64,0x08,0x43,0x08,0x63,0x08,0x43,0x08,0x43,0x08,0x43,0x08,0x43,0x08,0x44,0x08,0x44,0x08,0x44,0x08,0x44,0x08,0x44,0x08,0x44,0x08,0x43,0x08,0x44,
0x08,0x86,0x08,0x85,0x08,0x43,0x00,0x43,0x08,0x43,0x08,0x43,0x08,0x43,0x08,0x43,0x08,0x43,0x08,0x43,0x08,0x43,0x08,0x43,0x08,0x43,0x08,0x44,0x08,0x44,0x08,0x43,
0x08,0x64,0x10,0xA6,0x08,0x65,0x08,0x43,0x08,0x43,0x08,0x43,0x08,0x43,0x08,0x43,0x08,0x43,0x08,0x43,0x08,0x43,0x08,0x43,0x08,0x43,0x08,0x43,0x08,0x43,0x08,0x43,
0x08,0x43,0x08,0x64,0x08,0xA6,0x08,0x44,0x08,0x44,0x08,0x44,0x08,0x43,0x08,0x43,0x08,0x43,0x00,0x43,0x00,0x43,0x08,0x64,0x08,0x64,0x08,0x84,0x00,0xA4,0x00,0xC5,
0x09,0x26,0x09,0x68,0x0A,0x0A,0x12,0xAD,0x02,0xAD,0x3D,0x16,0x8F,0xDF,0x24,0x33,0x0A,0xCD,0x0A,0x4B,0x09,0xA9,0x09,0x28,0x10,0xE8,0x10,0xC9,0x18,0xCA,0x28,0xED,
0x39,0x11,0x49,0x12,0xD5,0x1D,0xBC,0x3C,0x40,0xF2,0x38,0xEF,0x28,0xAB,0x20,0xA9,0x18,0xA9,0x20,0xAA,0x28,0xCC,0x39,0x10,0x41,0x12,0xB3,0xFA,0xE5,0xBE,0x49,0x72,
0x39,0x71,0x29,0xAF,0x22,0xB1,0x0A,0xEF,0x34,0xF6,0x7F,0xDF,0x1C,0x53,0x0B,0x0E,0x0A,0x6C,0x09,0xEA,0x09,0xE9,0x0A,0x4B,0x0A,0xCD,0x13,0xF1,0x8F,0xBF,0x35,0x15,
0x03,0x2F,0x0A,0xEE,0x0A,0x0A,0x09,0xE9,0x0A,0x4B,0x0A,0xEE,0x14,0x12,0x7F,0x9F,0x3D,0x77,0x0B,0x0F,0x1A,0x8D,0x19,0xAC,0x21,0x4C,0x31,0x4F,0x38,0xF1,0xBC,0x9B,
0xDD,0x7E,0x49,0x33,0x38,0xEF,0x28,0xAB,0x18,0x89,0x18,0x89,0x20,0xAB,0x30,0xCE,0x38,0xB1,0xCD,0x1C,0xCC,0xBC,0x40,0xD2,0x38,0xEE,0x30,0x8A,0x30,0x68,0x30,0x67,
0x40,0xA9,0x69,0x0A,0x68,0x68,0xAA,0x51,0xFD,0x9D,0x99,0x8C,0x68,0x87,0x50,0x86,0x38,0x65,0x30,0x44,0x28,0x64,0x30,0x64,0x38,0x65,0x50,0x86,0x68,0xA7,0x70,0x87,
0xDB,0xD8,0xE4,0x19,0x80,0xC9,0x68,0x87,0x50,0x86,0x40,0x65,0x30,0x64,0x20,0x64,0x18,0x44,0x10,0x44,0x10,0x44,0x08,0x44,0x08,0x43,0x08,0x43,0x08,0x43,0x08,0x43,
0x08,0x43,0x08,0x64,0x08,0x86,0x08,0x44,0x08,0x44,0x08,0x44,0x08,0x44,0x08,0x44,0x08,0x44,0x08,0x44,0x08,0x44,0x08,0x44,0x08,0x44,0x08,0x44,0x08,0x44,0x08,0x44,
0x08,0x43,0x08,0x44,0x08,0xA5,0x08,0x85,0x00,0x43,0x08,0x44,0x08,0x44,0x08,0x43,0x08,0x43,0x08,0x43,0x08,0x44,0x08,0x43,0x08,0x43,0x00,0x43,0x08,0x43,0x08,0x43,
0x08,0x43,0x00,0x43,0x08,0x64,0x08,0xA6,0x08,0x65,0x00,0x43,0x08,0x43,0x08,0x43,0x08,0x43,0x08,0x44,0x08,0x43,0x08,0x43,0x08,0x43,0x08,0x43,0x08,0x43,0x08,0x43,
0x08,0x43,0x00,0x43,0x00,0x43,0x08,0x65,0x08,0x85,0x08,0x64,0x00,0x43,0x00,0x43,0x08,0x63,0x08,0x43,0x08,0x43,0x08,0x43,0x08,0x43,0x08,0x43,0x08,0x44,0x08,0x44,
0x10,0x64,0x10,0x65,0x10,0x65,0x18,0x87,0x18,0xA8,0x39,0x0C,0x8A,0xB7,0xEE,0x7E,0xFF,0xFF,0xD5,0x7D,0x51,0xAE,0x29,0x45,0x29,0x65,0x29,0x45,0x29,0x65,0x21,0x04,
0x00,0x00,0x00,0x00,0x00,0x00,0x00,0x00,0x00,0x00,0x00,0x00,0x00,0x00,0x00,0x00,0x00,0x00,0x00,0x00,0x00,0x00,0x00,0x00,0x00,0x00,0x00,0x00,0x00,0x00,0x00,0x00,
0x00,0x00,0x00,0x00,0x00,0x00,0x00,0x00,0x00,0x00,0x00,0x00,0x00,0x00,0x00,0x00,0x00,0x00,0x00,0x00,0x00,0x00,0x00,0x00,0x00,0x00,0x00,0x00,0x00,0x00,0x00,0x00,
0x29,0x45,0x29,0x65,0x29,0x45,0x29,0x65,0x29,0x66,0x49,0x4D,0xD5,0x5D,0xFF,0xFF,0xEE,0x7F,0x92,0xD8,0x39,0x2C,0x18,0x87,0x20,0xA7,0x18,0xA7,0x10,0x85,0x08,0x44,
0x08,0x44,0x08,0x44,0x08,0x43,0x08,0x43,0x08,0x43,0x08,0x43,0x08,0x43,0x08,0x44,0x08,0x43,0x08,0x44,0x08,0x44,0x08,0x44,0x08,0x44,0x08,0x85,0x10,0xA6,0x08,0x65,
0x08,0x43,0x08,0x43,0x08,0x43,0x08,0x43,0x08,0x44,0x08,0x43,0x08,0x44,0x08,0x64,0x08,0x44,0x08,0x44,0x08,0x44,0x08,0x44,0x08,0x44,0x08,0x43,0x08,0x85,0x10,0xA6,
0x08,0x64,0x00,0x43,0x08,0x43,0x08,0x43,0x08,0x43,0x08,0x43,0x08,0x43,0x08,0x43,0x08,0x43,0x08,0x43,0x08,0x43,0x08,0x43,0x08,0x43,0x08,0x64,0x08,0x43,0x08,0x64,
0x10,0xA6,0x08,0x64,0x08,0x43,0x08,0x44,0x08,0x43,0x08,0x43,0x08,0x43,0x08,0x44,0x08,0x43,0x08,0x43,0x08,0x43,0x08,0x43,0x08,0x44,0x08,0x43,0x08,0x43,0x08,0x43,
0x08,0x64,0x08,0xA6,0x08,0x64,0x08,0x43,0x08,0x43,0x08,0x44,0x08,0x43,0x08,0x43,0x08,0x43,0x08,0x43,0x00,0x44,0x08,0x64,0x08,0x84,0x08,0x84,0x08,0xC5,0x09,0x06,
0x09,0x47,0x09,0xC9,0x12,0x8C,0x0A,0xCD,0x13,0x90,0x7F,0x9E,0x4D,0xF9,0x02,0xEE,0x0A,0x8C,0x09,0xEA,0x09,0x68,0x09,0x08,0x10,0xE8,0x18,0xC9,0x20,0xEC,0x31,0x0F,
0x41,0x12,0x7A,0x76,0xFE,0x1F,0x7A,0x57,0x38,0xF1,0x30,0xCE,0x20,0xAA,0x18,0xA9,0x18,0xA9,0x20,0xAA,0x28,0xCD,0x41,0x11,0x51,0x33,0xE5,0x7E,0xC4,0xBB,0x41,0x12,
0x39,0x70,0x29,0xCF,0x22,0xD0,0x0A,0xEF,0x4D,0xD9,0x7F,0x9E,0x13,0xD1,0x12,0xEE,0x0A,0x4B,0x09,0xE9,0x09,0xE9,0x0A,0x4B,0x0A,0xCD,0x14,0x12,0x97,0xDF,0x2D,0x15,
0x03,0x2E,0x0A,0xEE,0x02,0x0A,0x01,0xE9,0x0A,0x4B,0x0A,0xED,0x13,0xD1,0x77,0x5E,0x4D,0xD9,0x0B,0x2F,0x12,0x8E,0x19,0xCC,0x21,0x6C,0x31,0x4F,0x38,0xF1,0x93,0x78,
0xF6,0x3F,0x59,0x95,0x30,0xEF,0x28,0xAB,0x20,0x89,0x18,0x89,0x20,0x8A,0x30,0xCD,0x30,0x90,0x93,0x58,0xFE,0x5F,0x59,0x74,0x40,0xD0,0x30,0xAC,0x30,0x89,0x30,0x67,
0x38,0x67,0x58,0xEA,0x68,0xC9,0x80,0xAA,0xF4,0xDB,0xDB,0xD6,0x70,0x67,0x60,0x87,0x40,0x65,0x30,0x45,0x28,0x44,0x28,0x65,0x30,0x65,0x40,0x65,0x58,0xA6,0x68,0x86,
0x91,0x4B,0xFD,0x1D,0xBA,0xB2,0x78,0xA8,0x60,0x87,0x48,0x65,0x38,0x65,0x28,0x64,0x20,0x44,0x18,0x44,0x10,0x44,0x08,0x43,0x08,0x44,0x08,0x43,0x08,0x43,0x08,0x43,
0x08,0x43,0x08,0x43,0x08,0x64,0x10,0xA6,0x08,0x44,0x08,0x43,0x08,0x64,0x08,0x44,0x08,0x44,0x08,0x44,0x08,0x44,0x08,0x44,0x08,0x64,0x08,0x64,0x08,0x64,0x08,0x43,
0x08,0x44,0x08,0x43,0x00,0x43,0x08,0x85,0x08,0xA6,0x00,0x44,0x08,0x43,0x08,0x44,0x08,0x44,0x08,0x44,0x08,0x44,0x08,0x44,0x08,0x43,0x08,0x43,0x08,0x43,0x08,0x44,
0x08,0x43,0x08,0x43,0x00,0x43,0x00,0x43,0x08,0x85,0x08,0x86,0x08,0x64,0x00,0x43,0x08,0x43,0x08,0x44,0x08,0x43,0x08,0x43,0x08,0x43,0x08,0x43,0x08,0x43,0x08,0x43,
0x00,0x43,0x08,0x43,0x08,0x43,0x00,0x43,0x00,0x44,0x08,0x85,0x08,0x85,0x08,0x64,0x00,0x43,0x08,0x43,0x08,0x63,0x08,0x43,0x08,0x43,0x08,0x43,0x08,0x44,0x08,0x44,
0x10,0x64,0x10,0x65,0x18,0x66,0x18,0x86,0x18,0x86,0x38,0xEB,0x8A,0xB7,0xEE,0x7E,0xFF,0xFF,0xD5,0x7D,0x51,0xAE,0x29,0x45,0x29,0x65,0x29,0x45,0x29,0x65,0x21,0x04,
0x00,0x00,0x00,0x00,0x00,0x00,0x00,0x00,0x00,0x00,0x00,0x00,0x00,0x00,0x00,0x00,0x00,0x00,0x00,0x00,0x00,0x00,0x00,0x00,0x00,0x00,0x00,0x00,0x00,0x00,0x00,0x00,
0x00,0x00,0x00,0x00,0x00,0x00,0x00,0x00,0x00,0x00,0x00,0x00,0x00,0x00,0x00,0x00,0x00,0x00,0x00,0x00,0x00,0x00,0x00,0x00,0x00,0x00,0x00,0x00,0x00,0x00,0x00,0x00,
0x29,0x45,0x29,0x65,0x29,0x45,0x29,0x65,0x29,0x66,0x49,0x6D,0xD5,0x5D,0xFF,0xFF,0xEE,0x7F,0x92,0xD8,0x41,0x4D,0x20,0xC8,0x18,0x87,0x10,0x65,0x10,0x44,0x08,0x44,
0x08,0x44,0x08,0x44,0x08,0x43,0x08,0x43,0x08,0x43,0x08,0x43,0x08,0x43,0x08,0x43,0x08,0x43,0x08,0x44,0x08,0x43,0x08,0x64,0x08,0x85,0x08,0x85,0x08,0x44,0x08,0x43,
0x08,0x43,0x08,0x43,0x08,0x43,0x08,0x43,0x08,0x44,0x08,0x43,0x08,0x44,0x08,0x44,0x08,0x43,0x08,0x44,0x08,0x43,0x08,0x43,0x08,0x44,0x08,0x85,0x08,0x85,0x00,0x43,
0x00,0x43,0x08,0x43,0x08,0x43,0x00,0x43,0x00,0x43,0x08,0x43,0x00,0x43,0x00,0x43,0x08,0x43,0x08,0x43,0x08,0x43,0x08,0x43,0x08,0x43,0x00,0x43,0x08,0x85,0x08,0xA6,
0x08,0x44,0x08,0x43,0x08,0x43,0x08,0x43,0x08,0x43,0x08,0x43,0x08,0x43,0x00,0x43,0x00,0x43,0x00,0x43,0x08,0x43,0x08,0x43,0x08,0x43,0x08,0x43,0x08,0x43,0x08,0x64,
0x08,0xA6,0x08,0x64,0x00,0x43,0x08,0x63,0x08,0x43,0x08,0x43,0x08,0x43,0x08,0x63,0x08,0x63,0x08,0x64,0x08,0x64,0x08,0x64,0x08,0x84,0x08,0xA4,0x08,0xE5,0x09,0x46,
0x09,0x88,0x0A,0x4B,0x12,0xCD,0x02,0xEE,0x4D,0xF9,0x7F,0x9F,0x13,0xB1,0x0A,0xCD,0x0A,0x2B,0x09,0x89,0x09,0x28,0x10,0xE7,0x10,0xC8,0x18,0xCA,0x28,0xED,0x41,0x30,
0x49,0x13,0xC4,0x9C,0xDD,0x3E,0x49,0x13,0x39,0x10,0x28,0xCC,0x18,0xA9,0x18,0xA8,0x18,0xA9,0x20,0xCB,0x30,0xEE,0x41,0x11,0x69,0xD5,0xFE,0x7F,0x93,0x77,0x39,0x11,
0x31,0x70,0x2A,0x30,0x1A,0xD0,0x13,0x10,0x66,0x9B,0x66,0xFC,0x0B,0x70,0x12,0xCD,0x0A,0x2A,0x09,0xC9,0x09,0xE9,0x0A,0x4B,0x0A,0xCD,0x1C,0x52,0x97,0xFF,0x2C,0xF5,
0x03,0x2E,0x0A,0xEE,0x02,0x0A,0x01,0xE9,0x0A,0x2B,0x0A,0xCD,0x0B,0xB1,0x77,0x1E,0x56,0x3A,0x0B,0x50,0x12,0xAE,0x19,0xEC,0x21,0x6C,0x29,0x4E,0x39,0x11,0x72,0x55,
0xFE,0x5F,0x72,0x57,0x30,0xF0,0x28,0xCC,0x20,0x89,0x18,0x88,0x20,0x89,0x28,0xCC,0x30,0xD0,0x61,0xD4,0xFE,0x9F,0x93,0x17,0x40,0xB1,0x38,0xCD,0x28,0x8A,0x28,0x68,
0x30,0x67,0x40,0xA8,0x60,0xEA,0x68,0x68,0xB2,0x91,0xFD,0x9D,0x99,0x8C,0x68,0x67,0x50,0x66,0x38,0x65,0x30,0x44,0x28,0x44,0x28,0x64,0x38,0x65,0x48,0x86,0x60,0xA7,
0x70,0x87,0xBA,0xD2,0xFD,0x3D,0x99,0xAD,0x70,0xA7,0x58,0x66,0x48,0x65,0x30,0x65,0x28,0x44,0x18,0x44,0x10,0x44,0x10,0x43,0x08,0x43,0x08,0x43,0x08,0x43,0x08,0x43,
0x08,0x43,0x08,0x43,0x08,0x43,0x08,0x65,0x10,0xA6,0x00,0x43,0x08,0x43,0x08,0x44,0x08,0x44,0x08,0x44,0x08,0x44,0x08,0x44,0x08,0x44,0x08,0x43,0x08,0x43,0x08,0x43,
0x08,0x44,0x08,0x44,0x08,0x43,0x00,0x43,0x08,0x64,0x08,0xA6,0x08,0x64,0x08,0x43,0x08,0x44,0x08,0x43,0x08,0x43,0x00,0x43,0x08,0x43,0x08,0x43,0x08,0x43,0x08,0x43,
0x00,0x43,0x00,0x43,0x08,0x43,0x00,0x43,0x00,0x43,0x08,0x64,0x08,0xA6,0x08,0x65,0x00,0x43,0x08,0x43,0x08,0x43,0x08,0x43,0x08,0x43,0x00,0x43,0x08,0x43,0x08,0x43,
0x00,0x43,0x00,0x43,0x08,0x43,0x08,0x43,0x08,0x43,0x00,0x43,0x00,0x64,0x08,0x85,0x08,0x85,0x00,0x64,0x00,0x43,0x08,0x43,0x08,0x43,0x08,0x43,0x08,0x64,0x08,0x44,
0x10,0x64,0x10,0x65,0x18,0x66,0x18,0x87,0x20,0x87,0x38,0xEB,0x8A,0xB7,0xEE,0x7E,0xFF,0xFF,0xD5,0x7D,0x51,0xAD,0x29,0x45,0x29,0x65,0x29,0x45,0x29,0x45,0x21,0x03,
0x00,0x00,0x00,0x00,0x00,0x00,0x00,0x00,0x00,0x00,0x00,0x00,0x00,0x00,0x00,0x00,0x00,0x00,0x00,0x00,0x00,0x00,0x00,0x00,0x00,0x00,0x00,0x00,0x00,0x00,0x00,0x00,
0x00,0x00,0x00,0x00,0x00,0x00,0x00,0x00,0x00,0x00,0x00,0x00,0x00,0x00,0x00,0x00,0x00,0x00,0x00,0x00,0x00,0x00,0x00,0x00,0x00,0x00,0x00,0x00,0x00,0x00,0x00,0x00,
0x29,0x45,0x29,0x45,0x29,0x45,0x29,0x65,0x29,0x65,0x49,0x4D,0xD5,0x5D,0xFF,0xFF,0xEE,0x7F,0x92,0xD8,0x39,0x2C,0x18,0x66,0x18,0x66,0x10,0x65,0x10,0x44,0x10,0x44,
0x08,0x44,0x08,0x44,0x08,0x43,0x08,0x43,0x08,0x43,0x08,0x43,0x08,0x43,0x08,0x43,0x08,0x43,0x08,0x44,0x08,0x85,0x08,0x85,0x08,0x64,0x00,0x43,0x08,0x43,0x08,0x43,
0x08,0x43,0x08,0x43,0x08,0x43,0x08,0x43,0x08,0x43,0x08,0x43,0x08,0x43,0x08,0x43,0x08,0x43,0x08,0x44,0x00,0x43,0x08,0x64,0x10,0xA6,0x08,0x64,0x00,0x43,0x08,0x43,
0x08,0x43,0x08,0x43,0x08,0x43,0x08,0x43,0x08,0x43,0x00,0x43,0x00,0x43,0x00,0x43,0x00,0x43,0x00,0x43,0x00,0x43,0x08,0x43,0x00,0x43,0x08,0x85,0x08,0x85,0x00,0x43,
0x08,0x43,0x08,0x43,0x08,0x43,0x08,0x43,0x08,0x43,0x08,0x43,0x08,0x43,0x08,0x43,0x08,0x43,0x00,0x43,0x08,0x43,0x00,0x43,0x08,0x43,0x00,0x43,0x00,0x44,0x08,0xA5,
0x08,0x64,0x08,0x43,0x08,0x43,0x08,0x43,0x08,0x43,0x08,0x43,0x08,0x43,0x08,0x43,0x08,0x63,0x08,0x63,0x08,0x64,0x08,0x84,0x08,0xA4,0x08,0xC5,0x09,0x06,0x09,0x67,
0x0A,0x0A,0x12,0xAD,0x0A,0xED,0x24,0x53,0x8F,0xFF,0x3D,0x56,0x02,0xCD,0x0A,0x6C,0x09,0xA9,0x09,0x47,0x08,0xE7,0x10,0xC7,0x18,0xC8,0x20,0xCB,0x31,0x0E,0x41,0x12,
0x6A,0x16,0xFE,0x3F,0x9B,0x58,0x40,0xF2,0x38,0xEF,0x20,0xAB,0x18,0x89,0x18,0xA8,0x18,0xA9,0x20,0xAB,0x30,0xEF,0x40,0xF1,0x92,0xD8,0xFE,0x9F,0x6A,0x35,0x39,0x31,
0x31,0x6F,0x22,0x70,0x1A,0xCF,0x13,0x51,0x7F,0x5E,0x56,0x3A,0x03,0x2F,0x12,0xAD,0x0A,0x0A,0x09,0xC9,0x09,0xE9,0x0A,0x6B,0x0A,0xED,0x24,0x93,0x97,0xFF,0x24,0xD4,
0x03,0x2E,0x0A,0xEE,0x02,0x0A,0x09,0xC9,0x0A,0x0A,0x0A,0xCD,0x0B,0x90,0x6E,0xFD,0x66,0x9B,0x0B,0x70,0x12,0xCE,0x19,0xEC,0x21,0x6B,0x29,0x4D,0x39,0x30,0x51,0x73,
0xED,0xFF,0x93,0x79,0x38,0xF1,0x28,0xEC,0x20,0xA9,0x18,0x88,0x18,0x89,0x20,0xAB,0x30,0xEF,0x40,0xD2,0xD5,0x7D,0xCD,0x1C,0x40,0xD1,0x38,0xCE,0x30,0x8A,0x28,0x68,
0x28,0x66,0x38,0x67,0x58,0xEA,0x68,0xA9,0x80,0xAA,0xF5,0x1B,0xDB,0xD6,0x70,0x68,0x60,0x87,0x40,0x65,0x30,0x44,0x28,0x44,0x28,0x44,0x30,0x44,0x38,0x65,0x50,0x86,
0x68,0xA7,0x80,0xC9,0xEC,0x79,0xE4,0x39,0x88,0xEA,0x68,0x87,0x50,0x65,0x38,0x45,0x28,0x44,0x20,0x44,0x18,0x44,0x10,0x43,0x08,0x43,0x08,0x43,0x08,0x43,0x08,0x43,
0x08,0x43,0x08,0x43,0x08,0x43,0x00,0x43,0x08,0x85,0x08,0xA6,0x00,0x43,0x08,0x43,0x08,0x43,0x08,0x43,0x08,0x43,0x08,0x43,0x08,0x43,0x08,0x43,0x08,0x43,0x08,0x43,
0x08,0x43,0x08,0x43,0x08,0x43,0x08,0x43,0x00,0x43,0x08,0x64,0x10,0xA6,0x08,0x64,0x00,0x43,0x08,0x43,0x08,0x43,0x00,0x43,0x08,0x43,0x08,0x43,0x00,0x43,0x00,0x43,
0x08,0x43,0x08,0x43,0x08,0x43,0x08,0x43,0x08,0x43,0x08,0x43,0x00,0x43,0x08,0x85,0x08,0x85,0x00,0x44,0x00,0x43,0x08,0x43,0x08,0x43,0x08,0x43,0x08,0x43,0x08,0x43,
0x00,0x43,0x00,0x43,0x08,0x43,0x08,0x43,0x08,0x43,0x08,0x43,0x00,0x43,0x00,0x43,0x08,0x64,0x08,0x85,0x08,0x85,0x08,0x43,0x08,0x43,0x08,0x43,0x08,0x64,0x08,0x64,
0x10,0x64,0x10,0x65,0x18,0x66,0x20,0x87,0x20,0x87,0x38,0xEB,0x8A,0x97,0xEE,0x7E,0xFF,0xFF,0xD5,0x7D,0x51,0xAD,0x29,0x45,0x29,0x65,0x29,0x45,0x29,0x45,0x18,0xE3,
0x00,0x00,0x00,0x00,0x00,0x00,0x00,0x00,0x00,0x00,0x00,0x00,0x00,0x00,0x00,0x00,0x00,0x00,0x00,0x00,0x00,0x00,0x00,0x00,0x00,0x00,0x00,0x00,0x00,0x00,0x00,0x00,
0x00,0x00,0x00,0x00,0x00,0x00,0x00,0x00,0x00,0x00,0x00,0x00,0x00,0x00,0x00,0x00,0x00,0x00,0x00,0x00,0x00,0x00,0x00,0x00,0x00,0x00,0x00,0x00,0x00,0x00,0x00,0x00,
0x29,0x44,0x29,0x45,0x29,0x45,0x29,0x65,0x29,0x65,0x49,0x4D,0xD5,0x5D,0xFF,0xFF,0xEE,0x7F,0x92,0xD8,0x39,0x0B,0x18,0x66,0x18,0x86,0x10,0x66,0x10,0x65,0x08,0x44,
0x08,0x44,0x08,0x44,0x08,0x64,0x08,0x44,0x08,0x44,0x08,0x64,0x08,0x44,0x08,0x44,0x08,0x85,0x08,0xA6,0x08,0x85,0x00,0x44,0x08,0x44,0x08,0x64,0x00,0x64,0x08,0x44,
0x08,0x44,0x00,0x44,0x08,0x44,0x00,0x44,0x00,0x64,0x08,0x44,0x08,0x44,0x08,0x44,0x08,0x44,0x00,0x44,0x08,0x85,0x08,0x86,0x08,0x64,0x00,0x43,0x00,0x44,0x08,0x44,
0x00,0x44,0x00,0x44,0x00,0x44,0x00,0x44,0x08,0x44,0x00,0x44,0x00,0x44,0x00,0x64,0x00,0x44,0x08,0x44,0x08,0x44,0x00,0x44,0x08,0xA5,0x08,0x85,0x00,0x44,0x08,0x64,
0x08,0x44,0x08,0x64,0x00,0x44,0x08,0x44,0x08,0x44,0x08,0x44,0x08,0x44,0x08,0x44,0x08,0x44,0x08,0x64,0x08,0x64,0x00,0x64,0x00,0x43,0x00,0x64,0x08,0xA6,0x08,0x64,
0x00,0x44,0x08,0x64,0x08,0x44,0x08,0x44,0x00,0x64,0x00,0x64,0x00,0x64,0x00,0x44,0x00,0x64,0x00,0x64,0x08,0x84,0x08,0xA4,0x00,0xC5,0x08,0xE6,0x09,0x27,0x09,0xA9,
0x0A,0x8C,0x0A,0xED,0x0B,0x4F,0x66,0xDC,0x6F,0x1D,0x0B,0x70,0x0A,0xCD,0x0A,0x0A,0x09,0x88,0x09,0x07,0x08,0xE7,0x10,0xC8,0x18,0xC9,0x28,0xEC,0x39,0x30,0x49,0x12,
0xB3,0xFA,0xF6,0x3F,0x61,0xB5,0x41,0x12,0x28,0xED,0x20,0xAA,0x18,0xA9,0x18,0xA9,0x20,0xAA,0x28,0xCC,0x39,0x0F,0x40,0xD1,0xBC,0x1B,0xED,0xFF,0x49,0x93,0x39,0x71,
0x29,0x90,0x22,0x90,0x12,0xCF,0x1B,0xD2,0x8F,0xDF,0x45,0x97,0x0B,0x0F,0x0A,0xAD,0x0A,0x0A,0x09,0xC9,0x0A,0x0A,0x0A,0x8B,0x0A,0xED,0x24,0xD4,0x9F,0xFF,0x24,0xD4,
0x03,0x2F,0x0B,0x0E,0x02,0x0A,0x09,0xC9,0x0A,0x2A,0x0A,0xCD,0x0B,0x90,0x66,0xBC,0x76,0xFD,0x13,0x91,0x12,0xCE,0x12,0x0C,0x19,0x8B,0x29,0x4D,0x39,0x50,0x41,0x12,
0xDD,0x3D,0xBC,0x9C,0x38,0xF2,0x30,0xED,0x20,0xAA,0x18,0x89,0x18,0x89,0x20,0xAB,0x30,0xEE,0x38,0xB1,0x9B,0x78,0xFE,0x5F,0x59,0x73,0x38,0xCF,0x30,0xAB,0x28,0x89,
0x28,0x67,0x30,0x67,0x40,0xA9,0x68,0xEA,0x70,0x68,0xBA,0xD2,0xFD,0xDE,0x91,0x6C,0x60,0x67,0x48,0x86,0x30,0x65,0x28,0x64,0x28,0x64,0x28,0x64,0x30,0x65,0x40,0x86,
0x58,0xA7,0x70,0xA8,0x99,0xAD,0xFD,0x7E,0xC2,0xF3,0x78,0xC9,0x60,0xA7,0x48,0x66,0x30,0x65,0x20,0x65,0x18,0x44,0x10,0x44,0x10,0x44,0x08,0x44,0x08,0x44,0x08,0x43,
0x08,0x43,0x08,0x43,0x08,0x44,0x08,0x44,0x00,0x43,0x08,0x85,0x08,0xA6,0x00,0x44,0x08,0x64,0x08,0x64,0x08,0x64,0x08,0x64,0x08,0x44,0x08,0x44,0x08,0x44,0x08,0x44,
0x08,0x44,0x08,0x44,0x08,0x44,0x08,0x44,0x08,0x44,0x00,0x43,0x00,0x44,0x08,0xA6,0x08,0x85,0x00,0x43,0x00,0x64,0x00,0x44,0x00,0x43,0x00,0x64,0x00,0x64,0x00,0x64,
0x08,0x64,0x00,0x44,0x00,0x44,0x00,0x43,0x00,0x43,0x00,0x63,0x00,0x43,0x00,0x43,0x00,0x64,0x08,0x86,0x00,0x65,0x00,0x43,0x00,0x43,0x00,0x43,0x00,0x44,0x08,0x44,
0x00,0x44,0x00,0x44,0x00,0x43,0x00,0x43,0x00,0x44,0x00,0x43,0x00,0x43,0x00,0x43,0x00,0x43,0x00,0x43,0x08,0x64,0x08,0xA6,0x08,0x64,0x08,0x43,0x08,0x64,0x08,0x64,
0x10,0x65,0x10,0x66,0x18,0x66,0x18,0x87,0x20,0x87,0x38,0xEB,0x8A,0x97,0xEE,0x5E,0xFF,0xFF,0xD5,0x7D,0x51,0xAD,0x29,0x45,0x29,0x65,0x29,0x45,0x29,0x45,0x18,0xE3,
0x00,0x00,0x00,0x00,0x00,0x00,0x00,0x00,0x00,0x00,0x00,0x00,0x00,0x00,0x00,0x00,0x00,0x00,0x00,0x00,0x00,0x00,0x00,0x00,0x00,0x00,0x00,0x00,0x00,0x00,0x00,0x00,
0x00,0x00,0x00,0x00,0x00,0x00,0x00,0x00,0x00,0x00,0x00,0x00,0x00,0x00,0x00,0x00,0x00,0x00,0x00,0x00,0x00,0x00,0x00,0x00,0x00,0x00,0x00,0x00,0x00,0x00,0x00,0x00,
0x21,0x24,0x29,0x45,0x29,0x45,0x29,0x65,0x29,0x65,0x49,0x4D,0xD5,0x5D,0xFF,0xFF,0xEE,0x5F,0x92,0xD7,0x41,0x2C,0x18,0xA7,0x20,0xA7,0x18,0x87,0x18,0x86,0x10,0x86,
0x10,0x85,0x08,0x85,0x08,0x85,0x08,0x85,0x08,0x85,0x08,0x85,0x08,0xA6,0x10,0xC7,0x10,0xA6,0x08,0x85,0x08,0x85,0x08,0x85,0x08,0x85,0x08,0x85,0x08,0x85,0x08,0x85,
0x08,0x85,0x08,0x85,0x08,0x85,0x08,0x85,0x08,0x85,0x08,0x85,0x08,0x85,0x08,0x84,0x08,0xA5,0x10,0xC6,0x10,0xA6,0x08,0x85,0x08,0x85,0x08,0x85,0x08,0x85,0x08,0x85,
0x08,0x85,0x08,0x85,0x08,0x85,0x08,0x85,0x08,0x85,0x08,0x85,0x08,0x85,0x08,0x85,0x08,0x85,0x08,0x84,0x08,0x85,0x10,0xC6,0x08,0xA5,0x08,0x85,0x08,0x85,0x08,0x85,
0x08,0x85,0x08,0x85,0x08,0x85,0x08,0x85,0x08,0x85,0x08,0x85,0x08,0x85,0x08,0x85,0x08,0x85,0x08,0x85,0x08,0x85,0x08,0x84,0x08,0x85,0x10,0xC7,0x08,0xA5,0x08,0x85,
0x08,0x85,0x08,0x85,0x08,0x85,0x08,0x85,0x08,0x85,0x08,0x85,0x08,0x85,0x08,0x85,0x08,0xA5,0x08,0xA5,0x08,0xC5,0x08,0xE6,0x09,0x26,0x09,0x47,0x09,0xA8,0x12,0x6C,
0x12,0xED,0x0B,0x2F,0x35,0x36,0x8F,0xFF,0x2C,0xD5,0x0B,0x2F,0x0A,0x8C,0x09,0xEA,0x09,0x68,0x11,0x07,0x10,0xE8,0x18,0xE9,0x20,0xEB,0x31,0x0E,0x41,0x31,0x61,0x95,
0xED,0xFF,0xBC,0x7C,0x49,0x14,0x41,0x31,0x30,0xED,0x20,0xEA,0x20,0xC9,0x20,0xCA,0x28,0xEB,0x31,0x0E,0x41,0x31,0x51,0x33,0xE5,0x5E,0xC4,0xBC,0x41,0x73,0x39,0xB1,
0x29,0xF0,0x22,0xD0,0x12,0xCF,0x2C,0x74,0x8F,0xFF,0x35,0x15,0x0B,0x2F,0x12,0xAD,0x0A,0x2A,0x09,0xE9,0x0A,0x2A,0x12,0xAC,0x0B,0x2E,0x2D,0x15,0x9F,0xFF,0x24,0xD4,
0x0B,0x4F,0x13,0x2F,0x0A,0x2A,0x09,0xE9,0x0A,0x4B,0x0A,0xED,0x03,0x70,0x56,0x7A,0x7F,0x5E,0x13,0xD2,0x1B,0x0F,0x1A,0x4D,0x21,0xAC,0x29,0x6D,0x39,0x70,0x38,0xF2,
0xB4,0x3A,0xE5,0x9E,0x49,0x53,0x39,0x0F,0x28,0xEC,0x20,0xCA,0x20,0xAA,0x28,0xCB,0x30,0xEE,0x38,0xF1,0x61,0xB5,0xFE,0x5F,0x93,0x18,0x40,0xD1,0x38,0xCE,0x30,0xAA,
0x28,0xA9,0x30,0x88,0x38,0x88,0x59,0x0B,0x70,0xEA,0x89,0x0B,0xFD,0x7C,0xD3,0xB5,0x70,0xA8,0x58,0xE8,0x40,0xA7,0x30,0x86,0x28,0x85,0x28,0x85,0x30,0x86,0x38,0xA6,
0x50,0xC8,0x69,0x09,0x78,0xC8,0xCB,0x54,0xFD,0x7D,0xA1,0xCE,0x70,0xC8,0x50,0xA7,0x38,0x86,0x28,0x86,0x20,0x85,0x18,0x85,0x10,0x85,0x10,0x85,0x10,0x85,0x08,0x84,
0x08,0x84,0x08,0x85,0x08,0x85,0x08,0x85,0x08,0x85,0x08,0x65,0x10,0xA6,0x10,0xC7,0x08,0x65,0x08,0x85,0x08,0x85,0x08,0x85,0x08,0x85,0x08,0x85,0x08,0x85,0x08,0x85,
0x08,0x85,0x08,0x85,0x08,0x85,0x08,0x85,0x08,0x85,0x08,0x84,0x08,0x84,0x08,0x85,0x10,0xA6,0x10,0xA6,0x08,0x85,0x08,0x85,0x08,0x85,0x08,0x85,0x08,0x85,0x08,0x85,
0x08,0x85,0x08,0x85,0x08,0x84,0x08,0x85,0x08,0x85,0x08,0x85,0x08,0x85,0x08,0x84,0x08,0x64,0x08,0x85,0x08,0xA6,0x08,0xA6,0x08,0x85,0x08,0x64,0x08,0x84,0x08,0x84,
0x08,0x85,0x08,0x85,0x08,0x84,0x08,0x85,0x08,0x85,0x08,0x85,0x08,0x84,0x08,0x84,0x08,0x84,0x08,0x84,0x08,0x64,0x08,0x85,0x08,0xA5,0x10,0xA6,0x10,0xA6,0x10,0x85,
0x10,0x86,0x18,0xA6,0x18,0xA7,0x20,0xC8,0x20,0xC8,0x39,0x0C,0x8A,0x96,0xEE,0x5E,0xFF,0xFF,0xD5,0x7D,0x51,0xAD,0x29,0x45,0x29,0x65,0x29,0x45,0x29,0x45,0x18,0xE3,
0x00,0x00,0x00,0x00,0x00,0x00,0x00,0x00,0x00,0x00,0x00,0x00,0x00,0x00,0x00,0x00,0x00,0x00,0x00,0x00,0x00,0x00,0x00,0x00,0x00,0x00,0x00,0x00,0x00,0x00,0x00,0x00,
0x00,0x00,0x00,0x00,0x00,0x00,0x00,0x00,0x00,0x00,0x00,0x00,0x00,0x00,0x00,0x00,0x00,0x00,0x00,0x00,0x00,0x00,0x00,0x00,0x00,0x00,0x00,0x00,0x00,0x00,0x00,0x00,
0x29,0x45,0x29,0x45,0x29,0x45,0x29,0x65,0x29,0x45,0x49,0x4D,0xD5,0x3C,0xFF,0xFF,0xE6,0x5F,0x92,0xD7,0x38,0xEB,0x18,0x66,0x18,0x66,0x10,0x65,0x10,0x45,0x08,0x44,
0x08,0x44,0x08,0x44,0x08,0x43,0x00,0x43,0x08,0x44,0x08,0x85,0x08,0x85,0x00,0x44,0x00,0x43,0x08,0x43,0x08,0x43,0x00,0x43,0x00,0x43,0x00,0x43,0x00,0x43,0x00,0x43,
0x00,0x43,0x00,0x43,0x00,0x43,0x08,0x43,0x08,0x43,0x00,0x43,0x00,0x43,0x08,0x85,0x08,0xA5,0x08,0x64,0x00,0x43,0x08,0x43,0x00,0x43,0x08,0x43,0x08,0x43,0x00,0x43,
0x00,0x43,0x00,0x43,0x00,0x43,0x00,0x43,0x00,0x43,0x00,0x43,0x08,0x43,0x08,0x43,0x00,0x43,0x08,0x64,0x10,0xA6,0x08,0x64,0x00,0x43,0x08,0x43,0x00,0x43,0x00,0x43,
0x00,0x43,0x00,0x43,0x00,0x43,0x08,0x43,0x00,0x43,0x00,0x43,0x00,0x43,0x00,0x43,0x00,0x43,0x00,0x43,0x00,0x43,0x00,0x43,0x08,0xA6,0x08,0x64,0x00,0x43,0x00,0x43,
0x00,0x43,0x00,0x43,0x00,0x43,0x00,0x43,0x00,0x43,0x00,0x43,0x08,0x43,0x00,0x43,0x00,0x63,0x00,0x84,0x00,0x84,0x00,0xC4,0x01,0x05,0x01,0x47,0x09,0xEA,0x0A,0x8C,
0x0A,0xCD,0x13,0xD1,0x7F,0x9F,0x5E,0x9B,0x0B,0x70,0x0A,0xCD,0x0A,0x0A,0x09,0x48,0x08,0xE6,0x08,0xC6,0x08,0xA7,0x10,0xA8,0x20,0xCB,0x31,0x0E,0x40,0xF1,0x93,0x18,
0xFE,0x9F,0x7A,0x77,0x40,0xF3,0x30,0xEE,0x20,0xCB,0x18,0xA9,0x18,0x88,0x18,0xA8,0x20,0xAA,0x30,0xED,0x40,0xF1,0x69,0xD5,0xFE,0x1F,0x93,0x38,0x39,0x31,0x31,0x70,
0x2A,0x10,0x1A,0xB0,0x12,0xCF,0x3D,0x37,0x8F,0xFF,0x24,0x73,0x0A,0xEE,0x0A,0x4B,0x09,0xC9,0x01,0xA8,0x09,0xE9,0x0A,0x6B,0x02,0xEE,0x35,0x15,0x97,0xFF,0x24,0xB4,
0x03,0x0E,0x0A,0xEE,0x01,0xEA,0x01,0xA8,0x01,0xE9,0x0A,0x8C,0x03,0x2F,0x4E,0x19,0x87,0x9F,0x13,0xD2,0x12,0xCE,0x11,0xEC,0x19,0x6B,0x21,0x0C,0x31,0x2E,0x30,0xD0,
0x8B,0x18,0xFE,0x5F,0x61,0xD5,0x30,0xEF,0x28,0xCB,0x18,0x89,0x18,0x68,0x18,0x69,0x28,0x8C,0x38,0xD0,0x38,0xB2,0xD5,0x1D,0xD4,0xFC,0x40,0xB1,0x38,0xCE,0x28,0x8A,
0x20,0x68,0x28,0x67,0x30,0x47,0x48,0xA9,0x69,0x0B,0x70,0x68,0xC3,0x33,0xFD,0x9D,0x89,0x2B,0x60,0x87,0x50,0x86,0x38,0x45,0x28,0x44,0x20,0x44,0x20,0x44,0x30,0x65,
0x40,0x65,0x58,0x86,0x68,0xA7,0x80,0xC9,0xF4,0xBA,0xE4,0x38,0x80,0xC9,0x60,0x87,0x48,0x45,0x30,0x44,0x20,0x44,0x18,0x23,0x10,0x23,0x10,0x23,0x08,0x43,0x08,0x43,
0x08,0x43,0x00,0x43,0x00,0x43,0x00,0x43,0x00,0x43,0x00,0x43,0x00,0x23,0x08,0x85,0x08,0x85,0x00,0x43,0x00,0x43,0x00,0x43,0x00,0x43,0x00,0x43,0x00,0x43,0x00,0x43,
0x00,0x43,0x00,0x43,0x00,0x43,0x00,0x43,0x00,0x43,0x00,0x43,0x00,0x43,0x00,0x43,0x00,0x43,0x08,0x85,0x08,0x85,0x00,0x43,0x00,0x43,0x00,0x43,0x00,0x43,0x00,0x43,
0x08,0x43,0x00,0x43,0x00,0x43,0x00,0x43,0x00,0x43,0x00,0x43,0x00,0x43,0x00,0x43,0x00,0x43,0x00,0x43,0x00,0x23,0x08,0x64,0x08,0x85,0x08,0x64,0x00,0x43,0x08,0x43,
0x00,0x43,0x00,0x43,0x00,0x43,0x00,0x43,0x00,0x43,0x00,0x43,0x00,0x43,0x00,0x43,0x00,0x43,0x00,0x43,0x00,0x43,0x00,0x43,0x00,0x23,0x08,0x64,0x10,0xA6,0x10,0x85,
0x10,0x65,0x10,0x65,0x18,0x66,0x18,0x87,0x18,0x86,0x38,0xEB,0x82,0x96,0xE6,0x5E,0xFF,0xFF,0xD5,0x7D,0x51,0xAD,0x29,0x45,0x29,0x65,0x21,0x44,0x29,0x45,0x18,0xE3,
0x00,0x00,0x00,0x00,0x00,0x00,0x00,0x00,0x00,0x00,0x00,0x00,0x00,0x00,0x00,0x00,0x00,0x00,0x00,0x00,0x00,0x00,0x00,0x00,0x00,0x00,0x00,0x00,0x00,0x00,0x00,0x00,
0x00,0x00,0x00,0x00,0x00,0x00,0x00,0x00,0x00,0x00,0x00,0x00,0x00,0x00,0x00,0x00,0x00,0x00,0x00,0x00,0x00,0x00,0x00,0x00,0x00,0x00,0x00,0x00,0x00,0x00,0x00,0x00,
0x21,0x24,0x29,0x45,0x29,0x45,0x29,0x65,0x29,0x45,0x49,0x4D,0xD5,0x3C,0xFF,0xDF,0xE6,0x5F,0x8A,0xD7,0x39,0x0B,0x18,0x66,0x18,0x86,0x10,0x65,0x10,0x65,0x10,0x64,
0x08,0x64,0x08,0x43,0x08,0x43,0x08,0x85,0x08,0xA5,0x08,0x64,0x00,0x43,0x08,0x43,0x08,0x43,0x00,0x43,0x08,0x63,0x08,0x43,0x00,0x43,0x08,0x43,0x00,0x43,0x08,0x63,
0x00,0x63,0x00,0x63,0x00,0x64,0x08,0x64,0x00,0x43,0x08,0x64,0x10,0xA6,0x08,0x85,0x00,0x43,0x08,0x43,0x08,0x43,0x00,0x43,0x08,0x43,0x08,0x43,0x08,0x43,0x00,0x43,
0x00,0x43,0x00,0x43,0x08,0x43,0x08,0x43,0x00,0x63,0x08,0x63,0x08,0x63,0x00,0x43,0x08,0x65,0x08,0xA5,0x08,0x43,0x08,0x43,0x08,0x43,0x08,0x43,0x08,0x43,0x08,0x43,
0x08,0x43,0x08,0x43,0x08,0x43,0x08,0x43,0x08,0x43,0x08,0x43,0x08,0x43,0x08,0x63,0x08,0x63,0x08,0x43,0x00,0x43,0x08,0xA6,0x08,0x64,0x00,0x43,0x08,0x43,0x08,0x43,
0x08,0x43,0x00,0x43,0x00,0x43,0x00,0x43,0x00,0x43,0x00,0x43,0x08,0x43,0x00,0x43,0x00,0x64,0x00,0x84,0x00,0xA4,0x00,0xE5,0x01,0x26,0x01,0xA8,0x0A,0x6C,0x0A,0xAD,
0x0B,0x2F,0x56,0x3A,0x87,0xDF,0x1C,0x53,0x0B,0x2E,0x0A,0x6B,0x09,0xC9,0x09,0x27,0x08,0xE6,0x08,0xC6,0x10,0xA7,0x18,0xA9,0x28,0xEC,0x39,0x10,0x49,0x13,0xD5,0x3D,
0xDD,0x5E,0x51,0x34,0x41,0x11,0x28,0xCD,0x20,0xAA,0x18,0xA8,0x18,0x88,0x18,0xA9,0x20,0xCB,0x31,0x0F,0x40,0xF1,0x92,0xF8,0xFD,0xFF,0x61,0xF4,0x39,0x51,0x29,0x6F,
0x22,0x50,0x1A,0xCF,0x13,0x10,0x55,0xF9,0x87,0xBF,0x1C,0x12,0x12,0xEE,0x0A,0x4B,0x09,0xA9,0x09,0xA8,0x09,0xE9,0x0A,0x8C,0x03,0x0E,0x35,0x56,0x97,0xFF,0x1C,0x93,
0x0B,0x0E,0x0A,0xEE,0x01,0xE9,0x01,0xA8,0x02,0x09,0x0A,0x8C,0x03,0x0E,0x45,0xD8,0x8F,0xDF,0x1C,0x12,0x12,0xCE,0x12,0x0C,0x19,0x6B,0x21,0x2B,0x29,0x2E,0x30,0xF1,
0x6A,0x36,0xFE,0x9F,0x82,0xD8,0x38,0xF1,0x28,0xCC,0x20,0xA9,0x18,0x88,0x18,0x69,0x20,0x8B,0x30,0xCE,0x30,0x91,0x93,0x38,0xFE,0x3F,0x59,0x73,0x38,0xCF,0x30,0xAB,
0x28,0x89,0x28,0x67,0x30,0x67,0x38,0x67,0x59,0x0B,0x70,0xC9,0x89,0x0B,0xFD,0x5C,0xCB,0x54,0x68,0x67,0x60,0xA7,0x40,0x65,0x30,0x44,0x28,0x44,0x20,0x44,0x28,0x64,
0x30,0x65,0x48,0x66,0x60,0xA7,0x70,0x87,0xA1,0xEE,0xFD,0x7E,0xBA,0x92,0x70,0x87,0x58,0x66,0x40,0x45,0x30,0x44,0x20,0x43,0x18,0x43,0x10,0x43,0x08,0x43,0x08,0x43,
0x08,0x43,0x08,0x43,0x00,0x43,0x08,0x43,0x00,0x43,0x00,0x43,0x08,0x43,0x00,0x43,0x08,0x85,0x08,0x85,0x00,0x43,0x08,0x43,0x00,0x43,0x00,0x43,0x00,0x43,0x00,0x43,
0x00,0x43,0x00,0x43,0x00,0x43,0x00,0x43,0x08,0x43,0x00,0x43,0x00,0x43,0x00,0x43,0x08,0x43,0x00,0x43,0x08,0x64,0x08,0xA5,0x08,0x64,0x00,0x43,0x08,0x43,0x08,0x43,
0x08,0x43,0x08,0x43,0x08,0x43,0x08,0x43,0x08,0x43,0x00,0x43,0x08,0x23,0x00,0x43,0x00,0x43,0x00,0x43,0x00,0x43,0x00,0x23,0x00,0x43,0x08,0x85,0x08,0x85,0x00,0x43,
0x00,0x43,0x00,0x43,0x00,0x43,0x00,0x43,0x00,0x43,0x00,0x43,0x00,0x43,0x00,0x43,0x00,0x23,0x00,0x43,0x00,0x43,0x00,0x43,0x00,0x43,0x08,0x43,0x08,0x44,0x10,0x85,
0x10,0xA7,0x10,0x86,0x10,0x66,0x18,0x86,0x18,0x86,0x38,0xEB,0x8A,0x96,0xE6,0x5E,0xFF,0xFF,0xD5,0x7D,0x51,0xAE,0x29,0x45,0x29,0x45,0x29,0x45,0x29,0x45,0x18,0xE3,
0x00,0x00,0x00,0x00,0x00,0x00,0x00,0x00,0x00,0x00,0x00,0x00,0x00,0x00,0x00,0x00,0x00,0x00,0x00,0x00,0x00,0x00,0x00,0x00,0x00,0x00,0x00,0x00,0x00,0x00,0x00,0x00,
0x00,0x00,0x00,0x00,0x00,0x00,0x00,0x00,0x00,0x00,0x00,0x00,0x00,0x00,0x00,0x00,0x00,0x00,0x00,0x00,0x00,0x00,0x00,0x00,0x00,0x00,0x00,0x00,0x00,0x00,0x00,0x00,
0x21,0x24,0x21,0x45,0x29,0x45,0x29,0x65,0x29,0x45,0x49,0x4D,0xD5,0x3C,0xFF,0xDF,0xE6,0x5E,0x8A,0xB7,0x39,0x0B,0x18,0x66,0x18,0x86,0x10,0x65,0x10,0x64,0x08,0x44,
0x08,0x44,0x08,0x64,0x10,0xA5,0x08,0x85,0x00,0x43,0x00,0x43,0x08,0x43,0x00,0x43,0x00,0x43,0x00,0x43,0x00,0x43,0x00,0x43,0x00,0x43,0x08,0x43,0x08,0x43,0x00,0x63,
0x08,0x43,0x08,0x63,0x00,0x43,0x00,0x43,0x08,0x85,0x10,0xA6,0x08,0x64,0x00,0x23,0x08,0x43,0x08,0x43,0x00,0x43,0x00,0x43,0x08,0x43,0x00,0x43,0x00,0x43,0x08,0x43,
0x00,0x43,0x00,0x43,0x00,0x43,0x00,0x43,0x08,0x43,0x00,0x43,0x00,0x43,0x08,0x85,0x08,0xA5,0x00,0x43,0x00,0x43,0x08,0x43,0x08,0x43,0x00,0x43,0x08,0x43,0x00,0x43,
0x08,0x43,0x08,0x43,0x00,0x43,0x00,0x43,0x08,0x43,0x00,0x43,0x00,0x43,0x08,0x43,0x00,0x43,0x00,0x43,0x08,0xA6,0x08,0x84,0x00,0x43,0x00,0x43,0x00,0x43,0x00,0x43,
0x00,0x43,0x00,0x43,0x00,0x43,0x00,0x43,0x00,0x43,0x00,0x43,0x00,0x43,0x00,0x63,0x00,0x64,0x00,0x84,0x00,0xC4,0x01,0x05,0x01,0x47,0x0A,0x2B,0x0A,0x8C,0x0A,0xCD,
0x24,0x93,0x8F,0xFF,0x45,0xD8,0x03,0x4F,0x0A,0xCD,0x0A,0x0A,0x09,0x68,0x09,0x07,0x08,0xC6,0x10,0xA7,0x18,0xA8,0x20,0xAA,0x30,0xEE,0x40,0xF1,0x72,0x16,0xFE,0x5F,
0x93,0x39,0x40,0xF3,0x38,0xEF,0x28,0xAC,0x18,0xA9,0x18,0x88,0x18,0xA8,0x20,0xAA,0x28,0xCC,0x39,0x10,0x40,0xF2,0xC4,0x7C,0xDD,0x3E,0x49,0x52,0x39,0x70,0x29,0x8F,
0x22,0x70,0x12,0xCF,0x13,0x51,0x66,0xBC,0x77,0x3E,0x13,0xB1,0x12,0xEE,0x0A,0x2A,0x09,0xA8,0x09,0xA8,0x09,0xE9,0x0A,0x8C,0x03,0x0E,0x3D,0x77,0x8F,0xFF,0x1C,0x73,
0x0B,0x0E,0x0A,0xEE,0x09,0xE9,0x09,0xA8,0x0A,0x0A,0x0A,0x8C,0x03,0x0F,0x3D,0x97,0x97,0xFF,0x24,0x53,0x12,0xCE,0x12,0x0C,0x19,0x6B,0x21,0x2B,0x29,0x0D,0x30,0xF0,
0x51,0x94,0xF6,0x5F,0xA3,0xDA,0x41,0x12,0x28,0xCD,0x20,0xAA,0x18,0x88,0x18,0x68,0x20,0x8A,0x28,0xAD,0x30,0xB0,0x61,0xB4,0xFE,0x5F,0x92,0xF7,0x38,0x90,0x38,0xCD,
0x28,0x8A,0x28,0x68,0x28,0x67,0x30,0x66,0x48,0xC9,0x69,0x0B,0x70,0x68,0xC3,0x34,0xFD,0x7D,0x89,0x2A,0x68,0x67,0x50,0x66,0x38,0x45,0x30,0x44,0x28,0x44,0x20,0x44,
0x28,0x64,0x38,0x65,0x50,0x86,0x68,0xA7,0x78,0x87,0xCB,0x34,0xFC,0xFC,0x91,0x4C,0x68,0x67,0x50,0x45,0x38,0x45,0x28,0x44,0x20,0x43,0x18,0x43,0x10,0x43,0x08,0x43,
0x08,0x43,0x08,0x43,0x00,0x43,0x00,0x43,0x00,0x43,0x00,0x43,0x00,0x43,0x00,0x43,0x00,0x23,0x08,0x85,0x08,0x65,0x00,0x23,0x00,0x43,0x00,0x43,0x00,0x43,0x00,0x43,
0x00,0x43,0x00,0x43,0x00,0x43,0x00,0x43,0x00,0x43,0x00,0x43,0x00,0x43,0x00,0x43,0x00,0x43,0x00,0x43,0x00,0x23,0x00,0x44,0x08,0xA5,0x08,0x64,0x00,0x43,0x08,0x43,
0x08,0x43,0x00,0x43,0x00,0x43,0x08,0x43,0x00,0x43,0x00,0x43,0x00,0x43,0x00,0x43,0x00,0x43,0x00,0x43,0x00,0x43,0x00,0x43,0x00,0x43,0x00,0x23,0x08,0x64,0x08,0xA5,
0x08,0x64,0x00,0x23,0x00,0x43,0x00,0x43,0x00,0x43,0x00,0x43,0x00,0x43,0x00,0x43,0x00,0x43,0x00,0x43,0x00,0x43,0x00,0x43,0x00,0x43,0x08,0x43,0x08,0x44,0x08,0x44,
0x08,0x65,0x10,0xA6,0x18,0xA7,0x18,0x87,0x18,0x66,0x38,0xCB,0x8A,0x96,0xE6,0x5E,0xFF,0xFF,0xD5,0x7D,0x51,0xAE,0x29,0x45,0x29,0x45,0x29,0x45,0x29,0x45,0x18,0xE3,
0x00,0x00,0x00,0x00,0x00,0x00,0x00,0x00,0x00,0x00,0x00,0x00,0x00,0x00,0x00,0x00,0x00,0x00,0x00,0x00,0x00,0x00,0x00,0x00,0x00,0x00,0x00,0x00,0x00,0x00,0x00,0x00,
0x00,0x00,0x00,0x00,0x00,0x00,0x00,0x00,0x00,0x00,0x00,0x00,0x00,0x00,0x00,0x00,0x00,0x00,0x00,0x00,0x00,0x00,0x00,0x00,0x00,0x00,0x00,0x00,0x00,0x00,0x00,0x00,
0x21,0x24,0x21,0x44,0x21,0x24,0x29,0x45,0x29,0x45,0x49,0x4C,0xD5,0x1C,0xFF,0xFF,0xE6,0x5E,0x8A,0xD7,0x39,0x0B,0x18,0x66,0x18,0x86,0x18,0x65,0x10,0x45,0x10,0x65,
0x10,0x86,0x10,0xA6,0x08,0x44,0x00,0x43,0x08,0x43,0x00,0x43,0x00,0x43,0x00,0x43,0x00,0x43,0x00,0x43,0x00,0x43,0x00,0x43,0x00,0x43,0x00,0x43,0x00,0x43,0x00,0x43,
0x00,0x43,0x00,0x43,0x00,0x44,0x08,0xA5,0x08,0x85,0x00,0x43,0x00,0x23,0x08,0x43,0x00,0x43,0x00,0x43,0x00,0x43,0x00,0x43,0x00,0x43,0x00,0x43,0x00,0x43,0x00,0x43,
0x00,0x43,0x00,0x43,0x00,0x43,0x00,0x43,0x00,0x43,0x00,0x43,0x08,0xA5,0x08,0x85,0x00,0x43,0x00,0x43,0x08,0x43,0x00,0x43,0x00,0x43,0x00,0x43,0x00,0x43,0x00,0x43,
0x00,0x43,0x00,0x43,0x00,0x43,0x00,0x43,0x00,0x43,0x00,0x43,0x00,0x43,0x00,0x43,0x00,0x43,0x08,0xA6,0x08,0x65,0x00,0x43,0x00,0x43,0x00,0x43,0x00,0x43,0x00,0x43,
0x00,0x43,0x00,0x43,0x00,0x43,0x00,0x43,0x00,0x43,0x00,0x43,0x00,0x43,0x00,0x63,0x00,0x84,0x00,0xA4,0x00,0xE5,0x01,0x26,0x09,0xE9,0x0A,0x6B,0x0A,0xAD,0x0B,0x4F,
0x6E,0xFC,0x77,0x7E,0x0B,0xD1,0x0B,0x0E,0x0A,0x4B,0x09,0xA9,0x09,0x27,0x08,0xE7,0x08,0xC7,0x10,0xA7,0x18,0xA9,0x28,0xCC,0x38,0xEF,0x40,0xF2,0xB3,0xFB,0xED,0xDF,
0x59,0x95,0x41,0x11,0x30,0xCD,0x20,0xAA,0x18,0x89,0x18,0x88,0x18,0xA9,0x20,0xAB,0x30,0xCE,0x41,0x11,0x59,0x74,0xED,0xBF,0xB4,0x3B,0x39,0x12,0x31,0x50,0x29,0xAF,
0x22,0x6F,0x12,0xCF,0x1B,0xB2,0x77,0x5E,0x66,0xBB,0x13,0x70,0x12,0xCD,0x0A,0x2A,0x09,0xA8,0x09,0xA8,0x0A,0x09,0x0A,0xAC,0x03,0x0E,0x45,0xB7,0x8F,0xDF,0x1C,0x32,
0x0B,0x0E,0x0A,0xEE,0x01,0xE9,0x09,0xA8,0x0A,0x0A,0x0A,0x8C,0x0B,0x0E,0x35,0x36,0x97,0xFF,0x2C,0x94,0x0A,0xEE,0x12,0x2C,0x11,0x8B,0x19,0x2A,0x29,0x0C,0x39,0x30,
0x49,0x33,0xDD,0x9E,0xCD,0x1C,0x49,0x34,0x30,0xEE,0x20,0xAB,0x18,0x89,0x18,0x68,0x18,0x89,0x28,0xAB,0x38,0xCF,0x40,0xD1,0xDD,0x5D,0xD4,0xDC,0x40,0xD1,0x38,0xEF,
0x28,0xAB,0x28,0x88,0x28,0x67,0x30,0x66,0x38,0x87,0x59,0x0B,0x68,0xA9,0x89,0x0B,0xFD,0x7D,0xCB,0x54,0x70,0x47,0x58,0x86,0x48,0x65,0x30,0x45,0x28,0x44,0x20,0x44,
0x28,0x64,0x30,0x65,0x40,0x85,0x58,0x86,0x68,0xA7,0x80,0xC9,0xF4,0x7A,0xE3,0xF8,0x78,0xA9,0x60,0x66,0x48,0x45,0x38,0x44,0x28,0x44,0x20,0x44,0x18,0x43,0x10,0x43,
0x08,0x43,0x08,0x43,0x08,0x43,0x08,0x43,0x00,0x43,0x00,0x43,0x00,0x43,0x00,0x43,0x00,0x43,0x00,0x23,0x08,0x85,0x08,0x64,0x00,0x22,0x00,0x43,0x00,0x43,0x00,0x43,
0x00,0x43,0x00,0x43,0x00,0x43,0x00,0x43,0x00,0x43,0x00,0x43,0x00,0x43,0x00,0x43,0x00,0x43,0x00,0x43,0x00,0x43,0x00,0x43,0x00,0x43,0x08,0x85,0x08,0x85,0x00,0x43,
0x00,0x43,0x00,0x43,0x00,0x43,0x00,0x43,0x00,0x43,0x00,0x43,0x00,0x43,0x00,0x43,0x00,0x43,0x00,0x43,0x00,0x43,0x00,0x43,0x00,0x43,0x00,0x43,0x00,0x43,0x00,0x43,
0x08,0x85,0x08,0x85,0x00,0x43,0x00,0x43,0x00,0x43,0x00,0x43,0x00,0x43,0x00,0x43,0x00,0x43,0x00,0x23,0x00,0x23,0x00,0x43,0x00,0x43,0x08,0x43,0x08,0x43,0x08,0x44,
0x08,0x44,0x10,0x44,0x18,0x66,0x20,0xA8,0x18,0xA7,0x38,0xEB,0x8A,0x97,0xE6,0x5E,0xFF,0xFF,0xD5,0x7D,0x51,0xAD,0x29,0x45,0x29,0x45,0x21,0x25,0x29,0x45,0x18,0xE3,
0x00,0x00,0x00,0x00,0x00,0x00,0x00,0x00,0x00,0x00,0x00,0x00,0x00,0x00,0x00,0x00,0x00,0x00,0x00,0x00,0x00,0x00,0x00,0x00,0x00,0x00,0x00,0x00,0x00,0x00,0x00,0x00,
0x00,0x00,0x00,0x00,0x00,0x00,0x00,0x00,0x00,0x00,0x00,0x00,0x00,0x00,0x00,0x00,0x00,0x00,0x00,0x00,0x00,0x00,0x00,0x00,0x00,0x00,0x00,0x00,0x00,0x00,0x00,0x00,
0x21,0x24,0x29,0x45,0x21,0x24,0x29,0x45,0x29,0x45,0x49,0x4C,0xD5,0x3C,0xFF,0xDF,0xE6,0x5E,0x8A,0xD7,0x39,0x0B,0x18,0x66,0x18,0x66,0x10,0x66,0x18,0xA6,0x10,0xA6,
0x08,0x65,0x08,0x43,0x08,0x43,0x08,0x43,0x08,0x43,0x08,0x43,0x00,0x43,0x08,0x43,0x08,0x43,0x00,0x43,0x08,0x43,0x00,0x43,0x00,0x43,0x00,0x43,0x00,0x43,0x08,0x43,
0x00,0x43,0x08,0x64,0x08,0xA6,0x08,0x64,0x00,0x43,0x00,0x43,0x00,0x43,0x00,0x43,0x00,0x43,0x08,0x43,0x00,0x43,0x00,0x43,0x00,0x43,0x00,0x43,0x00,0x43,0x00,0x43,
0x00,0x43,0x08,0x43,0x08,0x43,0x00,0x43,0x00,0x44,0x10,0xA6,0x08,0x64,0x00,0x43,0x00,0x43,0x00,0x43,0x00,0x43,0x00,0x43,0x00,0x43,0x00,0x43,0x00,0x43,0x00,0x43,
0x00,0x43,0x08,0x43,0x00,0x43,0x00,0x43,0x00,0x43,0x00,0x43,0x00,0x43,0x00,0x43,0x08,0xA5,0x08,0x85,0x00,0x43,0x08,0x43,0x00,0x43,0x00,0x43,0x00,0x43,0x00,0x43,
0x00,0x43,0x00,0x43,0x00,0x43,0x00,0x43,0x00,0x43,0x00,0x43,0x00,0x63,0x00,0x84,0x00,0xA4,0x00,0xC5,0x01,0x06,0x09,0x88,0x0A,0x4B,0x0A,0x8C,0x02,0xCD,0x3D,0x36,
0x8F,0xFF,0x2D,0x16,0x03,0x2F,0x0A,0xAD,0x09,0xEA,0x09,0x48,0x09,0x07,0x08,0xC6,0x10,0xC7,0x18,0xA8,0x20,0xCA,0x30,0xCD,0x38,0xF1,0x59,0x94,0xF5,0xBF,0xB3,0xFB,
0x40,0xD2,0x39,0x0F,0x28,0xCC,0x20,0x89,0x18,0x88,0x18,0x88,0x18,0xA9,0x28,0xAC,0x38,0xEF,0x41,0x12,0x7A,0x56,0xFE,0x5F,0x8A,0xF7,0x39,0x11,0x31,0x4F,0x21,0xCF,
0x1A,0x8F,0x12,0xCF,0x24,0x33,0x87,0xDF,0x4D,0xF9,0x0B,0x4F,0x12,0xAD,0x0A,0x0A,0x09,0xA8,0x09,0xA8,0x0A,0x0A,0x0A,0xAC,0x03,0x2E,0x45,0xF8,0x8F,0xDF,0x14,0x32,
0x0B,0x0E,0x0A,0xCD,0x09,0xE9,0x09,0xA8,0x09,0xE9,0x0A,0x8C,0x0B,0x0E,0x2C,0xF5,0x97,0xFF,0x34,0xF5,0x0A,0xEE,0x12,0x4C,0x11,0x8B,0x19,0x2A,0x21,0x0C,0x31,0x2F,
0x40,0xF2,0xC4,0xDC,0xE5,0xFE,0x59,0x95,0x38,0xF0,0x28,0xAB,0x18,0x89,0x18,0x68,0x18,0x88,0x20,0x8A,0x30,0xEE,0x30,0x90,0xA3,0x99,0xFE,0x5F,0x61,0x93,0x38,0xD0,
0x30,0xCC,0x28,0x89,0x28,0x67,0x28,0x67,0x30,0x66,0x48,0xC9,0x69,0x0A,0x70,0x67,0xCB,0x74,0xFD,0x9D,0x89,0x2A,0x68,0x87,0x50,0x86,0x40,0x65,0x30,0x44,0x20,0x44,
0x20,0x44,0x28,0x64,0x30,0x65,0x48,0x85,0x60,0xA7,0x68,0x87,0xA1,0xCE,0xFD,0x5D,0xBA,0xB2,0x78,0x67,0x58,0x66,0x48,0x45,0x30,0x44,0x28,0x44,0x20,0x44,0x10,0x43,
0x10,0x43,0x08,0x43,0x08,0x43,0x00,0x43,0x00,0x43,0x00,0x43,0x00,0x43,0x00,0x43,0x00,0x43,0x00,0x43,0x00,0x43,0x08,0x85,0x08,0x64,0x00,0x23,0x00,0x43,0x00,0x43,
0x00,0x43,0x00,0x43,0x00,0x43,0x00,0x43,0x00,0x43,0x00,0x43,0x00,0x43,0x00,0x43,0x00,0x43,0x00,0x43,0x00,0x43,0x00,0x43,0x00,0x23,0x00,0x23,0x08,0x85,0x08,0x85,
0x00,0x43,0x00,0x23,0x08,0x43,0x00,0x23,0x00,0x43,0x00,0x43,0x00,0x43,0x00,0x43,0x00,0x43,0x00,0x43,0x00,0x43,0x00,0x43,0x00,0x43,0x00,0x43,0x00,0x43,0x00,0x43,
0x00,0x43,0x08,0x64,0x08,0xA5,0x00,0x64,0x00,0x23,0x00,0x43,0x00,0x43,0x00,0x43,0x00,0x43,0x00,0x43,0x00,0x43,0x00,0x43,0x00,0x43,0x00,0x43,0x08,0x43,0x08,0x64,
0x08,0x64,0x10,0x65,0x10,0x65,0x18,0x66,0x18,0x86,0x39,0x0C,0x8A,0xB7,0xE6,0x7E,0xFF,0xFF,0xD5,0x7D,0x51,0xAD,0x29,0x45,0x29,0x45,0x21,0x24,0x29,0x25,0x18,0xE3,
0x00,0x00,0x00,0x00,0x00,0x00,0x00,0x00,0x00,0x00,0x00,0x00,0x00,0x00,0x00,0x00,0x00,0x00,0x00,0x00,0x00,0x00,0x00,0x00,0x00,0x00,0x00,0x00,0x00,0x00,0x00,0x00,
0x00,0x00,0x00,0x00,0x00,0x00,0x00,0x00,0x00,0x00,0x00,0x00,0x00,0x00,0x00,0x00,0x00,0x00,0x00,0x00,0x00,0x00,0x00,0x00,0x00,0x00,0x00,0x00,0x00,0x00,0x00,0x00,
0x21,0x24,0x21,0x24,0x21,0x24,0x29,0x45,0x29,0x45,0x49,0x4C,0xD5,0x3C,0xFF,0xDF,0xE6,0x5E,0x8A,0xD7,0x39,0x0B,0x18,0x66,0x18,0xA7,0x18,0xA8,0x10,0x86,0x08,0x44,
0x08,0x43,0x08,0x43,0x08,0x43,0x00,0x43,0x08,0x43,0x08,0x43,0x08,0x43,0x08,0x43,0x00,0x43,0x00,0x43,0x00,0x43,0x08,0x43,0x00,0x43,0x08,0x43,0x00,0x43,0x00,0x43,
0x08,0x85,0x08,0xA5,0x00,0x43,0x00,0x43,0x08,0x43,0x00,0x43,0x00,0x43,0x00,0x43,0x08,0x43,0x00,0x43,0x08,0x43,0x08,0x43,0x00,0x43,0x00,0x43,0x00,0x43,0x08,0x43,
0x00,0x43,0x08,0x43,0x00,0x23,0x08,0x64,0x08,0xA6,0x00,0x64,0x00,0x43,0x08,0x43,0x00,0x43,0x00,0x43,0x00,0x43,0x00,0x43,0x00,0x43,0x00,0x43,0x00,0x43,0x08,0x43,
0x00,0x43,0x00,0x43,0x08,0x43,0x00,0x43,0x00,0x43,0x08,0x43,0x00,0x43,0x08,0xA5,0x08,0x85,0x00,0x43,0x08,0x43,0x08,0x43,0x08,0x43,0x00,0x43,0x00,0x43,0x00,0x43,
0x00,0x43,0x00,0x43,0x00,0x43,0x00,0x43,0x00,0x43,0x00,0x43,0x00,0x64,0x00,0x84,0x00,0xA4,0x00,0xE5,0x01,0x47,0x0A,0x0A,0x0A,0x4B,0x0A,0xAD,0x13,0xD1,0x7F,0x9E,
0x5E,0xBB,0x03,0x4F,0x0A,0xED,0x0A,0x2B,0x09,0x88,0x09,0x27,0x08,0xE6,0x08,0xC6,0x10,0xA7,0x18,0xA9,0x28,0xCB,0x30,0xEE,0x40,0xD2,0x93,0x18,0xFE,0x3F,0x72,0x16,
0x38,0xF1,0x30,0xCD,0x20,0xAA,0x18,0x88,0x18,0x88,0x18,0x88,0x20,0xAA,0x28,0xCC,0x41,0x10,0x49,0x12,0xA3,0x9A,0xFE,0x3F,0x61,0xD4,0x39,0x31,0x29,0x4F,0x22,0x0F,
0x1A,0x8F,0x12,0xEF,0x34,0xD5,0x8F,0xFF,0x3D,0x56,0x0B,0x2F,0x12,0x8C,0x09,0xE9,0x09,0xA8,0x09,0xA8,0x0A,0x0A,0x0A,0xAC,0x03,0x2E,0x4E,0x19,0x87,0xBF,0x14,0x11,
0x0B,0x0E,0x0A,0xCD,0x09,0xE9,0x09,0xA8,0x09,0xE9,0x0A,0x6B,0x0B,0x0E,0x24,0xB4,0x97,0xFF,0x3D,0x36,0x0A,0xEE,0x12,0x4D,0x11,0xAB,0x19,0x4A,0x21,0x2B,0x31,0x2F,
0x38,0xF2,0xA3,0xD9,0xFE,0x9F,0x6A,0x36,0x38,0xF1,0x28,0xCC,0x18,0x89,0x18,0x68,0x18,0x68,0x20,0x8A,0x28,0xCD,0x38,0xB0,0x69,0xF5,0xFE,0x9F,0x93,0x17,0x38,0xB0,
0x38,0xEE,0x28,0xAA,0x20,0x88,0x28,0x66,0x28,0x66,0x38,0x86,0x59,0x0A,0x68,0x88,0x91,0x4C,0xFD,0xDE,0xC3,0x33,0x70,0x67,0x60,0xA7,0x48,0x65,0x30,0x65,0x28,0x64,
0x20,0x44,0x20,0x44,0x28,0x44,0x38,0x65,0x50,0x86,0x68,0xA7,0x70,0x87,0xD3,0x75,0xFD,0x3E,0xA1,0x8E,0x70,0x67,0x58,0x66,0x40,0x65,0x30,0x64,0x20,0x44,0x18,0x44,
0x10,0x43,0x08,0x43,0x08,0x43,0x08,0x43,0x08,0x43,0x00,0x43,0x00,0x43,0x00,0x43,0x00,0x43,0x00,0x43,0x08,0x43,0x00,0x43,0x08,0x85,0x08,0x64,0x00,0x23,0x00,0x43,
0x00,0x43,0x00,0x43,0x00,0x43,0x00,0x43,0x00,0x43,0x00,0x43,0x00,0x43,0x00,0x43,0x00,0x43,0x00,0x43,0x00,0x43,0x00,0x43,0x00,0x43,0x00,0x43,0x00,0x23,0x08,0x64,
0x08,0xA5,0x00,0x43,0x00,0x23,0x00,0x43,0x00,0x43,0x00,0x23,0x00,0x43,0x00,0x43,0x00,0x43,0x00,0x43,0x00,0x43,0x00,0x43,0x00,0x43,0x00,0x43,0x00,0x43,0x00,0x43,
0x08,0x43,0x00,0x43,0x00,0x43,0x08,0x85,0x08,0x64,0x00,0x23,0x00,0x43,0x00,0x43,0x00,0x43,0x00,0x43,0x00,0x43,0x00,0x43,0x00,0x43,0x08,0x43,0x08,0x43,0x08,0x64,
0x10,0x44,0x10,0x64,0x18,0x65,0x18,0x66,0x18,0x65,0x30,0xCB,0x8A,0xB7,0xE6,0x7E,0xFF,0xFF,0xD5,0x7D,0x51,0xAE,0x29,0x45,0x29,0x45,0x21,0x24,0x21,0x24,0x18,0xE3,
0x00,0x00,0x00,0x00,0x00,0x00,0x00,0x00,0x00,0x00,0x00,0x00,0x00,0x00,0x00,0x00,0x00,0x00,0x00,0x00,0x00,0x00,0x00,0x00,0x00,0x00,0x00,0x00,0x00,0x00,0x00,0x00,
0x00,0x00,0x00,0x00,0x00,0x00,0x00,0x00,0x00,0x00,0x00,0x00,0x00,0x00,0x00,0x00,0x00,0x00,0x00,0x00,0x00,0x00,0x00,0x00,0x00,0x00,0x00,0x00,0x00,0x00,0x00,0x00,
0x21,0x24,0x21,0x24,0x21,0x24,0x29,0x45,0x29,0x45,0x49,0x4C,0xD5,0x3C,0xFF,0xDF,0xEE,0x5E,0x92,0xD7,0x39,0x0C,0x20,0xC8,0x18,0xA8,0x10,0x45,0x08,0x44,0x08,0x44,
0x08,0x44,0x00,0x43,0x08,0x43,0x00,0x43,0x00,0x43,0x00,0x43,0x00,0x43,0x00,0x43,0x00,0x43,0x00,0x43,0x00,0x43,0x00,0x43,0x00,0x43,0x00,0x23,0x00,0x64,0x08,0xA5,
0x08,0x64,0x00,0x43,0x00,0x43,0x00,0x43,0x00,0x43,0x00,0x43,0x00,0x43,0x00,0x43,0x00,0x43,0x00,0x43,0x00,0x43,0x00,0x43,0x00,0x43,0x00,0x43,0x00,0x43,0x00,0x43,
0x00,0x43,0x00,0x23,0x08,0x64,0x08,0xA5,0x00,0x43,0x00,0x43,0x00,0x43,0x00,0x43,0x00,0x43,0x00,0x43,0x00,0x43,0x00,0x43,0x00,0x43,0x00,0x43,0x00,0x43,0x00,0x43,
0x00,0x43,0x00,0x43,0x00,0x43,0x00,0x43,0x00,0x43,0x00,0x23,0x08,0x85,0x08,0x85,0x00,0x43,0x00,0x43,0x00,0x43,0x00,0x43,0x00,0x43,0x00,0x43,0x00,0x43,0x00,0x43,
0x00,0x43,0x00,0x43,0x00,0x43,0x00,0x43,0x00,0x43,0x00,0x63,0x00,0x84,0x00,0xA4,0x00,0xC5,0x01,0x06,0x09,0xC9,0x0A,0x2B,0x0A,0x8C,0x03,0x2E,0x56,0x3A,0x8F,0xFF,
0x1C,0x73,0x02,0xED,0x0A,0x6C,0x01,0xC9,0x09,0x47,0x09,0x07,0x08,0xC6,0x08,0xC7,0x10,0xC8,0x18,0xCA,0x28,0xCC,0x38,0xF0,0x49,0x13,0xDD,0x3D,0xD4,0xDD,0x48,0xF3,
0x38,0xEF,0x28,0xCC,0x20,0xA9,0x18,0x88,0x10,0x87,0x18,0x89,0x20,0xAA,0x30,0xCD,0x41,0x11,0x51,0x33,0xD4,0xFD,0xE5,0x7D,0x49,0x53,0x39,0x71,0x29,0x6F,0x22,0x4F,
0x1A,0x8E,0x12,0xEF,0x45,0x98,0x8F,0xFF,0x2C,0xB4,0x0B,0x0E,0x0A,0x6C,0x09,0xE9,0x01,0xA8,0x01,0xC8,0x0A,0x2A,0x0A,0xCD,0x03,0x4F,0x56,0x5A,0x87,0x9F,0x0B,0xF1,
0x0B,0x0E,0x0A,0xCD,0x01,0xE9,0x01,0xA8,0x09,0xE9,0x0A,0x6B,0x0B,0x0E,0x1C,0x73,0x97,0xFF,0x45,0x98,0x02,0xEE,0x12,0x6D,0x11,0xAB,0x19,0x4A,0x21,0x0B,0x31,0x2E,
0x38,0xF1,0x7A,0xB6,0xFE,0xFF,0x8B,0x38,0x38,0xF2,0x28,0xCD,0x20,0x8A,0x18,0x88,0x10,0x67,0x18,0x89,0x28,0xAB,0x38,0xF0,0x48,0xF2,0xE5,0x9E,0xD4,0xFC,0x40,0xD1,
0x38,0xEF,0x28,0xAC,0x20,0x88,0x20,0x67,0x28,0x66,0x28,0x45,0x40,0xA8,0x60,0xE9,0x70,0x67,0xDB,0xF7,0xFD,0x7D,0x89,0x0A,0x70,0x87,0x50,0x86,0x38,0x65,0x28,0x65,
0x20,0x44,0x20,0x44,0x20,0x44,0x28,0x64,0x40,0x65,0x58,0x86,0x68,0x87,0x80,0xEA,0xF4,0xFC,0xE4,0x5A,0x88,0xEA,0x68,0x87,0x50,0x66,0x38,0x65,0x28,0x64,0x18,0x44,
0x10,0x44,0x10,0x43,0x08,0x43,0x08,0x43,0x00,0x23,0x00,0x23,0x00,0x23,0x00,0x23,0x00,0x23,0x00,0x23,0x00,0x23,0x00,0x23,0x00,0x23,0x08,0x85,0x00,0x44,0x00,0x22,
0x00,0x23,0x00,0x23,0x00,0x23,0x00,0x23,0x00,0x23,0x00,0x23,0x00,0x43,0x00,0x23,0x00,0x43,0x00,0x43,0x00,0x43,0x00,0x23,0x00,0x23,0x00,0x43,0x00,0x23,0x00,0x23,
0x00,0x44,0x08,0x85,0x00,0x44,0x00,0x22,0x00,0x23,0x00,0x23,0x00,0x23,0x00,0x43,0x00,0x43,0x00,0x23,0x00,0x43,0x00,0x23,0x00,0x23,0x00,0x23,0x00,0x23,0x00,0x43,
0x00,0x43,0x00,0x43,0x00,0x23,0x00,0x23,0x08,0x64,0x08,0x85,0x00,0x43,0x00,0x23,0x00,0x43,0x00,0x43,0x00,0x23,0x00,0x43,0x00,0x23,0x08,0x43,0x08,0x43,0x08,0x43,
0x08,0x44,0x10,0x44,0x10,0x45,0x18,0x65,0x18,0x45,0x30,0xCA,0x8A,0xB7,0xEE,0x7F,0xFF,0xFF,0xD5,0x7D,0x51,0xAE,0x29,0x45,0x29,0x45,0x21,0x24,0x21,0x24,0x18,0xE3,
0x00,0x00,0x00,0x00,0x00,0x00,0x00,0x00,0x00,0x00,0x00,0x00,0x00,0x00,0x00,0x00,0x00,0x00,0x00,0x00,0x00,0x00,0x00,0x00,0x00,0x00,0x00,0x00,0x00,0x00,0x00,0x00,
0x00,0x00,0x00,0x00,0x00,0x00,0x00,0x00,0x00,0x00,0x00,0x00,0x00,0x00,0x00,0x00,0x00,0x00,0x00,0x00,0x00,0x00,0x00,0x00,0x00,0x00,0x00,0x00,0x00,0x00,0x00,0x00,
0x21,0x24,0x21,0x24,0x21,0x24,0x29,0x45,0x29,0x45,0x49,0x4D,0xD5,0x5C,0xFF,0xDF,0xE6,0x5E,0x8A,0xD7,0x49,0x6E,0x20,0xC9,0x18,0xA7,0x18,0x86,0x10,0x86,0x10,0x85,
0x08,0x85,0x08,0x85,0x08,0x85,0x08,0x85,0x08,0x85,0x08,0x85,0x08,0x85,0x08,0x85,0x08,0x85,0x08,0x85,0x08,0x85,0x08,0x85,0x08,0x85,0x10,0xC6,0x10,0xC6,0x08,0x85,
0x08,0x65,0x08,0x85,0x08,0x85,0x08,0x85,0x08,0x85,0x08,0x85,0x08,0x85,0x08,0x85,0x08,0x85,0x08,0x85,0x08,0x85,0x08,0x85,0x08,0x85,0x08,0x85,0x08,0x85,0x08,0x85,
0x08,0x85,0x08,0xC6,0x08,0xC6,0x08,0x85,0x08,0x85,0x08,0x85,0x08,0x85,0x08,0x85,0x08,0x85,0x08,0x85,0x08,0x84,0x08,0x85,0x08,0x85,0x08,0x85,0x08,0x85,0x08,0xA5,
0x08,0xA5,0x08,0x85,0x08,0x85,0x08,0xA5,0x08,0x85,0x08,0xC6,0x08,0xC6,0x08,0x85,0x08,0x85,0x08,0x85,0x08,0x85,0x08,0x84,0x08,0x84,0x08,0x84,0x08,0x84,0x08,0x84,
0x08,0x84,0x08,0x84,0x08,0x84,0x08,0x84,0x08,0xA5,0x08,0xA5,0x08,0xC5,0x09,0x06,0x09,0x47,0x09,0xA9,0x0A,0x4B,0x0A,0x8C,0x03,0x0E,0x24,0xD4,0x8F,0xFF,0x4E,0x39,
0x03,0x2F,0x12,0xED,0x0A,0x4B,0x09,0xA9,0x09,0x48,0x09,0x28,0x11,0x08,0x11,0x09,0x19,0x0A,0x29,0x0C,0x39,0x2F,0x41,0x12,0x7A,0x77,0xFE,0x5F,0x8A,0xD8,0x40,0xF2,
0x39,0x2F,0x28,0xEC,0x20,0xCA,0x18,0xC9,0x18,0xC9,0x20,0xEA,0x28,0xED,0x39,0x0F,0x49,0x33,0x69,0xB5,0xFE,0x1F,0xBC,0x7B,0x41,0x52,0x39,0xB1,0x29,0xB0,0x22,0x90,
0x1A,0xCF,0x13,0x50,0x56,0x7B,0x7F,0xBF,0x1C,0x32,0x13,0x2F,0x12,0xAC,0x0A,0x2A,0x09,0xE9,0x0A,0x0A,0x0A,0x8B,0x13,0x2E,0x0B,0xB0,0x5E,0x9B,0x87,0x9E,0x14,0x12,
0x0B,0x2F,0x12,0xEE,0x0A,0x2A,0x09,0xE9,0x0A,0x2A,0x0A,0xAC,0x0B,0x2E,0x14,0x32,0x8F,0xDF,0x4E,0x19,0x0B,0x50,0x1A,0xCE,0x1A,0x0C,0x19,0xAC,0x29,0x6C,0x31,0x6F,
0x41,0x52,0x61,0xD5,0xFE,0x9F,0xB4,0x5B,0x49,0x34,0x39,0x0F,0x28,0xCB,0x20,0xA9,0x20,0xA9,0x20,0xCA,0x28,0xEC,0x39,0x30,0x40,0xD2,0xAB,0xFA,0xFE,0x7F,0x69,0xD5,
0x41,0x11,0x38,0xEE,0x28,0xCA,0x28,0xA8,0x28,0x87,0x30,0x87,0x38,0xA8,0x59,0x2B,0x70,0xC9,0xA1,0xCE,0xFD,0xFF,0xC3,0x33,0x78,0xA8,0x60,0xE8,0x48,0xC7,0x30,0xA6,
0x28,0x86,0x20,0x85,0x20,0x85,0x28,0xA6,0x38,0xA7,0x48,0xC7,0x60,0xE8,0x68,0xA8,0xAA,0x50,0xFD,0xBF,0xC2,0xF3,0x80,0xC9,0x68,0xC8,0x48,0xC7,0x38,0xA7,0x28,0xA6,
0x20,0x85,0x18,0x85,0x10,0x85,0x10,0x84,0x08,0x84,0x08,0x84,0x08,0x84,0x08,0x84,0x08,0x84,0x08,0x84,0x08,0x84,0x08,0x84,0x08,0x64,0x08,0x65,0x08,0xC6,0x08,0x85,
0x08,0x64,0x08,0x64,0x08,0x64,0x08,0x84,0x08,0x84,0x08,0x84,0x08,0x84,0x08,0x84,0x08,0x84,0x08,0x84,0x08,0x84,0x08,0x84,0x08,0x64,0x08,0x84,0x08,0x84,0x08,0x85,
0x08,0x64,0x08,0x85,0x08,0xC6,0x08,0x85,0x08,0x64,0x08,0x84,0x08,0x84,0x08,0x84,0x08,0x84,0x08,0x84,0x08,0x84,0x08,0x85,0x08,0x84,0x08,0x84,0x08,0x84,0x08,0x84,
0x08,0x84,0x08,0x84,0x08,0x84,0x08,0x84,0x08,0x64,0x08,0x85,0x08,0xA6,0x08,0xA5,0x08,0x64,0x08,0x64,0x08,0x84,0x08,0x84,0x08,0x84,0x08,0x84,0x10,0x85,0x10,0x85,
0x10,0xA5,0x10,0xA6,0x18,0xA6,0x18,0xA7,0x20,0xA7,0x38,0xEB,0x8A,0xB7,0xEE,0x7F,0xFF,0xFF,0xD5,0x7D,0x51,0x8D,0x21,0x25,0x29,0x45,0x21,0x24,0x21,0x24,0x18,0xE3,
0x00,0x00,0x00,0x00,0x00,0x00,0x00,0x00,0x00,0x00,0x00,0x00,0x00,0x00,0x00,0x00,0x00,0x00,0x00,0x00,0x00,0x00,0x00,0x00,0x00,0x00,0x00,0x00,0x00,0x00,0x00,0x00,
0x00,0x00,0x00,0x00,0x00,0x00,0x00,0x00,0x00,0x00,0x00,0x00,0x00,0x00,0x00,0x00,0x00,0x00,0x00,0x00,0x00,0x00,0x00,0x00,0x00,0x00,0x00,0x00,0x00,0x00,0x00,0x00,
0x21,0x04,0x21,0x24,0x21,0x24,0x29,0x45,0x29,0x45,0x49,0x4D,0xD5,0x5D,0xFF,0xFF,0xE6,0x5E,0x8A,0xB7,0x38,0xEB,0x18,0x66,0x18,0x66,0x10,0x65,0x10,0x44,0x08,0x44,
0x08,0x43,0x08,0x43,0x00,0x43,0x00,0x43,0x00,0x43,0x00,0x43,0x00,0x43,0x00,0x43,0x00,0x43,0x00,0x43,0x00,0x43,0x00,0x64,0x08,0xA6,0x08,0x85,0x00,0x23,0x00,0x43,
0x00,0x43,0x00,0x43,0x00,0x43,0x00,0x43,0x00,0x43,0x00,0x43,0x00,0x43,0x00,0x43,0x00,0x43,0x00,0x43,0x00,0x43,0x00,0x43,0x00,0x43,0x08,0x43,0x00,0x43,0x00,0x43,
0x08,0xA6,0x08,0x85,0x00,0x43,0x00,0x43,0x00,0x43,0x00,0x43,0x00,0x43,0x00,0x43,0x00,0x43,0x00,0x43,0x00,0x43,0x00,0x43,0x00,0x43,0x00,0x43,0x00,0x43,0x00,0x43,
0x00,0x43,0x00,0x43,0x00,0x63,0x00,0x43,0x08,0xA5,0x08,0xA5,0x00,0x43,0x00,0x43,0x00,0x43,0x00,0x43,0x00,0x43,0x00,0x43,0x00,0x43,0x00,0x43,0x00,0x43,0x00,0x43,
0x00,0x43,0x00,0x43,0x00,0x43,0x00,0x63,0x00,0x63,0x00,0x84,0x00,0xA4,0x00,0xE5,0x01,0x47,0x0A,0x0A,0x02,0x2A,0x0A,0xCD,0x0B,0x90,0x6E,0xFC,0x7F,0x9E,0x13,0xF2,
0x0A,0xEE,0x0A,0x4B,0x09,0xA9,0x09,0x27,0x08,0xC6,0x08,0xA6,0x08,0xA7,0x10,0xA8,0x18,0xA9,0x28,0xCB,0x39,0x0F,0x49,0x14,0xC4,0xBC,0xE5,0x9F,0x59,0x54,0x38,0xF0,
0x28,0xCD,0x20,0xAA,0x18,0x88,0x10,0x87,0x10,0x87,0x18,0x88,0x20,0xCB,0x38,0xEF,0x40,0xF2,0x8A,0xB7,0xFE,0xBF,0x8B,0x38,0x39,0x11,0x31,0x6F,0x21,0xCF,0x1A,0x6F,
0x12,0xAE,0x13,0x71,0x6E,0xFD,0x6F,0x5D,0x13,0xB1,0x12,0xED,0x0A,0x2A,0x09,0xC8,0x01,0x88,0x09,0xC8,0x0A,0x4A,0x0A,0xED,0x0B,0x90,0x5E,0xBB,0x7F,0x7E,0x0B,0xF1,
0x0A,0xEE,0x0A,0xCD,0x01,0xC9,0x01,0x88,0x09,0xC9,0x0A,0x2B,0x0A,0xCD,0x0B,0xF1,0x8F,0xBF,0x56,0x5A,0x0B,0x50,0x12,0xAE,0x11,0xEB,0x19,0x6A,0x19,0x2B,0x29,0x2D,
0x39,0x30,0x49,0x33,0xE5,0xBE,0xD5,0x7D,0x49,0x74,0x30,0xEF,0x20,0xAB,0x18,0x88,0x18,0x88,0x18,0x88,0x20,0xAA,0x30,0xCE,0x38,0xB1,0x72,0x36,0xFE,0xDF,0x9B,0x38,
0x40,0xB1,0x38,0xEE,0x28,0x8A,0x20,0x88,0x20,0x66,0x28,0x66,0x30,0x46,0x48,0xC9,0x69,0x0A,0x78,0x89,0xE4,0x38,0xFD,0x7C,0x89,0x0A,0x68,0x87,0x50,0x86,0x38,0x65,
0x28,0x44,0x20,0x44,0x18,0x44,0x20,0x44,0x28,0x64,0x38,0x65,0x48,0x86,0x68,0xA7,0x78,0xA8,0xDC,0x17,0xFD,0x9D,0xA1,0xAD,0x78,0xA8,0x58,0xA7,0x40,0x66,0x30,0x65,
0x20,0x44,0x18,0x43,0x10,0x43,0x08,0x43,0x08,0x43,0x08,0x43,0x00,0x43,0x00,0x43,0x00,0x43,0x00,0x43,0x00,0x43,0x00,0x43,0x00,0x43,0x00,0x43,0x00,0x43,0x08,0xA6,
0x00,0x64,0x00,0x43,0x00,0x43,0x00,0x43,0x00,0x43,0x00,0x43,0x00,0x43,0x00,0x43,0x00,0x43,0x00,0x43,0x00,0x43,0x00,0x43,0x00,0x43,0x00,0x43,0x00,0x43,0x00,0x43,
0x00,0x43,0x00,0x43,0x00,0x43,0x08,0xA5,0x08,0x85,0x00,0x43,0x00,0x43,0x00,0x43,0x00,0x43,0x00,0x43,0x00,0x43,0x00,0x43,0x00,0x43,0x00,0x43,0x00,0x43,0x00,0x43,
0x00,0x43,0x00,0x43,0x00,0x43,0x00,0x43,0x00,0x43,0x00,0x43,0x00,0x43,0x08,0x85,0x08,0x85,0x00,0x43,0x00,0x43,0x08,0x43,0x08,0x43,0x08,0x43,0x08,0x43,0x08,0x63,
0x08,0x63,0x10,0x64,0x10,0x65,0x18,0x66,0x18,0x85,0x30,0xCA,0x8A,0x97,0xEE,0x7E,0xFF,0xFF,0xD5,0x7D,0x51,0x8D,0x21,0x25,0x21,0x24,0x21,0x24,0x21,0x24,0x18,0xE3,
0x00,0x00,0x00,0x00,0x00,0x00,0x00,0x00,0x00,0x00,0x00,0x00,0x00,0x00,0x00,0x00,0x00,0x00,0x00,0x00,0x00,0x00,0x00,0x00,0x00,0x00,0x00,0x00,0x00,0x00,0x00,0x00,
0x00,0x00,0x00,0x00,0x00,0x00,0x00,0x00,0x00,0x00,0x00,0x00,0x00,0x00,0x00,0x00,0x00,0x00,0x00,0x00,0x00,0x00,0x00,0x00,0x00,0x00,0x00,0x00,0x00,0x00,0x00,0x00,
0x21,0x04,0x21,0x24,0x21,0x24,0x29,0x45,0x29,0x45,0x49,0x4D,0xD5,0x3D,0xFF,0xDF,0xEE,0x5E,0x8A,0xD7,0x39,0x0B,0x18,0x66,0x18,0x65,0x10,0x45,0x10,0x44,0x08,0x43,
0x08,0x43,0x08,0x43,0x00,0x43,0x00,0x23,0x00,0x23,0x00,0x23,0x00,0x23,0x00,0x43,0x00,0x43,0x00,0x23,0x08,0x64,0x08,0xA5,0x00,0x43,0x00,0x22,0x00,0x42,0x00,0x42,
0x00,0x42,0x00,0x22,0x00,0x43,0x00,0x43,0x00,0x43,0x00,0x43,0x00,0x43,0x00,0x43,0x00,0x23,0x00,0x43,0x00,0x43,0x00,0x43,0x00,0x43,0x00,0x23,0x00,0x43,0x08,0xA5,
0x08,0x64,0x00,0x22,0x00,0x43,0x00,0x23,0x00,0x43,0x00,0x43,0x00,0x43,0x00,0x23,0x00,0x43,0x00,0x43,0x00,0x43,0x00,0x43,0x00,0x43,0x00,0x43,0x00,0x43,0x00,0x43,
0x00,0x43,0x08,0x43,0x00,0x43,0x08,0x85,0x08,0xA5,0x00,0x22,0x00,0x43,0x00,0x43,0x00,0x43,0x00,0x23,0x00,0x43,0x00,0x23,0x00,0x23,0x00,0x23,0x00,0x23,0x00,0x22,
0x00,0x43,0x00,0x43,0x00,0x43,0x00,0x43,0x00,0x63,0x00,0xA4,0x00,0xC5,0x01,0x06,0x09,0xA9,0x02,0x0A,0x0A,0x6C,0x03,0x0E,0x35,0x56,0x97,0xFF,0x3D,0x77,0x03,0x2F,
0x0A,0xAC,0x09,0xE9,0x09,0x67,0x09,0x06,0x08,0xC6,0x08,0xA6,0x08,0xA6,0x18,0xA8,0x20,0xAA,0x30,0xCD,0x40,0xF2,0x72,0x17,0xFE,0x7F,0xAB,0xDA,0x40,0xD3,0x38,0xEF,
0x28,0xAB,0x18,0x89,0x10,0x87,0x10,0x86,0x10,0x87,0x18,0x89,0x28,0xCB,0x39,0x10,0x40,0xF3,0xB4,0x1A,0xFE,0x7F,0x6A,0x35,0x39,0x51,0x29,0x6F,0x22,0x0F,0x1A,0x6E,
0x12,0xAE,0x1B,0xD2,0x7F,0x9F,0x5E,0x9B,0x0B,0x70,0x12,0xCD,0x0A,0x0A,0x09,0xA8,0x09,0x87,0x09,0xA8,0x0A,0x4A,0x0A,0xED,0x0B,0x8F,0x66,0xDB,0x77,0x5E,0x0B,0xD1,
0x0A,0xEE,0x0A,0xAD,0x01,0xC9,0x09,0x88,0x09,0xA8,0x0A,0x2A,0x0A,0xCD,0x0B,0xB0,0x7F,0x7E,0x5E,0xBC,0x0B,0x70,0x12,0xAE,0x11,0xEC,0x11,0x6A,0x19,0x2A,0x21,0x0C,
0x39,0x30,0x40,0xF2,0xBC,0x7B,0xF6,0x3F,0x59,0xD5,0x38,0xF0,0x28,0xAB,0x18,0x89,0x18,0x87,0x18,0x88,0x20,0x89,0x28,0xAC,0x38,0xD1,0x51,0x33,0xED,0xFE,0xD4,0xFC,
0x48,0xD2,0x38,0xEF,0x28,0xAB,0x20,0x88,0x20,0x66,0x20,0x46,0x30,0x46,0x40,0x67,0x61,0x0B,0x70,0x88,0xAA,0x0F,0xFE,0x1F,0xC2,0xF2,0x78,0x67,0x60,0xA7,0x40,0x65,
0x30,0x44,0x20,0x44,0x18,0x43,0x18,0x43,0x20,0x44,0x30,0x44,0x40,0x65,0x58,0x87,0x78,0xA7,0x99,0x6B,0xFD,0x7D,0xE4,0x38,0x88,0xEA,0x70,0xA7,0x50,0x66,0x38,0x65,
0x28,0x44,0x20,0x43,0x10,0x23,0x10,0x23,0x08,0x42,0x08,0x22,0x08,0x22,0x08,0x22,0x00,0x43,0x00,0x22,0x00,0x22,0x00,0x42,0x00,0x22,0x00,0x23,0x00,0x22,0x00,0x43,
0x08,0xA6,0x00,0x64,0x00,0x22,0x00,0x43,0x00,0x43,0x00,0x23,0x00,0x23,0x00,0x43,0x00,0x23,0x00,0x43,0x00,0x42,0x00,0x23,0x00,0x22,0x00,0x23,0x00,0x23,0x00,0x23,
0x00,0x23,0x00,0x22,0x00,0x42,0x00,0x23,0x08,0x65,0x08,0xA5,0x00,0x43,0x00,0x42,0x00,0x43,0x00,0x43,0x00,0x43,0x00,0x42,0x00,0x42,0x00,0x42,0x00,0x43,0x00,0x42,
0x00,0x42,0x00,0x42,0x00,0x42,0x00,0x43,0x00,0x22,0x00,0x42,0x00,0x42,0x00,0x22,0x08,0x43,0x08,0xA5,0x08,0x64,0x00,0x22,0x00,0x42,0x08,0x42,0x08,0x43,0x08,0x43,
0x08,0x43,0x10,0x44,0x10,0x44,0x18,0x65,0x18,0x65,0x30,0xCA,0x8A,0x97,0xEE,0x7E,0xFF,0xFF,0xD5,0x7D,0x51,0x8D,0x21,0x24,0x21,0x24,0x21,0x24,0x21,0x24,0x18,0xC3,
0x00,0x00,0x00,0x00,0x00,0x00,0x00,0x00,0x00,0x00,0x00,0x00,0x00,0x00,0x00,0x00,0x00,0x00,0x00,0x00,0x00,0x00,0x00,0x00,0x00,0x00,0x00,0x00,0x00,0x00,0x00,0x00,
0x00,0x00,0x00,0x00,0x00,0x00,0x00,0x00,0x00,0x00,0x00,0x00,0x00,0x00,0x00,0x00,0x00,0x00,0x00,0x00,0x00,0x00,0x00,0x00,0x00,0x00,0x00,0x00,0x00,0x00,0x00,0x00,
0x21,0x04,0x21,0x24,0x21,0x24,0x29,0x45,0x29,0x45,0x49,0x4D,0xD5,0x3D,0xFF,0xDF,0xEE,0x5E,0x8A,0xB7,0x38,0xEB,0x18,0x66,0x18,0x66,0x10,0x45,0x10,0x44,0x08,0x43,
0x08,0x43,0x08,0x43,0x00,0x43,0x00,0x43,0x00,0x23,0x00,0x43,0x00,0x43,0x00,0x22,0x00,0x43,0x08,0xA5,0x08,0x84,0x00,0x43,0x00,0x43,0x00,0x43,0x00,0x42,0x00,0x43,
0x00,0x43,0x00,0x43,0x00,0x42,0x00,0x43,0x00,0x43,0x00,0x43,0x00,0x43,0x00,0x43,0x00,0x23,0x00,0x43,0x00,0x43,0x00,0x43,0x00,0x22,0x00,0x64,0x08,0xC5,0x00,0x64,
0x00,0x23,0x00,0x43,0x00,0x43,0x00,0x42,0x00,0x43,0x00,0x43,0x00,0x43,0x00,0x23,0x00,0x43,0x00,0x43,0x00,0x43,0x00,0x43,0x00,0x43,0x00,0x43,0x00,0x43,0x00,0x43,
0x08,0x43,0x00,0x43,0x08,0x85,0x08,0xA5,0x00,0x43,0x00,0x43,0x00,0x43,0x00,0x43,0x00,0x43,0x00,0x23,0x00,0x23,0x00,0x23,0x00,0x23,0x00,0x43,0x00,0x23,0x00,0x42,
0x00,0x43,0x00,0x43,0x00,0x63,0x00,0x63,0x00,0x84,0x00,0xA4,0x00,0xC5,0x09,0x67,0x09,0xE9,0x02,0x2A,0x0A,0xED,0x13,0xF1,0x7F,0x9E,0x6F,0x1C,0x0B,0xB1,0x0B,0x0E,
0x0A,0x4B,0x09,0x88,0x09,0x27,0x08,0xC6,0x08,0xA6,0x08,0xA6,0x10,0xA7,0x18,0xA9,0x28,0xCB,0x38,0xEF,0x40,0xF3,0xB4,0x1B,0xFE,0x7F,0x69,0xF6,0x40,0xF1,0x30,0xCD,
0x20,0xAA,0x18,0x88,0x10,0x87,0x10,0x86,0x18,0x87,0x18,0xA9,0x28,0xCC,0x41,0x10,0x51,0x33,0xE5,0x5D,0xDD,0x7E,0x51,0x93,0x39,0x71,0x29,0x6F,0x22,0x50,0x12,0x6E,
0x12,0xCF,0x24,0x54,0x8F,0xFF,0x4D,0xF9,0x0B,0x2F,0x12,0xAC,0x09,0xE9,0x09,0x88,0x09,0x87,0x01,0xC8,0x0A,0x4A,0x0A,0xED,0x0B,0xB0,0x6F,0x1C,0x77,0x3D,0x0B,0xB1,
0x0A,0xEE,0x0A,0xAD,0x01,0xC9,0x09,0x87,0x09,0xA8,0x0A,0x2A,0x0A,0xCD,0x0B,0x90,0x77,0x3D,0x6F,0x1D,0x0B,0x90,0x12,0xCE,0x12,0x0C,0x11,0x8A,0x19,0x2A,0x21,0x0C,
0x31,0x2F,0x38,0xF2,0x9B,0x59,0xFE,0xBF,0x72,0x97,0x38,0xF1,0x28,0xAC,0x20,0x89,0x18,0x88,0x18,0x68,0x18,0x89,0x28,0xAB,0x38,0xF0,0x40,0xD2,0xB4,0x5B,0xFE,0x7F,
0x61,0x94,0x38,0xD0,0x30,0xAC,0x20,0x89,0x20,0x67,0x20,0x66,0x28,0x66,0x38,0x66,0x50,0xEA,0x71,0x0A,0x80,0xA9,0xEC,0xBA,0xF5,0x3B,0x88,0xE9,0x70,0x87,0x50,0x66,
0x38,0x65,0x28,0x44,0x20,0x44,0x18,0x43,0x20,0x43,0x28,0x44,0x38,0x65,0x50,0x86,0x68,0xA7,0x78,0x87,0xC2,0xD1,0xFD,0xFF,0xC2,0xD2,0x80,0xC9,0x60,0x87,0x48,0x65,
0x30,0x44,0x20,0x44,0x18,0x23,0x10,0x23,0x10,0x22,0x08,0x42,0x08,0x22,0x00,0x22,0x00,0x42,0x00,0x42,0x00,0x22,0x00,0x22,0x00,0x42,0x00,0x43,0x00,0x42,0x00,0x22,
0x00,0x43,0x08,0xA6,0x00,0x44,0x00,0x22,0x00,0x43,0x00,0x43,0x00,0x42,0x00,0x42,0x00,0x23,0x00,0x43,0x00,0x23,0x00,0x23,0x00,0x23,0x00,0x43,0x00,0x22,0x00,0x22,
0x00,0x22,0x00,0x42,0x00,0x43,0x00,0x43,0x00,0x22,0x08,0x64,0x08,0xA5,0x00,0x43,0x00,0x22,0x00,0x43,0x00,0x43,0x00,0x43,0x00,0x42,0x00,0x23,0x00,0x23,0x00,0x42,
0x00,0x42,0x00,0x22,0x00,0x42,0x00,0x22,0x00,0x22,0x00,0x42,0x00,0x42,0x00,0x42,0x00,0x22,0x00,0x43,0x08,0x85,0x08,0x85,0x00,0x43,0x08,0x22,0x08,0x43,0x08,0x43,
0x08,0x43,0x10,0x64,0x10,0x65,0x18,0x66,0x18,0x66,0x30,0xCB,0x8A,0xB7,0xEE,0x7E,0xFF,0xFF,0xD5,0x7D,0x51,0x8D,0x21,0x24,0x21,0x24,0x21,0x04,0x21,0x24,0x18,0xC3,
0x00,0x00,0x00,0x00,0x00,0x00,0x00,0x00,0x00,0x00,0x00,0x00,0x00,0x00,0x00,0x00,0x00,0x00,0x00,0x00,0x00,0x00,0x00,0x00,0x00,0x00,0x00,0x00,0x00,0x00,0x00,0x00,
0x00,0x00,0x00,0x00,0x00,0x00,0x00,0x00,0x00,0x00,0x00,0x00,0x00,0x00,0x00,0x00,0x00,0x00,0x00,0x00,0x00,0x00,0x00,0x00,0x00,0x00,0x00,0x00,0x00,0x00,0x00,0x00,
0x21,0x04,0x21,0x24,0x21,0x24,0x29,0x45,0x29,0x45,0x49,0x4D,0xD5,0x5D,0xFF,0xDF,0xEE,0x5E,0x92,0xD7,0x38,0xEB,0x18,0x65,0x18,0x65,0x10,0x45,0x10,0x44,0x08,0x43,
0x08,0x43,0x00,0x43,0x00,0x42,0x00,0x42,0x00,0x42,0x00,0x22,0x00,0x22,0x08,0x84,0x08,0xA5,0x00,0x43,0x00,0x22,0x00,0x43,0x00,0x43,0x00,0x42,0x00,0x43,0x00,0x42,
0x00,0x43,0x00,0x43,0x00,0x43,0x00,0x43,0x00,0x23,0x00,0x43,0x00,0x43,0x00,0x43,0x00,0x43,0x00,0x43,0x00,0x43,0x00,0x22,0x08,0x84,0x08,0xA5,0x00,0x43,0x00,0x42,
0x00,0x43,0x00,0x43,0x00,0x43,0x00,0x22,0x00,0x43,0x00,0x43,0x00,0x42,0x00,0x43,0x00,0x43,0x00,0x43,0x00,0x43,0x00,0x43,0x00,0x43,0x00,0x43,0x00,0x43,0x00,0x43,
0x00,0x43,0x08,0x84,0x08,0xC5,0x00,0x43,0x00,0x43,0x00,0x43,0x00,0x43,0x00,0x43,0x00,0x23,0x00,0x42,0x00,0x42,0x00,0x42,0x00,0x43,0x00,0x42,0x00,0x42,0x00,0x43,
0x00,0x43,0x00,0x43,0x00,0x63,0x00,0x83,0x00,0xA4,0x00,0xC4,0x01,0x26,0x09,0xC9,0x01,0xE9,0x0A,0x8C,0x03,0x2F,0x4E,0x19,0x97,0xFF,0x2C,0xF5,0x0B,0x2F,0x0A,0x8C,
0x09,0xE9,0x09,0x47,0x08,0xE6,0x08,0xC6,0x08,0xA6,0x10,0xA6,0x10,0xA8,0x20,0xAA,0x28,0xCD,0x38,0xF1,0x61,0x95,0xEE,0x1F,0xCC,0xFC,0x48,0xF3,0x38,0xF0,0x28,0xAC,
0x20,0x89,0x18,0x87,0x10,0x67,0x10,0x86,0x18,0x88,0x20,0xAA,0x30,0xED,0x40,0xF1,0x69,0xD5,0xFE,0x3F,0xB4,0x3A,0x41,0x52,0x39,0x70,0x29,0x8F,0x22,0x50,0x12,0x6E,
0x12,0xEF,0x3C,0xF6,0x97,0xFF,0x3D,0x56,0x0B,0x0E,0x0A,0x8C,0x09,0xE9,0x09,0x87,0x09,0x67,0x09,0xA8,0x0A,0x4A,0x0A,0xED,0x0B,0xB0,0x6F,0x3D,0x77,0x3D,0x0B,0xB0,
0x0A,0xEE,0x0A,0xAD,0x01,0xA8,0x09,0x67,0x09,0xA8,0x0A,0x0A,0x0A,0xCD,0x0B,0x6F,0x6E,0xFC,0x77,0x7E,0x0B,0xD1,0x12,0xCE,0x12,0x0C,0x11,0x8A,0x19,0x2A,0x21,0x0B,
0x31,0x0E,0x38,0xF1,0x7A,0x77,0xFE,0xBF,0x9B,0x79,0x41,0x12,0x30,0xCE,0x20,0xAA,0x18,0x88,0x18,0x88,0x18,0x89,0x20,0xAB,0x30,0xCE,0x38,0xD2,0x7A,0x96,0xFE,0xBF,
0x93,0x38,0x38,0x90,0x38,0xCE,0x28,0xAA,0x20,0x87,0x20,0x66,0x28,0x65,0x30,0x66,0x40,0x87,0x69,0x2B,0x70,0x88,0xB2,0x71,0xFE,0x3F,0xBA,0xB1,0x70,0x66,0x60,0x86,
0x40,0x65,0x30,0x44,0x20,0x44,0x18,0x43,0x18,0x43,0x20,0x44,0x30,0x64,0x40,0x65,0x58,0x86,0x70,0xA7,0x88,0xC8,0xE4,0x58,0xFD,0x5C,0xA1,0xCE,0x70,0xA8,0x58,0x66,
0x40,0x45,0x30,0x44,0x20,0x43,0x18,0x43,0x10,0x43,0x08,0x43,0x08,0x22,0x00,0x42,0x00,0x22,0x00,0x42,0x00,0x43,0x00,0x42,0x00,0x42,0x00,0x22,0x00,0x43,0x00,0x22,
0x00,0x22,0x00,0x43,0x08,0xA6,0x00,0x43,0x00,0x22,0x00,0x42,0x00,0x42,0x00,0x22,0x00,0x22,0x00,0x23,0x00,0x23,0x00,0x42,0x00,0x43,0x00,0x22,0x00,0x42,0x00,0x43,
0x00,0x42,0x00,0x42,0x00,0x43,0x00,0x43,0x00,0x42,0x00,0x22,0x00,0x43,0x08,0xA5,0x00,0x64,0x00,0x22,0x00,0x43,0x00,0x43,0x00,0x43,0x00,0x22,0x00,0x42,0x00,0x42,
0x00,0x22,0x00,0x42,0x00,0x22,0x00,0x42,0x00,0x42,0x00,0x42,0x00,0x22,0x00,0x42,0x00,0x42,0x00,0x42,0x00,0x22,0x08,0x64,0x08,0xA5,0x08,0x64,0x08,0x42,0x08,0x43,
0x08,0x43,0x10,0x64,0x10,0x65,0x18,0x66,0x18,0x66,0x30,0xCB,0x8A,0xB7,0xEE,0x5E,0xFF,0xFF,0xD5,0x7D,0x51,0x8D,0x21,0x24,0x21,0x24,0x21,0x04,0x21,0x24,0x18,0xC3,
0x00,0x00,0x00,0x00,0x00,0x00,0x00,0x00,0x00,0x00,0x00,0x00,0x00,0x00,0x00,0x00,0x00,0x00,0x00,0x00,0x00,0x00,0x00,0x00,0x00,0x00,0x00,0x00,0x00,0x00,0x00,0x00,
0x00,0x00,0x00,0x00,0x00,0x00,0x00,0x00,0x00,0x00,0x00,0x00,0x00,0x00,0x00,0x00,0x00,0x00,0x00,0x00,0x00,0x00,0x00,0x00,0x00,0x00,0x00,0x00,0x00,0x00,0x00,0x00,
0x21,0x04,0x21,0x24,0x21,0x04,0x21,0x44,0x29,0x45,0x49,0x4D,0xD5,0x3D,0xFF,0xDF,0xEE,0x5E,0x92,0xD7,0x38,0xEB,0x18,0x65,0x18,0x65,0x10,0x44,0x10,0x44,0x08,0x43,
0x08,0x43,0x08,0x43,0x00,0x22,0x00,0x42,0x00,0x22,0x00,0x43,0x08,0xA5,0x08,0x85,0x00,0x43,0x00,0x22,0x00,0x43,0x00,0x43,0x00,0x43,0x00,0x42,0x00,0x42,0x00,0x42,
0x00,0x42,0x00,0x42,0x00,0x43,0x00,0x43,0x00,0x43,0x00,0x43,0x00,0x42,0x00,0x42,0x00,0x42,0x00,0x43,0x00,0x22,0x08,0x85,0x08,0xA5,0x00,0x43,0x00,0x43,0x00,0x43,
0x00,0x43,0x00,0x43,0x00,0x43,0x00,0x43,0x00,0x23,0x00,0x43,0x00,0x43,0x00,0x43,0x00,0x43,0x00,0x43,0x00,0x43,0x00,0x43,0x00,0x43,0x00,0x43,0x00,0x43,0x00,0x43,
0x08,0x84,0x08,0xC6,0x00,0x43,0x00,0x43,0x00,0x43,0x00,0x43,0x00,0x43,0x00,0x23,0x00,0x43,0x00,0x42,0x00,0x42,0x00,0x23,0x00,0x42,0x00,0x22,0x00,0x42,0x00,0x43,
0x00,0x43,0x00,0x63,0x00,0x83,0x00,0xA4,0x00,0xC4,0x00,0xE5,0x09,0xA8,0x01,0xC9,0x0A,0x4B,0x0A,0xEE,0x1C,0x73,0x8F,0xFF,0x5E,0x9B,0x0B,0x90,0x0A,0xEE,0x0A,0x2B,
0x09,0xA8,0x09,0x27,0x08,0xE6,0x08,0xA5,0x08,0xA6,0x10,0xA7,0x18,0xA8,0x20,0xCB,0x30,0xEE,0x40,0xD2,0x93,0x38,0xFE,0xDF,0x8A,0xF8,0x40,0xD2,0x38,0xEE,0x28,0xAB,
0x18,0x88,0x18,0x67,0x10,0x66,0x10,0x87,0x18,0x88,0x20,0xAB,0x38,0xEF,0x40,0xD1,0x92,0xF8,0xFE,0x9F,0x8A,0xF7,0x39,0x31,0x31,0x4F,0x29,0xAF,0x1A,0x4F,0x12,0x8E,
0x0B,0x10,0x4D,0xD9,0x97,0xFF,0x2C,0xD4,0x0B,0x0E,0x0A,0x6B,0x09,0xC9,0x09,0x67,0x09,0x67,0x09,0xA8,0x0A,0x4A,0x12,0xED,0x13,0xD1,0x77,0x7E,0x6F,0x1C,0x0B,0xB0,
0x0A,0xEE,0x0A,0xCD,0x01,0xC8,0x09,0x67,0x09,0xA8,0x0A,0x0A,0x0A,0xCD,0x0B,0x4F,0x66,0x9B,0x7F,0xBF,0x14,0x12,0x0A,0xEE,0x0A,0x2C,0x11,0x8A,0x11,0x2A,0x19,0x0B,
0x29,0x0D,0x38,0xF1,0x59,0xB4,0xFE,0x5F,0xBC,0x9B,0x49,0x54,0x30,0xEF,0x20,0xAB,0x18,0x89,0x18,0x88,0x18,0x88,0x20,0x8A,0x30,0xCD,0x40,0xF1,0x51,0x53,0xED,0xDF,
0xD4,0xFD,0x48,0xF2,0x38,0xCF,0x28,0xAB,0x20,0x88,0x20,0x66,0x20,0x65,0x30,0x66,0x38,0x66,0x58,0xEA,0x71,0x0A,0x88,0xCA,0xF4,0xDA,0xF5,0x1B,0x88,0xC9,0x68,0x86,
0x50,0x65,0x38,0x44,0x28,0x44,0x18,0x43,0x18,0x43,0x18,0x43,0x28,0x44,0x38,0x64,0x48,0x65,0x60,0x86,0x78,0x87,0xA1,0xAC,0xFD,0x9D,0xE4,0x17,0x89,0x2B,0x68,0xA7,
0x50,0x65,0x38,0x44,0x28,0x44,0x20,0x43,0x10,0x43,0x10,0x43,0x08,0x23,0x08,0x42,0x08,0x43,0x00,0x42,0x00,0x43,0x00,0x43,0x00,0x22,0x00,0x42,0x00,0x22,0x00,0x43,
0x00,0x22,0x00,0x22,0x00,0x43,0x08,0xA6,0x00,0x43,0x00,0x22,0x00,0x42,0x00,0x42,0x00,0x22,0x00,0x22,0x00,0x23,0x00,0x23,0x00,0x42,0x00,0x42,0x00,0x42,0x00,0x42,
0x00,0x42,0x00,0x42,0x00,0x42,0x00,0x43,0x00,0x42,0x00,0x42,0x00,0x42,0x00,0x43,0x08,0xA5,0x08,0x84,0x00,0x23,0x00,0x43,0x00,0x43,0x00,0x43,0x00,0x42,0x00,0x42,
0x00,0x42,0x00,0x42,0x00,0x42,0x00,0x42,0x00,0x42,0x00,0x22,0x00,0x42,0x00,0x42,0x00,0x42,0x00,0x42,0x00,0x42,0x00,0x22,0x00,0x42,0x08,0x85,0x08,0xA5,0x08,0x43,
0x08,0x43,0x10,0x64,0x10,0x65,0x18,0x66,0x18,0x66,0x30,0xCB,0x8A,0xB7,0xEE,0x7E,0xFF,0xFF,0xD5,0x7D,0x51,0x8D,0x21,0x24,0x21,0x24,0x21,0x04,0x21,0x24,0x18,0xC3,
0x00,0x00,0x00,0x00,0x00,0x00,0x00,0x00,0x00,0x00,0x00,0x00,0x00,0x00,0x00,0x00,0x00,0x00,0x00,0x00,0x00,0x00,0x00,0x00,0x00,0x00,0x00,0x00,0x00,0x00,0x00,0x00,
0x00,0x00,0x00,0x00,0x00,0x00,0x00,0x00,0x00,0x00,0x00,0x00,0x00,0x00,0x00,0x00,0x00,0x00,0x00,0x00,0x00,0x00,0x00,0x00,0x00,0x00,0x00,0x00,0x00,0x00,0x00,0x00,
0x21,0x04,0x21,0x04,0x21,0x04,0x21,0x24,0x21,0x45,0x49,0x4D,0xD5,0x3D,0xFF,0xDF,0xEE,0x5F,0x8A,0xB7,0x38,0xEB,0x18,0x45,0x18,0x65,0x10,0x44,0x10,0x44,0x08,0x43,
0x08,0x23,0x08,0x43,0x00,0x22,0x00,0x22,0x08,0x64,0x08,0xA5,0x08,0x64,0x00,0x22,0x00,0x22,0x00,0x23,0x00,0x43,0x00,0x43,0x00,0x42,0x00,0x42,0x00,0x43,0x00,0x43,
0x00,0x42,0x00,0x43,0x00,0x43,0x00,0x42,0x00,0x43,0x00,0x43,0x00,0x42,0x00,0x42,0x00,0x43,0x00,0x43,0x08,0xA5,0x08,0xA5,0x00,0x43,0x00,0x43,0x00,0x43,0x00,0x43,
0x00,0x43,0x00,0x43,0x00,0x23,0x00,0x43,0x00,0x42,0x00,0x23,0x00,0x43,0x00,0x42,0x00,0x42,0x00,0x43,0x00,0x42,0x00,0x43,0x00,0x43,0x00,0x43,0x00,0x43,0x08,0x64,
0x10,0xC6,0x00,0x43,0x00,0x42,0x00,0x43,0x00,0x43,0x00,0x43,0x00,0x42,0x00,0x43,0x00,0x22,0x00,0x42,0x00,0x22,0x00,0x22,0x00,0x42,0x00,0x23,0x00,0x43,0x00,0x43,
0x00,0x43,0x00,0x63,0x00,0x83,0x00,0xA4,0x00,0xC5,0x09,0x67,0x09,0xC9,0x01,0xE9,0x0A,0xCD,0x0B,0x90,0x66,0xFC,0x87,0xBF,0x1C,0x33,0x0B,0x2F,0x0A,0x8C,0x09,0xC9,
0x09,0x48,0x08,0xE6,0x08,0xC5,0x08,0xA5,0x08,0x86,0x18,0xA7,0x20,0xAA,0x28,0xCC,0x38,0xEF,0x51,0x13,0xDD,0x5D,0xED,0xFE,0x59,0x74,0x40,0xF1,0x30,0xCD,0x20,0x8A,
0x18,0x88,0x10,0x66,0x10,0x86,0x18,0x87,0x18,0x89,0x28,0xAC,0x38,0xF0,0x48,0xD2,0xBC,0x3B,0xFE,0x3F,0x61,0xF4,0x39,0x31,0x29,0x2E,0x29,0xEF,0x1A,0x4E,0x12,0xAE,
0x13,0x50,0x66,0xBB,0x8F,0xDF,0x1C,0x53,0x0B,0x0E,0x0A,0x4B,0x09,0xC9,0x09,0x67,0x01,0x67,0x09,0xA8,0x0A,0x4B,0x0A,0xED,0x13,0xF1,0x7F,0x9E,0x6E,0xFC,0x0B,0x90,
0x0A,0xEE,0x0A,0xAD,0x09,0xA8,0x01,0x67,0x09,0xA8,0x0A,0x09,0x0A,0xCC,0x0B,0x4F,0x56,0x5A,0x87,0xDF,0x14,0x53,0x0A,0xEE,0x0A,0x2C,0x11,0x8A,0x11,0x2A,0x18,0xEA,
0x28,0xEC,0x31,0x10,0x49,0x13,0xE5,0xBE,0xDD,0x7D,0x51,0x75,0x39,0x11,0x20,0xAB,0x18,0x89,0x18,0x88,0x18,0x88,0x18,0x89,0x28,0xAC,0x38,0xF0,0x40,0xB2,0xB4,0x1A,
0xFE,0x5F,0x69,0xB4,0x38,0xD0,0x30,0xAC,0x20,0x89,0x20,0x87,0x20,0x66,0x28,0x66,0x30,0x66,0x48,0x87,0x69,0x2B,0x78,0x68,0xBA,0x71,0xFE,0x1F,0xB2,0x90,0x70,0x66,
0x58,0x86,0x40,0x65,0x30,0x44,0x20,0x44,0x18,0x43,0x18,0x43,0x20,0x44,0x28,0x44,0x40,0x65,0x50,0x65,0x70,0xA7,0x80,0x87,0xCB,0x13,0xFD,0x9E,0xC2,0xB2,0x78,0xE9,
0x58,0x86,0x48,0x45,0x30,0x44,0x28,0x44,0x18,0x43,0x10,0x43,0x10,0x23,0x08,0x42,0x08,0x42,0x00,0x42,0x00,0x43,0x00,0x43,0x00,0x43,0x00,0x22,0x00,0x22,0x00,0x22,
0x00,0x42,0x00,0x43,0x00,0x22,0x00,0x43,0x08,0xA6,0x00,0x43,0x00,0x22,0x00,0x22,0x00,0x22,0x00,0x22,0x00,0x23,0x00,0x22,0x00,0x23,0x00,0x42,0x00,0x22,0x00,0x42,
0x00,0x42,0x00,0x42,0x00,0x42,0x00,0x42,0x00,0x42,0x00,0x42,0x00,0x42,0x00,0x42,0x00,0x22,0x08,0xA5,0x08,0xA5,0x00,0x22,0x00,0x22,0x00,0x42,0x00,0x42,0x00,0x42,
0x00,0x42,0x00,0x42,0x00,0x22,0x00,0x22,0x00,0x22,0x00,0x42,0x00,0x42,0x00,0x42,0x00,0x42,0x00,0x42,0x00,0x42,0x00,0x42,0x00,0x42,0x00,0x22,0x08,0x64,0x10,0xA6,
0x08,0x85,0x08,0x44,0x10,0x45,0x18,0x66,0x18,0x66,0x38,0xCB,0x8A,0xB7,0xE6,0x5E,0xFF,0xDF,0xD5,0x7D,0x51,0x8D,0x21,0x24,0x21,0x24,0x21,0x04,0x21,0x04,0x18,0xE3,
0x00,0x00,0x00,0x00,0x00,0x00,0x00,0x00,0x00,0x00,0x00,0x00,0x00,0x00,0x00,0x00,0x00,0x00,0x00,0x00,0x00,0x00,0x00,0x00,0x00,0x00,0x00,0x00,0x00,0x00,0x00,0x00,
0x00,0x00,0x00,0x00,0x00,0x00,0x00,0x00,0x00,0x00,0x00,0x00,0x00,0x00,0x00,0x00,0x00,0x00,0x00,0x00,0x00,0x00,0x00,0x00,0x00,0x00,0x00,0x00,0x00,0x00,0x00,0x00,
0x21,0x04,0x21,0x04,0x21,0x04,0x21,0x24,0x21,0x25,0x49,0x4D,0xD5,0x3D,0xFF,0xDF,0xEE,0x5F,0x92,0xD7,0x38,0xEB,0x18,0x65,0x18,0x65,0x10,0x44,0x10,0x44,0x08,0x43,
0x08,0x43,0x00,0x22,0x00,0x23,0x08,0xA5,0x08,0xA5,0x00,0x43,0x00,0x22,0x00,0x42,0x00,0x43,0x00,0x22,0x00,0x42,0x00,0x43,0x00,0x42,0x00,0x42,0x00,0x43,0x00,0x43,
0x00,0x43,0x00,0x43,0x00,0x42,0x00,0x43,0x00,0x23,0x00,0x43,0x00,0x42,0x00,0x22,0x00,0x43,0x08,0xC6,0x08,0x84,0x00,0x42,0x00,0x43,0x00,0x43,0x00,0x43,0x00,0x43,
0x00,0x43,0x00,0x42,0x00,0x42,0x00,0x43,0x00,0x43,0x00,0x43,0x00,0x42,0x00,0x42,0x00,0x43,0x00,0x42,0x00,0x42,0x00,0x43,0x00,0x43,0x00,0x42,0x00,0x64,0x08,0xC6,
0x00,0x43,0x00,0x43,0x00,0x43,0x00,0x43,0x00,0x43,0x00,0x42,0x00,0x43,0x00,0x43,0x00,0x42,0x00,0x42,0x00,0x43,0x00,0x42,0x00,0x43,0x00,0x42,0x00,0x43,0x00,0x43,
0x00,0x63,0x00,0x83,0x00,0xA4,0x00,0xC4,0x01,0x26,0x09,0xC9,0x01,0xC9,0x0A,0x6C,0x03,0x0E,0x35,0x76,0x8F,0xFF,0x45,0x97,0x03,0x2F,0x0A,0xCD,0x0A,0x0A,0x09,0x88,
0x09,0x27,0x08,0xE6,0x08,0xA6,0x08,0xA6,0x10,0xA7,0x18,0xA8,0x20,0xCB,0x30,0xEE,0x38,0xD1,0x7A,0x57,0xFE,0xBF,0xAB,0xDA,0x40,0xD2,0x38,0xEF,0x28,0xAB,0x18,0x89,
0x18,0x87,0x10,0x86,0x10,0x86,0x18,0x88,0x20,0xAA,0x28,0xAD,0x40,0xF1,0x51,0x33,0xE5,0x5E,0xDD,0x3D,0x49,0x52,0x39,0x50,0x29,0x4E,0x2A,0x0F,0x12,0x4D,0x12,0xAE,
0x13,0x91,0x77,0x5D,0x7F,0x7E,0x13,0xF2,0x0B,0x0E,0x0A,0x4A,0x09,0xA8,0x09,0x67,0x01,0x67,0x09,0xA8,0x0A,0x4A,0x0B,0x0D,0x13,0xF1,0x7F,0xBF,0x66,0xBB,0x0B,0x90,
0x0A,0xEE,0x0A,0xAD,0x09,0xA8,0x09,0x67,0x09,0x88,0x0A,0x09,0x0A,0xAC,0x03,0x4F,0x4D,0xF9,0x8F,0xFF,0x1C,0x94,0x0B,0x0F,0x0A,0x4C,0x09,0x8A,0x11,0x29,0x18,0xEA,
0x20,0xEC,0x31,0x0F,0x38,0xD2,0xC4,0xBC,0xFE,0x5F,0x69,0xF6,0x39,0x32,0x28,0xCC,0x18,0xA9,0x18,0x88,0x18,0x87,0x18,0x88,0x20,0xAA,0x30,0xCE,0x38,0xD1,0x7A,0x56,
0xFE,0x7F,0x9B,0x58,0x40,0xB1,0x38,0xCE,0x28,0x8A,0x20,0x88,0x18,0x66,0x20,0x65,0x30,0x66,0x38,0x66,0x58,0xEA,0x70,0xEA,0x88,0xCA,0xF4,0xDB,0xEC,0xDA,0x80,0xC9,
0x68,0x87,0x50,0x65,0x38,0x45,0x28,0x44,0x20,0x43,0x18,0x43,0x18,0x43,0x20,0x44,0x30,0x64,0x40,0x65,0x58,0x86,0x70,0x87,0x88,0xC9,0xEC,0x7A,0xFC,0xFC,0x99,0xAE,
0x70,0xC8,0x50,0x65,0x40,0x44,0x30,0x44,0x20,0x43,0x18,0x43,0x10,0x43,0x08,0x43,0x08,0x42,0x08,0x43,0x00,0x42,0x00,0x43,0x00,0x42,0x00,0x43,0x00,0x42,0x00,0x42,
0x00,0x42,0x00,0x42,0x00,0x42,0x00,0x22,0x00,0x43,0x08,0xA6,0x00,0x43,0x00,0x22,0x00,0x42,0x00,0x43,0x00,0x43,0x00,0x22,0x00,0x22,0x00,0x42,0x00,0x43,0x00,0x42,
0x00,0x42,0x00,0x42,0x00,0x42,0x00,0x42,0x00,0x42,0x00,0x42,0x00,0x42,0x00,0x42,0x00,0x42,0x00,0x22,0x08,0x84,0x08,0xA5,0x00,0x43,0x00,0x22,0x00,0x42,0x00,0x42,
0x00,0x42,0x00,0x42,0x00,0x42,0x00,0x42,0x00,0x42,0x00,0x43,0x00,0x42,0x00,0x42,0x00,0x42,0x00,0x42,0x00,0x42,0x00,0x42,0x00,0x42,0x00,0x43,0x08,0x43,0x08,0x43,
0x10,0xA6,0x18,0xA6,0x10,0x65,0x18,0x65,0x18,0x66,0x38,0xCB,0x8A,0xB7,0xE6,0x5E,0xFF,0xFF,0xD5,0x7D,0x51,0x8D,0x21,0x04,0x21,0x24,0x21,0x04,0x21,0x24,0x18,0xE3,
0x00,0x00,0x00,0x00,0x00,0x00,0x00,0x00,0x00,0x00,0x00,0x00,0x00,0x00,0x00,0x00,0x00,0x00,0x00,0x00,0x00,0x00,0x00,0x00,0x00,0x00,0x00,0x00,0x00,0x00,0x00,0x00,
0x00,0x00,0x00,0x00,0x00,0x00,0x00,0x00,0x00,0x00,0x00,0x00,0x00,0x00,0x00,0x00,0x00,0x00,0x00,0x00,0x00,0x00,0x00,0x00,0x00,0x00,0x00,0x00,0x00,0x00,0x00,0x00,
0x18,0xE4,0x21,0x04,0x21,0x04,0x21,0x24,0x21,0x25,0x49,0x4D,0xD5,0x3D,0xFF,0xDF,0xEE,0x5F,0x92,0xD7,0x38,0xEB,0x18,0x65,0x18,0x65,0x10,0x44,0x10,0x44,0x08,0x43,
0x08,0x22,0x08,0x64,0x08,0xA5,0x08,0x64,0x00,0x22,0x00,0x22,0x00,0x42,0x00,0x22,0x00,0x22,0x00,0x22,0x00,0x22,0x00,0x22,0x00,0x22,0x00,0x42,0x00,0x42,0x00,0x22,
0x00,0x22,0x00,0x22,0x00,0x22,0x00,0x22,0x00,0x42,0x00,0x42,0x00,0x22,0x00,0x63,0x10,0xC5,0x00,0x63,0x00,0x22,0x00,0x42,0x00,0x22,0x00,0x22,0x00,0x22,0x00,0x22,
0x00,0x22,0x00,0x22,0x00,0x22,0x00,0x22,0x00,0x22,0x00,0x22,0x00,0x22,0x00,0x22,0x00,0x22,0x00,0x22,0x00,0x42,0x00,0x42,0x00,0x22,0x00,0x63,0x08,0xC5,0x00,0x63,
0x00,0x22,0x00,0x43,0x00,0x42,0x00,0x22,0x00,0x22,0x00,0x22,0x00,0x42,0x00,0x22,0x00,0x22,0x00,0x22,0x00,0x22,0x00,0x22,0x00,0x22,0x00,0x22,0x00,0x42,0x00,0x63,
0x00,0x63,0x00,0x83,0x00,0xA4,0x00,0xE5,0x09,0xA8,0x09,0xA8,0x0A,0x2A,0x0A,0xCD,0x14,0x11,0x77,0x9E,0x6F,0x3D,0x0B,0xB0,0x0A,0xEE,0x0A,0x6B,0x09,0xC9,0x09,0x47,
0x08,0xE6,0x08,0xC6,0x08,0xA6,0x08,0xA6,0x10,0xA7,0x18,0xA9,0x28,0xCC,0x39,0x0F,0x40,0xF3,0xBC,0x5C,0xFE,0x3F,0x69,0xD5,0x40,0xF1,0x30,0xCD,0x20,0x8A,0x18,0x88,
0x10,0x87,0x10,0x66,0x10,0x67,0x18,0x88,0x20,0xAA,0x30,0xCE,0x40,0xD1,0x71,0xF5,0xFE,0x3F,0xB3,0xFA,0x40,0xF1,0x39,0x2F,0x21,0x4D,0x22,0x2F,0x12,0x2D,0x12,0xCF,
0x1C,0x13,0x8F,0xBF,0x6E,0xFC,0x0B,0xB1,0x12,0xEE,0x0A,0x2A,0x09,0xA8,0x01,0x67,0x01,0x67,0x09,0xC8,0x0A,0x4B,0x0B,0x0D,0x1C,0x11,0x87,0xDF,0x5E,0x9B,0x0B,0x6F,
0x0A,0xED,0x0A,0xAC,0x01,0xA8,0x09,0x67,0x09,0x88,0x09,0xE9,0x0A,0xAC,0x0B,0x4F,0x45,0xD8,0x97,0xFF,0x24,0xF5,0x0B,0x0F,0x0A,0x4C,0x11,0x8A,0x11,0x29,0x10,0xE9,
0x20,0xEB,0x31,0x0E,0x38,0xD1,0xA3,0xB9,0xFE,0xDF,0x7A,0xB7,0x41,0x33,0x28,0xED,0x20,0xAA,0x18,0x88,0x18,0x87,0x18,0x88,0x20,0xA9,0x28,0xCC,0x38,0xF0,0x51,0x33,
0xED,0x9E,0xDD,0x1D,0x48,0xF2,0x38,0xCF,0x28,0x8B,0x20,0x88,0x18,0x66,0x20,0x65,0x28,0x65,0x30,0x45,0x48,0x87,0x69,0x2B,0x70,0x68,0xBA,0x92,0xFD,0xFF,0xB2,0x70,
0x70,0x66,0x60,0x86,0x40,0x65,0x30,0x64,0x20,0x44,0x18,0x43,0x18,0x43,0x18,0x43,0x28,0x44,0x38,0x64,0x48,0x65,0x60,0x86,0x70,0x66,0xA9,0xCE,0xFD,0x5E,0xE3,0xD7,
0x81,0x0A,0x60,0xA7,0x50,0x45,0x38,0x44,0x28,0x44,0x20,0x43,0x18,0x43,0x10,0x43,0x08,0x42,0x08,0x22,0x00,0x22,0x00,0x22,0x00,0x22,0x00,0x22,0x00,0x22,0x00,0x42,
0x00,0x22,0x00,0x22,0x00,0x22,0x00,0x42,0x00,0x22,0x00,0x43,0x08,0xA5,0x00,0x43,0x00,0x22,0x00,0x42,0x00,0x22,0x00,0x22,0x00,0x22,0x00,0x22,0x00,0x22,0x00,0x22,
0x00,0x42,0x00,0x22,0x00,0x42,0x00,0x22,0x00,0x22,0x00,0x22,0x00,0x42,0x00,0x42,0x00,0x42,0x00,0x42,0x00,0x22,0x00,0x63,0x08,0xA5,0x00,0x43,0x00,0x22,0x00,0x42,
0x00,0x42,0x00,0x42,0x00,0x22,0x00,0x22,0x00,0x22,0x00,0x42,0x00,0x22,0x00,0x22,0x00,0x42,0x00,0x22,0x00,0x42,0x00,0x22,0x00,0x42,0x00,0x42,0x08,0x43,0x08,0x43,
0x08,0x43,0x10,0x85,0x18,0xC8,0x18,0x87,0x18,0x65,0x38,0xCB,0x8A,0x97,0xE6,0x5E,0xFF,0xFF,0xD5,0x7D,0x51,0x8D,0x21,0x04,0x21,0x24,0x21,0x04,0x21,0x04,0x18,0xC3,
0x00,0x00,0x00,0x00,0x00,0x00,0x00,0x00,0x00,0x00,0x00,0x00,0x00,0x00,0x00,0x00,0x00,0x00,0x00,0x00,0x00,0x00,0x00,0x00,0x00,0x00,0x00,0x00,0x00,0x00,0x00,0x00,
0x00,0x00,0x00,0x00,0x00,0x00,0x00,0x00,0x00,0x00,0x00,0x00,0x00,0x00,0x00,0x00,0x00,0x00,0x00,0x00,0x00,0x00,0x00,0x00,0x00,0x00,0x00,0x00,0x00,0x00,0x00,0x00,
0x18,0xE3,0x21,0x04,0x21,0x04,0x21,0x24,0x21,0x24,0x49,0x4D,0xD5,0x3D,0xFF,0xFF,0xEE,0x5E,0x92,0xD7,0x39,0x0B,0x18,0x86,0x18,0x86,0x10,0x85,0x10,0x64,0x08,0x64,
0x10,0xA6,0x08,0xC6,0x00,0x43,0x00,0x43,0x00,0x43,0x00,0x43,0x00,0x43,0x00,0x43,0x00,0x43,0x00,0x43,0x00,0x43,0x00,0x43,0x00,0x43,0x00,0x43,0x00,0x43,0x00,0x43,
0x00,0x43,0x00,0x43,0x00,0x43,0x00,0x43,0x00,0x43,0x00,0x43,0x00,0x84,0x08,0xC6,0x00,0x63,0x00,0x43,0x00,0x43,0x00,0x43,0x00,0x43,0x00,0x43,0x00,0x43,0x00,0x43,
0x00,0x43,0x00,0x43,0x00,0x43,0x00,0x43,0x00,0x43,0x00,0x43,0x00,0x43,0x00,0x43,0x00,0x43,0x00,0x43,0x00,0x43,0x00,0x43,0x00,0x43,0x08,0xC6,0x00,0x64,0x00,0x43,
0x00,0x63,0x00,0x43,0x00,0x43,0x00,0x43,0x00,0x43,0x00,0x43,0x00,0x43,0x00,0x43,0x00,0x43,0x00,0x43,0x00,0x43,0x00,0x43,0x00,0x43,0x00,0x43,0x00,0x63,0x00,0x83,
0x00,0x83,0x00,0xC4,0x00,0xE5,0x09,0x88,0x09,0xC9,0x01,0xE9,0x0A,0xAC,0x03,0x2E,0x4E,0x5A,0x87,0xFF,0x24,0xF5,0x03,0x0E,0x0A,0xAC,0x0A,0x0A,0x09,0x88,0x09,0x27,
0x08,0xE6,0x08,0xC6,0x08,0xA6,0x10,0xA7,0x18,0xC8,0x20,0xCA,0x28,0xED,0x39,0x11,0x69,0xD6,0xF6,0x1F,0xC4,0x7C,0x40,0xF2,0x39,0x10,0x28,0xCC,0x20,0xAA,0x18,0xA8,
0x10,0xA7,0x10,0x87,0x18,0x88,0x18,0xA9,0x28,0xAB,0x38,0xEF,0x40,0xD1,0x9B,0x18,0xFE,0x7F,0x82,0xB6,0x39,0x11,0x31,0x2F,0x29,0x8E,0x22,0x2E,0x12,0x4D,0x13,0x0F,
0x24,0xB4,0x97,0xFF,0x5E,0x5A,0x0B,0x90,0x12,0xEE,0x0A,0x2A,0x09,0xA8,0x01,0x67,0x01,0x87,0x09,0xC9,0x0A,0x6B,0x0B,0x0E,0x1C,0x52,0x87,0xFF,0x5E,0x7A,0x0B,0x6F,
0x0A,0xED,0x0A,0xAC,0x01,0xC8,0x09,0x87,0x09,0xA8,0x0A,0x0A,0x0A,0xCC,0x0B,0x6F,0x3D,0x97,0x97,0xFF,0x2D,0x36,0x03,0x0F,0x0A,0x6D,0x09,0xAA,0x11,0x49,0x11,0x09,
0x18,0xEB,0x31,0x0E,0x38,0xF1,0x82,0x97,0xFE,0xFF,0x9B,0x99,0x41,0x33,0x30,0xEE,0x20,0xCB,0x18,0xA9,0x18,0x88,0x18,0x88,0x18,0xA9,0x20,0xCB,0x38,0xEF,0x38,0xB1,
0xAB,0xFA,0xFE,0x5F,0x69,0xD4,0x38,0xB0,0x30,0xCD,0x20,0xAA,0x18,0x87,0x18,0x66,0x20,0x66,0x30,0x66,0x38,0x46,0x50,0xC9,0x68,0xC9,0x88,0xEA,0xFD,0x1C,0xEC,0x99,
0x80,0xC9,0x68,0xA7,0x50,0xA6,0x38,0x85,0x28,0x85,0x18,0x64,0x18,0x64,0x18,0x64,0x20,0x64,0x28,0x65,0x38,0x65,0x48,0x66,0x60,0xA7,0x78,0x88,0xD3,0x54,0xFD,0x7E,
0xBA,0x91,0x70,0xC9,0x58,0x87,0x48,0x86,0x30,0x65,0x28,0x64,0x18,0x64,0x10,0x63,0x08,0x63,0x08,0x43,0x08,0x43,0x00,0x43,0x00,0x43,0x00,0x43,0x00,0x43,0x00,0x43,
0x00,0x43,0x00,0x43,0x00,0x43,0x00,0x43,0x00,0x43,0x00,0x43,0x00,0x64,0x08,0xA6,0x00,0x43,0x00,0x43,0x00,0x43,0x00,0x43,0x00,0x43,0x00,0x43,0x00,0x43,0x00,0x43,
0x00,0x43,0x00,0x43,0x00,0x43,0x00,0x43,0x00,0x43,0x00,0x43,0x00,0x43,0x00,0x43,0x00,0x43,0x00,0x43,0x00,0x43,0x00,0x22,0x00,0x43,0x08,0xA6,0x00,0x64,0x00,0x22,
0x00,0x43,0x00,0x43,0x00,0x43,0x00,0x43,0x00,0x43,0x00,0x43,0x00,0x43,0x00,0x43,0x00,0x43,0x00,0x63,0x00,0x43,0x00,0x43,0x00,0x43,0x00,0x43,0x08,0x63,0x08,0x64,
0x08,0x64,0x08,0x64,0x10,0x85,0x20,0xE8,0x20,0xC8,0x38,0xEB,0x8A,0x97,0xE6,0x5E,0xFF,0xFF,0xD5,0x7D,0x51,0x8E,0x21,0x04,0x21,0x24,0x21,0x04,0x21,0x04,0x18,0xC3,
0x00,0x00,0x00,0x00,0x00,0x00,0x00,0x00,0x00,0x00,0x00,0x00,0x00,0x00,0x00,0x00,0x00,0x00,0x00,0x00,0x00,0x00,0x00,0x00,0x00,0x00,0x00,0x00,0x00,0x00,0x00,0x00,
0x00,0x00,0x00,0x00,0x00,0x00,0x00,0x00,0x00,0x00,0x00,0x00,0x00,0x00,0x00,0x00,0x00,0x00,0x00,0x00,0x00,0x00,0x00,0x00,0x00,0x00,0x00,0x00,0x00,0x00,0x00,0x00,
0x18,0xE3,0x21,0x04,0x21,0x04,0x21,0x24,0x21,0x24,0x49,0x2D,0xD5,0x3D,0xFF,0xFF,0xE6,0x5E,0x92,0xB7,0x41,0x4C,0x20,0xC7,0x20,0xC7,0x18,0xA6,0x18,0xE8,0x18,0xE7,
0x10,0xC6,0x08,0x85,0x08,0x85,0x08,0x85,0x08,0x85,0x08,0x85,0x08,0x85,0x08,0x84,0x08,0xA5,0x08,0xA5,0x08,0xA4,0x08,0xA5,0x08,0x85,0x08,0xA5,0x08,0xA5,0x08,0xA5,
0x08,0xA5,0x08,0xA5,0x08,0xA5,0x08,0xA4,0x08,0x84,0x08,0xE6,0x08,0xC6,0x08,0x85,0x08,0x85,0x08,0x85,0x08,0x85,0x08,0x85,0x08,0x85,0x08,0xA5,0x08,0x85,0x08,0x85,
0x08,0x84,0x08,0x84,0x08,0x84,0x08,0x84,0x08,0x84,0x08,0x84,0x08,0x84,0x08,0x84,0x08,0xA4,0x08,0xA4,0x08,0xA4,0x08,0xA5,0x10,0xE7,0x08,0xA5,0x08,0x84,0x08,0xA5,
0x08,0x85,0x08,0xA5,0x08,0x84,0x08,0x84,0x08,0x84,0x08,0x84,0x08,0x84,0x08,0x84,0x08,0x84,0x08,0xA4,0x08,0x84,0x08,0xA4,0x08,0xA4,0x08,0xA4,0x08,0xC4,0x08,0xC5,
0x08,0xE5,0x09,0x06,0x09,0x67,0x09,0xEA,0x02,0x0A,0x0A,0xAC,0x03,0x2E,0x2C,0xF5,0x8F,0xFF,0x5E,0x9B,0x0B,0x8F,0x0B,0x0E,0x0A,0x6B,0x09,0xE9,0x09,0x68,0x09,0x27,
0x09,0x07,0x08,0xE7,0x10,0xE8,0x18,0xEA,0x21,0x0B,0x29,0x2D,0x39,0x50,0x49,0x13,0xA3,0x9A,0xFE,0x7F,0x82,0x77,0x40,0xF2,0x38,0xEF,0x28,0xCC,0x20,0xCA,0x18,0xC9,
0x18,0xE8,0x18,0xE9,0x20,0xEA,0x28,0xEC,0x31,0x0E,0x41,0x31,0x49,0x13,0xC4,0x5C,0xF5,0xFF,0x61,0xD5,0x39,0x52,0x31,0x4F,0x29,0xAF,0x22,0x4F,0x12,0xAE,0x13,0x50,
0x3D,0x77,0x9F,0xFF,0x45,0xB8,0x0B,0x90,0x13,0x0E,0x0A,0x6B,0x09,0xE9,0x09,0xA8,0x09,0xC8,0x0A,0x2A,0x0A,0xAC,0x0B,0x4E,0x24,0x93,0x8F,0xFF,0x56,0x7A,0x0B,0x90,
0x0B,0x0E,0x0A,0xCD,0x09,0xE9,0x09,0xC8,0x09,0xE9,0x0A,0x4B,0x0B,0x0D,0x0B,0x90,0x35,0x77,0x97,0xFF,0x3D,0x97,0x0B,0x50,0x12,0xCE,0x12,0x0B,0x11,0x8A,0x19,0x4B,
0x21,0x2C,0x31,0x4E,0x39,0x31,0x61,0xF5,0xFE,0xBF,0xC4,0xBB,0x51,0x74,0x41,0x31,0x28,0xEC,0x20,0xEA,0x18,0xC9,0x18,0xA8,0x20,0xC9,0x28,0xEB,0x39,0x0F,0x38,0xD2,
0x7A,0x56,0xFE,0x9F,0xA3,0x79,0x40,0xD1,0x39,0x0F,0x28,0xEC,0x20,0xCA,0x20,0xA8,0x20,0xA7,0x28,0xA7,0x38,0x87,0x48,0xA8,0x61,0x2B,0x78,0xC9,0xCB,0x34,0xFD,0xFF,
0xB2,0x70,0x70,0xC8,0x60,0xE8,0x48,0xE7,0x38,0xC6,0x28,0xA6,0x20,0xA6,0x20,0xA5,0x20,0xA6,0x28,0xA6,0x30,0xA6,0x40,0xC7,0x58,0xE7,0x70,0xE8,0x89,0x2B,0xF4,0xBA,
0xF4,0xDB,0x91,0x8D,0x70,0xEA,0x58,0xC8,0x48,0xA7,0x38,0xA6,0x28,0xA6,0x20,0xA5,0x18,0xA5,0x10,0x85,0x08,0x84,0x08,0x84,0x08,0x84,0x08,0x84,0x08,0x84,0x08,0x84,
0x08,0x84,0x08,0x84,0x08,0x84,0x08,0x84,0x08,0x84,0x08,0x84,0x08,0x84,0x08,0x85,0x08,0xC7,0x08,0x85,0x08,0x84,0x08,0x85,0x08,0x84,0x08,0x84,0x08,0x85,0x08,0x84,
0x08,0x84,0x08,0x84,0x08,0x84,0x08,0x84,0x08,0xA5,0x08,0x84,0x08,0x84,0x08,0x85,0x08,0x85,0x08,0xA4,0x08,0x84,0x08,0x84,0x08,0x84,0x08,0x85,0x08,0xC6,0x08,0xA6,
0x00,0x84,0x08,0x84,0x08,0x84,0x08,0x84,0x08,0x84,0x08,0x84,0x08,0x84,0x08,0x84,0x08,0x84,0x08,0x84,0x08,0xA4,0x08,0x84,0x08,0xA4,0x08,0xA5,0x08,0xA5,0x10,0xA5,
0x10,0xA6,0x10,0xA6,0x18,0xA7,0x18,0xA7,0x20,0xC9,0x39,0x2D,0x8A,0x97,0xE6,0x5E,0xFF,0xFF,0xD5,0x7D,0x51,0x8D,0x21,0x04,0x21,0x24,0x21,0x04,0x21,0x04,0x18,0xC3,
0x00,0x00,0x00,0x00,0x00,0x00,0x00,0x00,0x00,0x00,0x00,0x00,0x00,0x00,0x00,0x00,0x00,0x00,0x00,0x00,0x00,0x00,0x00,0x00,0x00,0x00,0x00,0x00,0x00,0x00,0x00,0x00,
0x00,0x00,0x00,0x00,0x00,0x00,0x00,0x00,0x00,0x00,0x00,0x00,0x00,0x00,0x00,0x00,0x00,0x00,0x00,0x00,0x00,0x00,0x00,0x00,0x00,0x00,0x00,0x00,0x00,0x00,0x00,0x00,
0x18,0xE3,0x21,0x04,0x21,0x04,0x21,0x24,0x21,0x24,0x49,0x2D,0xD5,0x3D,0xFF,0xFF,0xEE,0x5E,0x92,0xB7,0x39,0x0B,0x10,0x65,0x18,0x85,0x18,0xA7,0x18,0xA6,0x08,0x44,
0x08,0x23,0x00,0x42,0x00,0x22,0x00,0x22,0x00,0x22,0x00,0x22,0x00,0x22,0x00,0x22,0x00,0x22,0x00,0x42,0x00,0x22,0x00,0x22,0x00,0x22,0x00,0x42,0x00,0x42,0x00,0x42,
0x00,0x42,0x00,0x42,0x00,0x22,0x00,0x42,0x08,0xA5,0x08,0x84,0x00,0x22,0x00,0x22,0x00,0x42,0x00,0x22,0x00,0x22,0x00,0x22,0x00,0x22,0x00,0x42,0x00,0x22,0x00,0x22,
0x00,0x22,0x00,0x22,0x00,0x22,0x00,0x22,0x00,0x22,0x00,0x22,0x00,0x22,0x00,0x22,0x00,0x42,0x00,0x22,0x00,0x43,0x08,0xC6,0x00,0x64,0x00,0x22,0x00,0x42,0x00,0x42,
0x00,0x42,0x00,0x42,0x00,0x42,0x00,0x42,0x00,0x22,0x00,0x22,0x00,0x22,0x00,0x22,0x00,0x22,0x00,0x22,0x00,0x22,0x00,0x22,0x00,0x42,0x00,0x42,0x00,0x62,0x00,0x83,
0x00,0xA4,0x00,0xE5,0x09,0xA8,0x01,0xA8,0x02,0x0A,0x0A,0xCC,0x0B,0xB0,0x6F,0x3D,0x87,0xBE,0x1C,0x73,0x0A,0xED,0x0A,0x6B,0x09,0xC8,0x01,0x47,0x00,0xC5,0x00,0xA5,
0x00,0x85,0x08,0x85,0x08,0x86,0x10,0xA8,0x20,0xAA,0x28,0xEC,0x39,0x10,0x59,0x75,0xE5,0x7E,0xDD,0x5E,0x51,0x13,0x38,0xD0,0x28,0xAC,0x20,0x89,0x18,0x67,0x10,0x66,
0x08,0x66,0x10,0x87,0x18,0x88,0x20,0xAA,0x30,0xCD,0x40,0xF1,0x59,0x53,0xED,0x9F,0xD5,0x1D,0x49,0x32,0x31,0x30,0x21,0x0D,0x21,0xAE,0x11,0xED,0x12,0x8D,0x0B,0x30,
0x4D,0xF9,0x97,0xFF,0x35,0x36,0x0B,0x2F,0x0A,0xAC,0x09,0xE9,0x01,0x67,0x01,0x46,0x01,0x67,0x01,0xC8,0x0A,0x4A,0x0B,0x0D,0x24,0x73,0x8F,0xFF,0x56,0x39,0x0B,0x2F,
0x0A,0xAD,0x0A,0x8C,0x01,0x87,0x01,0x46,0x01,0x67,0x09,0xE9,0x0A,0x8C,0x03,0x2E,0x2D,0x15,0x97,0xFF,0x45,0xD8,0x03,0x2F,0x0A,0x8D,0x09,0xAA,0x11,0x28,0x10,0xE9,
0x18,0xCA,0x28,0xCC,0x30,0xF0,0x49,0x33,0xED,0xFE,0xE5,0xBE,0x59,0x95,0x41,0x31,0x28,0xCA,0x18,0x88,0x10,0x67,0x10,0x66,0x10,0x67,0x18,0x89,0x28,0xAC,0x30,0xB0,
0x51,0x33,0xED,0xBF,0xDD,0x3D,0x48,0xF1,0x38,0xEF,0x28,0xAB,0x20,0x88,0x18,0x66,0x18,0x45,0x18,0x45,0x28,0x45,0x38,0x45,0x50,0xE9,0x68,0xC9,0x91,0x2B,0xFD,0x7D,
0xEC,0x78,0x80,0xA8,0x70,0xA7,0x50,0x85,0x38,0x64,0x28,0x44,0x18,0x43,0x10,0x43,0x10,0x43,0x18,0x43,0x20,0x43,0x30,0x44,0x40,0x65,0x58,0x86,0x70,0x86,0xAA,0x2F,
0xFD,0x9E,0xDB,0xB6,0x89,0x0A,0x68,0xA8,0x50,0x65,0x40,0x45,0x30,0x44,0x20,0x43,0x10,0x23,0x10,0x22,0x08,0x22,0x00,0x22,0x00,0x22,0x00,0x22,0x00,0x22,0x00,0x22,
0x00,0x22,0x00,0x22,0x00,0x22,0x00,0x22,0x00,0x22,0x00,0x22,0x00,0x22,0x00,0x22,0x00,0x64,0x08,0xA6,0x00,0x43,0x00,0x22,0x00,0x22,0x00,0x22,0x00,0x22,0x00,0x22,
0x00,0x22,0x00,0x42,0x00,0x22,0x00,0x22,0x00,0x22,0x00,0x22,0x00,0x22,0x00,0x22,0x00,0x22,0x00,0x22,0x00,0x22,0x00,0x22,0x00,0x22,0x00,0x22,0x00,0x22,0x08,0x64,
0x08,0x85,0x00,0x22,0x00,0x22,0x00,0x22,0x00,0x22,0x00,0x22,0x00,0x22,0x00,0x22,0x00,0x22,0x00,0x22,0x00,0x22,0x00,0x22,0x00,0x22,0x00,0x22,0x08,0x42,0x08,0x43,
0x08,0x43,0x10,0x44,0x10,0x45,0x18,0x66,0x18,0x65,0x30,0xCB,0x8A,0x97,0xE6,0x5E,0xFF,0xFF,0xD5,0x7D,0x51,0xAD,0x21,0x04,0x21,0x24,0x21,0x04,0x21,0x04,0x18,0xC3,
0x00,0x00,0x00,0x00,0x00,0x00,0x00,0x00,0x00,0x00,0x00,0x00,0x00,0x00,0x00,0x00,0x00,0x00,0x00,0x00,0x00,0x00,0x00,0x00,0x00,0x00,0x00,0x00,0x00,0x00,0x00,0x00,
0x00,0x00,0x00,0x00,0x00,0x00,0x00,0x00,0x00,0x00,0x00,0x00,0x00,0x00,0x00,0x00,0x00,0x00,0x00,0x00,0x00,0x00,0x00,0x00,0x00,0x00,0x00,0x00,0x00,0x00,0x00,0x00,
0x18,0xE3,0x21,0x04,0x21,0x04,0x21,0x24,0x21,0x24,0x49,0x2C,0xD5,0x3D,0xFF,0xFF,0xEE,0x5E,0x8A,0xB7,0x39,0x0B,0x18,0xA7,0x20,0xE8,0x18,0x86,0x08,0x44,0x08,0x43,
0x08,0x43,0x00,0x42,0x00,0x22,0x00,0x22,0x00,0x42,0x00,0x22,0x00,0x42,0x00,0x42,0x00,0x42,0x00,0x42,0x00,0x42,0x00,0x42,0x00,0x43,0x00,0x42,0x00,0x42,0x00,0x42,
0x00,0x42,0x00,0x42,0x00,0x43,0x08,0xC6,0x08,0x84,0x00,0x22,0x00,0x42,0x00,0x42,0x00,0x22,0x00,0x22,0x00,0x42,0x00,0x22,0x00,0x22,0x00,0x22,0x00,0x22,0x00,0x22,
0x00,0x22,0x00,0x42,0x00,0x42,0x00,0x42,0x00,0x22,0x00,0x42,0x00,0x42,0x00,0x42,0x00,0x42,0x00,0x43,0x08,0xC6,0x00,0x64,0x00,0x22,0x00,0x42,0x00,0x42,0x00,0x42,
0x00,0x42,0x00,0x42,0x00,0x42,0x00,0x42,0x00,0x42,0x00,0x42,0x00,0x42,0x00,0x42,0x00,0x42,0x00,0x42,0x00,0x42,0x00,0x42,0x00,0x42,0x00,0x63,0x00,0x83,0x00,0xA4,
0x00,0xC4,0x09,0x88,0x01,0xA8,0x01,0xC9,0x0A,0x8C,0x03,0x0E,0x45,0xD8,0x97,0xFF,0x4D,0xF8,0x03,0x2F,0x0A,0xAD,0x0A,0x0A,0x09,0x88,0x01,0x06,0x00,0xC5,0x00,0xA5,
0x08,0x85,0x08,0x86,0x10,0x87,0x18,0xA9,0x20,0xCB,0x31,0x0E,0x40,0xF2,0x8A,0xF8,0xFE,0xBF,0xA3,0x7A,0x40,0xB2,0x38,0xEF,0x28,0xAB,0x18,0x89,0x10,0x67,0x10,0x66,
0x10,0x66,0x10,0x87,0x18,0x89,0x20,0xCB,0x30,0xEE,0x40,0xF2,0x82,0x76,0xFE,0x7F,0xAB,0xFA,0x38,0xF1,0x31,0x30,0x21,0x2D,0x21,0xEF,0x12,0x0C,0x12,0xAE,0x0B,0x70,
0x5E,0xBC,0x8F,0xFF,0x24,0xB4,0x0B,0x2E,0x0A,0x8C,0x09,0xC9,0x09,0x67,0x01,0x46,0x01,0x67,0x09,0xC8,0x0A,0x6B,0x0B,0x0D,0x24,0xB4,0x8F,0xFF,0x4E,0x19,0x0B,0x2E,
0x0A,0xCD,0x0A,0xAC,0x01,0xA8,0x09,0x67,0x09,0x87,0x09,0xE9,0x0A,0x8C,0x0B,0x2E,0x24,0xB4,0x97,0xFF,0x56,0x39,0x03,0x4F,0x0A,0xAD,0x09,0xCA,0x11,0x49,0x10,0xE9,
0x18,0xCA,0x20,0xEC,0x31,0x10,0x40,0xF2,0xCD,0x1C,0xFE,0x9F,0x62,0x16,0x41,0x52,0x28,0xCC,0x20,0xA9,0x10,0x87,0x10,0x66,0x10,0x67,0x18,0x88,0x20,0x8B,0x38,0xCF,
0x38,0xB2,0xBC,0x3B,0xFE,0x9F,0x69,0xF5,0x38,0xD0,0x30,0xCD,0x20,0x89,0x18,0x67,0x18,0x65,0x18,0x45,0x20,0x45,0x30,0x45,0x40,0x87,0x69,0x2B,0x78,0x88,0xD3,0xB5,
0xFE,0x1F,0xB2,0x2E,0x78,0x87,0x60,0xA6,0x40,0x65,0x30,0x44,0x20,0x43,0x18,0x43,0x10,0x43,0x18,0x23,0x20,0x43,0x28,0x44,0x38,0x65,0x50,0x85,0x68,0xA7,0x80,0xA7,
0xDB,0xB6,0xFD,0x9E,0xBA,0x91,0x80,0xEA,0x60,0x87,0x48,0x65,0x38,0x44,0x28,0x44,0x18,0x43,0x10,0x43,0x08,0x42,0x08,0x22,0x00,0x22,0x00,0x22,0x00,0x22,0x00,0x22,
0x00,0x22,0x00,0x22,0x00,0x42,0x00,0x22,0x00,0x22,0x00,0x22,0x00,0x22,0x00,0x42,0x00,0x22,0x00,0x64,0x08,0xC6,0x00,0x43,0x00,0x42,0x00,0x42,0x00,0x42,0x00,0x42,
0x00,0x42,0x00,0x42,0x00,0x42,0x00,0x42,0x00,0x42,0x00,0x42,0x00,0x42,0x00,0x42,0x00,0x42,0x00,0x42,0x00,0x22,0x00,0x42,0x00,0x42,0x00,0x42,0x00,0x22,0x00,0x22,
0x00,0x64,0x08,0xA5,0x00,0x43,0x00,0x22,0x00,0x42,0x00,0x22,0x00,0x22,0x00,0x42,0x00,0x42,0x00,0x42,0x00,0x42,0x00,0x22,0x00,0x22,0x00,0x42,0x08,0x43,0x08,0x43,
0x08,0x43,0x10,0x44,0x10,0x45,0x18,0x66,0x18,0x66,0x30,0xCB,0x8A,0x97,0xEE,0x7F,0xFF,0xFF,0xD5,0x9D,0x51,0xAE,0x21,0x04,0x21,0x24,0x21,0x04,0x21,0x04,0x18,0xC3,
0x00,0x00,0x00,0x00,0x00,0x00,0x00,0x00,0x00,0x00,0x00,0x00,0x00,0x00,0x00,0x00,0x00,0x00,0x00,0x00,0x00,0x00,0x00,0x00,0x00,0x00,0x00,0x00,0x00,0x00,0x00,0x00,
0x00,0x00,0x00,0x00,0x00,0x00,0x00,0x00,0x00,0x00,0x00,0x00,0x00,0x00,0x00,0x00,0x00,0x00,0x00,0x00,0x00,0x00,0x00,0x00,0x00,0x00,0x00,0x00,0x00,0x00,0x00,0x00,
0x18,0xE3,0x21,0x03,0x21,0x04,0x21,0x24,0x21,0x24,0x49,0x2D,0xD5,0x3D,0xFF,0xDF,0xEE,0x5E,0x8A,0xB7,0x41,0x6D,0x20,0xC8,0x18,0x66,0x10,0x44,0x10,0x44,0x08,0x43,
0x08,0x43,0x00,0x42,0x00,0x22,0x00,0x22,0x00,0x22,0x00,0x22,0x00,0x22,0x00,0x42,0x00,0x42,0x00,0x42,0x00,0x42,0x00,0x42,0x00,0x42,0x00,0x42,0x00,0x42,0x00,0x42,
0x00,0x22,0x00,0x63,0x08,0xC6,0x00,0x63,0x00,0x22,0x00,0x42,0x00,0x42,0x00,0x42,0x00,0x42,0x00,0x42,0x00,0x42,0x00,0x22,0x00,0x22,0x00,0x22,0x00,0x22,0x00,0x42,
0x00,0x22,0x00,0x22,0x00,0x22,0x00,0x22,0x00,0x22,0x00,0x42,0x00,0x42,0x00,0x42,0x00,0x22,0x08,0xC5,0x00,0x64,0x00,0x22,0x00,0x42,0x00,0x42,0x00,0x42,0x00,0x42,
0x00,0x42,0x00,0x42,0x00,0x42,0x00,0x42,0x00,0x42,0x00,0x42,0x00,0x42,0x00,0x42,0x00,0x42,0x00,0x42,0x00,0x42,0x00,0x42,0x00,0x62,0x00,0x63,0x00,0x83,0x00,0xA4,
0x01,0x26,0x09,0xA8,0x01,0x88,0x02,0x4A,0x02,0xCD,0x1C,0x52,0x7F,0xBE,0x77,0x5D,0x14,0x11,0x0A,0xEE,0x0A,0x4B,0x09,0xC9,0x01,0x47,0x00,0xE5,0x00,0xA5,0x00,0x84,
0x08,0x85,0x08,0x86,0x10,0x87,0x20,0xAA,0x28,0xCC,0x39,0x10,0x51,0x34,0xCC,0xFD,0xF6,0x5F,0x69,0xD5,0x38,0xD1,0x30,0xCD,0x20,0x8A,0x18,0x68,0x10,0x66,0x10,0x65,
0x10,0x66,0x18,0x87,0x18,0x89,0x28,0xAC,0x39,0x0F,0x48,0xF3,0xAB,0xDA,0xFE,0x9F,0x82,0xD7,0x39,0x11,0x31,0x2F,0x21,0x4E,0x21,0xEE,0x0A,0x0C,0x12,0xCE,0x13,0xB1,
0x77,0x5E,0x7F,0x7E,0x1C,0x12,0x0B,0x0E,0x0A,0x6B,0x09,0xC8,0x09,0x67,0x01,0x46,0x01,0x87,0x01,0xE9,0x0A,0x8B,0x0B,0x0D,0x2C,0xD4,0x8F,0xFF,0x45,0xF8,0x0B,0x2E,
0x0A,0xCD,0x0A,0xAC,0x01,0xA8,0x09,0x67,0x09,0x87,0x09,0xE9,0x0A,0x8B,0x0B,0x2E,0x24,0x93,0x97,0xFF,0x5E,0x9B,0x03,0x70,0x0A,0xCD,0x09,0xEB,0x11,0x49,0x11,0x09,
0x18,0xE9,0x20,0xEC,0x31,0x0F,0x38,0xD2,0xAC,0x1A,0xFF,0x1F,0x7A,0xB7,0x49,0x53,0x30,0xED,0x20,0x8A,0x18,0x67,0x10,0x46,0x10,0x67,0x18,0x68,0x20,0x8A,0x30,0xCE,
0x38,0xB1,0x82,0xB7,0xFE,0xFF,0xA3,0xB9,0x38,0xB1,0x38,0xCE,0x20,0x8A,0x18,0x88,0x18,0x66,0x18,0x44,0x20,0x44,0x30,0x45,0x38,0x66,0x58,0xEA,0x70,0xC9,0xA1,0xAD,
0xFD,0xFE,0xE4,0x78,0x88,0xA8,0x70,0xA7,0x50,0x65,0x38,0x64,0x28,0x44,0x18,0x43,0x10,0x23,0x10,0x23,0x18,0x43,0x20,0x43,0x30,0x64,0x48,0x85,0x58,0x86,0x70,0xA7,
0x99,0x6B,0xFD,0x1C,0xF4,0xFB,0x99,0x8C,0x78,0xE9,0x58,0x66,0x48,0x64,0x30,0x44,0x20,0x43,0x18,0x23,0x10,0x22,0x08,0x22,0x08,0x22,0x00,0x22,0x00,0x22,0x00,0x22,
0x00,0x22,0x00,0x22,0x00,0x42,0x00,0x22,0x00,0x42,0x00,0x42,0x00,0x42,0x00,0x42,0x00,0x42,0x00,0x22,0x00,0x64,0x08,0xC6,0x00,0x42,0x00,0x22,0x00,0x42,0x00,0x42,
0x00,0x42,0x00,0x42,0x00,0x42,0x00,0x42,0x00,0x42,0x00,0x42,0x00,0x42,0x00,0x42,0x00,0x42,0x00,0x42,0x00,0x42,0x00,0x42,0x00,0x42,0x00,0x42,0x00,0x42,0x00,0x22,
0x00,0x22,0x00,0x63,0x08,0xA5,0x00,0x63,0x00,0x22,0x00,0x22,0x00,0x22,0x00,0x42,0x00,0x42,0x00,0x22,0x00,0x22,0x00,0x22,0x00,0x22,0x00,0x42,0x08,0x42,0x08,0x43,
0x08,0x43,0x10,0x44,0x10,0x44,0x18,0x66,0x18,0x66,0x30,0xCB,0x8A,0x97,0xEE,0x7F,0xFF,0xFF,0xD5,0x9D,0x51,0xAE,0x21,0x04,0x21,0x24,0x21,0x04,0x21,0x04,0x18,0xC3,
0x00,0x00,0x00,0x00,0x00,0x00,0x00,0x00,0x00,0x00,0x00,0x00,0x00,0x00,0x00,0x00,0x00,0x00,0x00,0x00,0x00,0x00,0x00,0x00,0x00,0x00,0x00,0x00,0x00,0x00,0x00,0x00,
0x00,0x00,0x00,0x00,0x00,0x00,0x00,0x00,0x00,0x00,0x00,0x00,0x00,0x00,0x00,0x00,0x00,0x00,0x00,0x00,0x00,0x00,0x00,0x00,0x00,0x00,0x00,0x00,0x00,0x00,0x00,0x00,
0x18,0xE3,0x19,0x03,0x20,0xE4,0x21,0x24,0x21,0x24,0x49,0x2C,0xD5,0x3D,0xFF,0xDF,0xEE,0x7E,0x8A,0xD7,0x41,0x2C,0x18,0x65,0x18,0x65,0x10,0x64,0x10,0x44,0x08,0x43,
0x08,0x43,0x00,0x42,0x00,0x22,0x00,0x22,0x00,0x42,0x00,0x22,0x00,0x42,0x00,0x42,0x00,0x42,0x00,0x42,0x00,0x42,0x00,0x42,0x00,0x42,0x00,0x42,0x00,0x42,0x00,0x22,
0x08,0x84,0x10,0xC6,0x00,0x43,0x00,0x22,0x00,0x42,0x00,0x42,0x00,0x42,0x00,0x42,0x00,0x42,0x00,0x42,0x00,0x42,0x00,0x42,0x00,0x42,0x00,0x22,0x00,0x22,0x00,0x42,
0x00,0x22,0x00,0x22,0x00,0x42,0x00,0x22,0x00,0x42,0x00,0x42,0x00,0x42,0x00,0x42,0x08,0xA5,0x08,0x84,0x00,0x22,0x00,0x42,0x00,0x42,0x00,0x42,0x00,0x42,0x00,0x42,
0x00,0x42,0x00,0x42,0x00,0x42,0x00,0x42,0x00,0x22,0x00,0x42,0x00,0x42,0x00,0x42,0x00,0x42,0x00,0x42,0x00,0x42,0x00,0x42,0x00,0x62,0x00,0x83,0x00,0xA4,0x00,0xE5,
0x09,0xA8,0x01,0x87,0x01,0xE9,0x02,0xAC,0x03,0x4F,0x56,0x7A,0x8F,0xFF,0x35,0x56,0x03,0x2E,0x0A,0xAC,0x0A,0x09,0x09,0x67,0x01,0x06,0x00,0xC5,0x00,0x84,0x00,0x84,
0x08,0x85,0x10,0x86,0x18,0xA8,0x20,0xAB,0x30,0xCE,0x40,0xF2,0x7A,0x77,0xFE,0x9F,0xC4,0xBC,0x48,0xF3,0x38,0xF0,0x28,0xAC,0x20,0x89,0x18,0x67,0x10,0x66,0x08,0x65,
0x10,0x66,0x18,0x87,0x20,0xAA,0x28,0xCD,0x40,0xF1,0x51,0x54,0xDD,0x5D,0xF6,0x3F,0x61,0xF4,0x39,0x11,0x29,0x0E,0x21,0x8E,0x19,0xED,0x12,0x2C,0x12,0xCE,0x1C,0x33,
0x87,0xDF,0x6E,0xFC,0x0B,0xB1,0x0A,0xEE,0x0A,0x4A,0x09,0xA8,0x01,0x47,0x01,0x46,0x01,0x87,0x01,0xE9,0x0A,0x8B,0x03,0x0D,0x2C,0xF5,0x97,0xFF,0x45,0xD8,0x0B,0x0E,
0x0A,0xCD,0x0A,0xAC,0x01,0xA8,0x09,0x67,0x09,0x87,0x09,0xE9,0x0A,0x8B,0x0B,0x2E,0x1C,0x52,0x8F,0xDF,0x6E,0xDC,0x0B,0xB0,0x0A,0xCE,0x09,0xEB,0x11,0x49,0x11,0x09,
0x18,0xE9,0x20,0xEB,0x31,0x0E,0x38,0xD1,0x8B,0x18,0xFF,0x3F,0x9B,0xB9,0x49,0x54,0x31,0x0E,0x20,0xAA,0x18,0x68,0x10,0x66,0x10,0x66,0x18,0x67,0x20,0x89,0x28,0xAC,
0x38,0xD0,0x59,0x74,0xF6,0x3F,0xDD,0x7D,0x49,0x12,0x38,0xD0,0x28,0xAB,0x20,0x88,0x18,0x66,0x10,0x45,0x18,0x44,0x28,0x45,0x38,0x45,0x48,0xA8,0x71,0x2B,0x80,0xA8,
0xE4,0x58,0xFE,0x3E,0xAA,0x0E,0x78,0x87,0x60,0x86,0x40,0x65,0x30,0x44,0x20,0x43,0x10,0x23,0x10,0x23,0x18,0x43,0x18,0x43,0x28,0x44,0x38,0x64,0x50,0x85,0x68,0xA6,
0x78,0x86,0xC2,0xB1,0xFD,0xDE,0xDB,0xB6,0x89,0x0B,0x70,0xE9,0x50,0x45,0x38,0x44,0x28,0x44,0x18,0x43,0x10,0x23,0x10,0x22,0x08,0x22,0x08,0x22,0x00,0x22,0x00,0x22,
0x00,0x22,0x00,0x42,0x00,0x22,0x00,0x42,0x00,0x22,0x00,0x42,0x00,0x42,0x00,0x42,0x00,0x42,0x00,0x42,0x00,0x22,0x00,0x64,0x08,0xA5,0x00,0x22,0x00,0x42,0x00,0x42,
0x00,0x42,0x00,0x42,0x00,0x42,0x00,0x42,0x00,0x42,0x00,0x42,0x00,0x42,0x00,0x42,0x00,0x42,0x00,0x22,0x00,0x22,0x00,0x22,0x00,0x22,0x00,0x22,0x00,0x22,0x00,0x22,
0x00,0x22,0x00,0x22,0x00,0x43,0x08,0xA5,0x00,0x84,0x00,0x22,0x00,0x42,0x00,0x42,0x00,0x42,0x00,0x42,0x00,0x22,0x00,0x22,0x00,0x22,0x00,0x42,0x08,0x42,0x08,0x43,
0x08,0x43,0x10,0x44,0x10,0x44,0x18,0x65,0x18,0x65,0x30,0xCA,0x8A,0x97,0xEE,0x7F,0xFF,0xFF,0xD5,0x9D,0x51,0xAE,0x21,0x04,0x21,0x24,0x21,0x04,0x21,0x04,0x18,0xC3,
0x00,0x00,0x00,0x00,0x00,0x00,0x00,0x00,0x00,0x00,0x00,0x00,0x00,0x00,0x00,0x00,0x00,0x00,0x00,0x00,0x00,0x00,0x00,0x00,0x00,0x00,0x00,0x00,0x00,0x00,0x00,0x00,
0x00,0x00,0x00,0x00,0x00,0x00,0x00,0x00,0x00,0x00,0x00,0x00,0x00,0x00,0x00,0x00,0x00,0x00,0x00,0x00,0x00,0x00,0x00,0x00,0x00,0x00,0x00,0x00,0x00,0x00,0x00,0x00,
0x18,0xE3,0x18,0xE3,0x18,0xE3,0x21,0x04,0x21,0x04,0x49,0x2D,0xD5,0x3D,0xFF,0xDF,0xEE,0x7E,0x8A,0xB7,0x38,0xEB,0x18,0x65,0x18,0x65,0x10,0x64,0x10,0x64,0x08,0x43,
0x08,0x43,0x00,0x42,0x00,0x22,0x00,0x22,0x00,0x22,0x00,0x42,0x00,0x42,0x00,0x42,0x00,0x42,0x00,0x42,0x00,0x42,0x00,0x42,0x00,0x42,0x00,0x42,0x00,0x22,0x08,0xA4,
0x08,0xC5,0x00,0x42,0x00,0x22,0x00,0x22,0x00,0x22,0x00,0x22,0x00,0x22,0x00,0x42,0x00,0x42,0x00,0x42,0x00,0x42,0x00,0x22,0x00,0x42,0x00,0x42,0x00,0x42,0x00,0x22,
0x00,0x22,0x00,0x42,0x00,0x22,0x00,0x42,0x00,0x42,0x00,0x42,0x00,0x22,0x08,0xA5,0x08,0x84,0x00,0x22,0x00,0x42,0x00,0x42,0x00,0x42,0x00,0x42,0x00,0x42,0x00,0x42,
0x00,0x22,0x00,0x22,0x00,0x42,0x00,0x42,0x00,0x42,0x00,0x42,0x00,0x42,0x00,0x42,0x00,0x42,0x00,0x42,0x00,0x42,0x00,0x62,0x00,0x83,0x00,0x83,0x00,0xC4,0x09,0x87,
0x01,0x87,0x01,0xA8,0x02,0x6B,0x02,0xED,0x2C,0xF5,0x8F,0xFF,0x66,0xDC,0x0B,0xB0,0x0A,0xED,0x0A,0x4A,0x01,0xA8,0x01,0x26,0x00,0xE5,0x00,0xA5,0x00,0x84,0x08,0x85,
0x08,0x86,0x10,0x87,0x18,0xA9,0x28,0xCC,0x38,0xEF,0x49,0x13,0xBC,0x7B,0xFE,0xDF,0x82,0xD7,0x40,0xD2,0x38,0xCE,0x28,0xAB,0x18,0x68,0x10,0x66,0x10,0x65,0x10,0x65,
0x10,0x66,0x18,0x88,0x20,0xAA,0x30,0xCE,0x40,0xF1,0x72,0x15,0xFE,0x5F,0xD5,0x3D,0x49,0x53,0x39,0x30,0x29,0x0E,0x21,0xAF,0x19,0xED,0x12,0x4C,0x0A,0xEE,0x2C,0xD5,
0x8F,0xFF,0x5E,0x5A,0x0B,0x6F,0x0A,0xCD,0x0A,0x2A,0x09,0xA8,0x01,0x47,0x01,0x46,0x01,0x87,0x09,0xE9,0x0A,0x8B,0x03,0x0D,0x35,0x36,0x8F,0xFF,0x3D,0xB7,0x03,0x0E,
0x0A,0xCD,0x0A,0xAC,0x01,0xA8,0x09,0x67,0x09,0x87,0x01,0xE9,0x0A,0x6B,0x0B,0x0E,0x1C,0x32,0x8F,0xBF,0x77,0x1D,0x0B,0xB1,0x0A,0xEE,0x0A,0x0B,0x11,0x69,0x11,0x08,
0x18,0xE9,0x20,0xEB,0x30,0xEE,0x38,0xF1,0x6A,0x36,0xFE,0xDF,0xBC,0xBB,0x49,0x54,0x39,0x30,0x20,0xAA,0x18,0x88,0x10,0x66,0x10,0x66,0x10,0x67,0x18,0x69,0x28,0xAB,
0x38,0xF0,0x40,0xB2,0xC4,0xBC,0xFE,0xBF,0x72,0x35,0x38,0xB0,0x30,0xAD,0x20,0x89,0x18,0x67,0x10,0x45,0x18,0x44,0x20,0x44,0x30,0x45,0x40,0x66,0x61,0x0A,0x78,0xC9,
0xAA,0x0E,0xFE,0x1F,0xE4,0x57,0x80,0xA8,0x68,0xA6,0x48,0x65,0x38,0x44,0x20,0x43,0x18,0x43,0x10,0x23,0x10,0x23,0x18,0x23,0x20,0x43,0x30,0x44,0x40,0x65,0x58,0x85,
0x70,0xA7,0x88,0xC8,0xE4,0x37,0xFD,0x9E,0xB2,0x50,0x80,0xEA,0x60,0xA7,0x48,0x44,0x30,0x44,0x20,0x43,0x18,0x43,0x10,0x23,0x08,0x22,0x08,0x22,0x08,0x22,0x00,0x22,
0x00,0x22,0x00,0x22,0x00,0x42,0x00,0x22,0x00,0x42,0x00,0x42,0x00,0x22,0x00,0x42,0x00,0x42,0x00,0x42,0x00,0x42,0x00,0x22,0x00,0x84,0x08,0xA5,0x00,0x42,0x00,0x42,
0x00,0x42,0x00,0x42,0x00,0x42,0x00,0x42,0x00,0x42,0x00,0x42,0x00,0x42,0x00,0x42,0x00,0x42,0x00,0x22,0x00,0x42,0x00,0x42,0x00,0x22,0x00,0x22,0x00,0x22,0x00,0x22,
0x00,0x22,0x00,0x22,0x00,0x22,0x00,0x22,0x08,0xA5,0x08,0xA5,0x00,0x22,0x00,0x42,0x00,0x42,0x00,0x22,0x00,0x22,0x00,0x22,0x00,0x22,0x00,0x42,0x08,0x42,0x08,0x43,
0x08,0x43,0x10,0x44,0x10,0x44,0x18,0x66,0x18,0x66,0x30,0xAA,0x8A,0x97,0xEE,0x7F,0xFF,0xFF,0xD5,0x9D,0x51,0xAE,0x21,0x04,0x21,0x04,0x19,0x04,0x19,0x04,0x18,0xC3,
0x00,0x00,0x00,0x00,0x00,0x00,0x00,0x00,0x00,0x00,0x00,0x00,0x00,0x00,0x00,0x00,0x00,0x00,0x00,0x00,0x00,0x00,0x00,0x00,0x00,0x00,0x00,0x00,0x00,0x00,0x00,0x00,
0x00,0x00,0x00,0x00,0x00,0x00,0x00,0x00,0x00,0x00,0x00,0x00,0x00,0x00,0x00,0x00,0x00,0x00,0x00,0x00,0x00,0x00,0x00,0x00,0x00,0x00,0x00,0x00,0x00,0x00,0x00,0x00,
0x18,0xE3,0x18,0xE3,0x18,0xE3,0x21,0x04,0x21,0x04,0x49,0x2D,0xD5,0x3D,0xFF,0xDF,0xEE,0x5E,0x8A,0xB7,0x39,0x0B,0x18,0x65,0x18,0x65,0x10,0x64,0x10,0x44,0x08,0x43,
0x08,0x42,0x08,0x42,0x00,0x22,0x00,0x22,0x00,0x22,0x00,0x22,0x00,0x22,0x00,0x42,0x00,0x42,0x00,0x42,0x00,0x42,0x00,0x42,0x00,0x42,0x00,0x22,0x08,0xA5,0x08,0xA5,
0x00,0x22,0x00,0x22,0x00,0x42,0x00,0x22,0x00,0x22,0x00,0x42,0x00,0x42,0x00,0x42,0x00,0x22,0x00,0x42,0x00,0x42,0x00,0x42,0x00,0x42,0x00,0x42,0x00,0x42,0x00,0x42,
0x00,0x42,0x00,0x42,0x00,0x42,0x00,0x42,0x00,0x42,0x00,0x22,0x08,0xA5,0x08,0xA4,0x00,0x22,0x00,0x42,0x00,0x42,0x00,0x42,0x00,0x42,0x00,0x42,0x00,0x42,0x00,0x42,
0x00,0x42,0x00,0x22,0x00,0x22,0x00,0x42,0x00,0x42,0x00,0x22,0x00,0x42,0x00,0x42,0x00,0x42,0x00,0x42,0x00,0x42,0x00,0x62,0x00,0x83,0x00,0xA4,0x01,0x26,0x09,0x88,
0x01,0x87,0x02,0x2A,0x02,0xCD,0x0B,0xD0,0x6F,0x3D,0x87,0xDF,0x24,0xD4,0x03,0x0E,0x0A,0x8C,0x01,0xE9,0x01,0x67,0x01,0x06,0x00,0xC5,0x00,0x84,0x00,0x84,0x08,0x65,
0x10,0x86,0x10,0x88,0x20,0xAA,0x30,0xCD,0x38,0xD0,0x69,0xD6,0xF6,0x3F,0xE5,0x9E,0x51,0x54,0x40,0xF1,0x30,0xCD,0x20,0x8A,0x18,0x68,0x10,0x66,0x10,0x45,0x10,0x65,
0x10,0x87,0x18,0x88,0x28,0xAB,0x38,0xEF,0x40,0xD2,0x93,0x18,0xFE,0xDF,0xAC,0x1A,0x41,0x12,0x39,0x50,0x29,0x2E,0x29,0xEF,0x11,0xCC,0x12,0x6D,0x0B,0x0F,0x3D,0x78,
0x97,0xFF,0x45,0xD8,0x03,0x2F,0x0A,0xAC,0x0A,0x09,0x09,0x88,0x01,0x46,0x01,0x46,0x01,0x87,0x09,0xE9,0x0A,0xAB,0x03,0x2D,0x3D,0x76,0x97,0xFF,0x3D,0x97,0x03,0x0E,
0x0A,0xCD,0x0A,0xAC,0x01,0xA8,0x09,0x67,0x09,0x87,0x01,0xC9,0x0A,0x6B,0x0B,0x0E,0x14,0x11,0x87,0x7E,0x7F,0x5E,0x0B,0xF1,0x0A,0xEE,0x0A,0x2B,0x11,0x89,0x11,0x08,
0x10,0xE9,0x18,0xEA,0x28,0xED,0x39,0x11,0x59,0x94,0xF6,0x3F,0xE5,0xDE,0x51,0x94,0x39,0x31,0x20,0xAB,0x18,0x88,0x10,0x67,0x10,0x46,0x10,0x67,0x18,0x68,0x20,0xAB,
0x30,0xCE,0x38,0x91,0x8A,0xF7,0xFF,0x1F,0xA3,0xB9,0x38,0xB1,0x30,0xCE,0x20,0x8A,0x18,0x67,0x10,0x65,0x10,0x44,0x18,0x44,0x28,0x45,0x38,0x65,0x50,0xA8,0x71,0x2B,
0x88,0xA9,0xEC,0x78,0xFD,0xFE,0xA9,0xED,0x70,0x66,0x58,0x86,0x40,0x45,0x28,0x44,0x20,0x43,0x18,0x43,0x10,0x23,0x10,0x23,0x18,0x43,0x20,0x43,0x30,0x64,0x48,0x65,
0x60,0x86,0x78,0x86,0xA1,0x8C,0xFD,0x5C,0xF4,0xBA,0x91,0x2B,0x79,0x0A,0x50,0x66,0x40,0x44,0x30,0x43,0x20,0x43,0x18,0x43,0x10,0x22,0x08,0x22,0x08,0x22,0x00,0x22,
0x00,0x22,0x00,0x22,0x00,0x42,0x00,0x42,0x00,0x42,0x00,0x42,0x00,0x42,0x00,0x42,0x00,0x42,0x00,0x42,0x00,0x42,0x00,0x42,0x00,0x22,0x00,0x64,0x08,0xA5,0x00,0x22,
0x00,0x22,0x00,0x42,0x00,0x22,0x00,0x42,0x00,0x42,0x00,0x42,0x00,0x42,0x00,0x42,0x00,0x22,0x00,0x22,0x00,0x22,0x00,0x42,0x00,0x42,0x00,0x22,0x00,0x22,0x00,0x22,
0x00,0x42,0x00,0x42,0x00,0x42,0x00,0x22,0x00,0x22,0x08,0x84,0x08,0xA5,0x00,0x42,0x00,0x22,0x00,0x22,0x00,0x42,0x00,0x22,0x00,0x22,0x00,0x42,0x08,0x42,0x08,0x43,
0x08,0x43,0x10,0x44,0x10,0x44,0x18,0x66,0x18,0x65,0x30,0xCA,0x8A,0x97,0xEE,0x7E,0xFF,0xDF,0xD5,0x9D,0x51,0x8E,0x21,0x04,0x21,0x04,0x19,0x03,0x21,0x04,0x18,0xC3,
0x00,0x00,0x00,0x00,0x00,0x00,0x00,0x00,0x00,0x00,0x00,0x00,0x00,0x00,0x00,0x00,0x00,0x00,0x00,0x00,0x00,0x00,0x00,0x00,0x00,0x00,0x00,0x00,0x00,0x00,0x00,0x00,
0x00,0x00,0x00,0x00,0x00,0x00,0x00,0x00,0x00,0x00,0x00,0x00,0x00,0x00,0x00,0x00,0x00,0x00,0x00,0x00,0x00,0x00,0x00,0x00,0x00,0x00,0x00,0x00,0x00,0x00,0x00,0x00,
0x18,0xC3,0x18,0xE3,0x18,0xE3,0x21,0x04,0x21,0x04,0x49,0x4D,0xD5,0x3D,0xFF,0xFF,0xEE,0x5E,0x8A,0xB7,0x39,0x0B,0x18,0x65,0x18,0x65,0x10,0x44,0x10,0x44,0x08,0x43,
0x08,0x43,0x00,0x22,0x00,0x42,0x00,0x42,0x00,0x42,0x00,0x42,0x00,0x42,0x00,0x42,0x00,0x42,0x00,0x42,0x00,0x42,0x00,0x42,0x00,0x43,0x08,0xC6,0x08,0xA4,0x00,0x22,
0x00,0x42,0x00,0x42,0x00,0x42,0x00,0x42,0x00,0x42,0x00,0x42,0x00,0x42,0x00,0x42,0x00,0x42,0x00,0x42,0x00,0x42,0x00,0x42,0x00,0x42,0x00,0x42,0x00,0x42,0x00,0x42,
0x00,0x42,0x00,0x42,0x00,0x42,0x00,0x42,0x00,0x22,0x08,0xA5,0x08,0xA5,0x00,0x22,0x00,0x42,0x00,0x42,0x00,0x42,0x00,0x42,0x00,0x42,0x00,0x42,0x00,0x42,0x00,0x22,
0x00,0x22,0x00,0x22,0x00,0x42,0x00,0x42,0x00,0x22,0x00,0x42,0x00,0x42,0x00,0x42,0x00,0x42,0x00,0x42,0x00,0x62,0x00,0x83,0x00,0xA3,0x00,0xE5,0x09,0x88,0x01,0x67,
0x01,0xE9,0x02,0x8B,0x03,0x0E,0x45,0xD8,0x8F,0xFF,0x4E,0x39,0x03,0x4F,0x0A,0xCD,0x0A,0x0A,0x01,0x88,0x01,0x26,0x00,0xC5,0x00,0xA4,0x00,0x84,0x08,0x64,0x08,0x65,
0x10,0x87,0x18,0x89,0x28,0xAB,0x38,0xEE,0x40,0xD2,0xA3,0x9A,0xFE,0xFF,0xA3,0x99,0x40,0xD2,0x38,0xEF,0x28,0xAB,0x18,0x89,0x10,0x67,0x10,0x45,0x08,0x45,0x10,0x65,
0x10,0x67,0x18,0x89,0x28,0xAC,0x38,0xF0,0x48,0xF2,0xC4,0x7B,0xFE,0xDF,0x82,0xD7,0x41,0x12,0x31,0x2F,0x29,0x4E,0x22,0x0F,0x11,0xEB,0x12,0x8D,0x0B,0x2F,0x56,0x3A,
0x97,0xFF,0x35,0x36,0x03,0x0E,0x0A,0x8C,0x09,0xE9,0x01,0x87,0x01,0x46,0x01,0x46,0x01,0x87,0x0A,0x09,0x0A,0xAC,0x03,0x2E,0x3D,0x97,0x97,0xFF,0x3D,0x76,0x0B,0x0E,
0x0A,0xCD,0x0A,0xAC,0x01,0xA8,0x09,0x67,0x09,0x67,0x09,0xC9,0x0A,0x4B,0x13,0x0E,0x0B,0xD1,0x7F,0x3D,0x87,0x9F,0x14,0x12,0x0A,0xEE,0x0A,0x2C,0x09,0x89,0x11,0x28,
0x10,0xE9,0x18,0xCA,0x28,0xEC,0x39,0x30,0x49,0x33,0xD5,0x5D,0xFE,0xBF,0x6A,0x15,0x41,0x33,0x28,0xAC,0x18,0x89,0x10,0x67,0x10,0x66,0x10,0x66,0x18,0x68,0x20,0x8A,
0x30,0xAD,0x38,0xB0,0x59,0x94,0xF6,0x5F,0xDD,0x5D,0x48,0xF2,0x38,0xCF,0x28,0xAB,0x18,0x88,0x10,0x66,0x10,0x65,0x18,0x44,0x20,0x45,0x30,0x65,0x48,0x66,0x69,0x0B,
0x78,0xA9,0xB2,0x2F,0xFE,0x1F,0xDB,0xF6,0x80,0x87,0x68,0x86,0x48,0x65,0x38,0x44,0x20,0x44,0x18,0x43,0x10,0x23,0x10,0x23,0x10,0x23,0x20,0x43,0x28,0x44,0x38,0x64,
0x50,0x65,0x68,0xA6,0x80,0x66,0xC2,0xD2,0xFD,0xBE,0xD3,0x54,0x80,0xC9,0x68,0xE9,0x48,0x45,0x38,0x44,0x28,0x43,0x20,0x43,0x18,0x23,0x10,0x22,0x08,0x22,0x08,0x22,
0x00,0x22,0x00,0x22,0x00,0x22,0x00,0x22,0x00,0x42,0x00,0x42,0x00,0x42,0x00,0x42,0x00,0x42,0x00,0x42,0x00,0x42,0x00,0x42,0x00,0x42,0x00,0x22,0x08,0x84,0x08,0xA5,
0x00,0x22,0x00,0x22,0x00,0x42,0x00,0x42,0x00,0x42,0x00,0x42,0x00,0x42,0x00,0x42,0x00,0x42,0x00,0x42,0x00,0x42,0x00,0x42,0x00,0x42,0x00,0x42,0x00,0x42,0x00,0x42,
0x00,0x42,0x00,0x42,0x00,0x42,0x00,0x42,0x00,0x22,0x00,0x22,0x00,0x63,0x08,0xC5,0x00,0x43,0x00,0x22,0x00,0x42,0x00,0x42,0x00,0x42,0x00,0x42,0x08,0x42,0x08,0x23,
0x08,0x43,0x10,0x44,0x10,0x44,0x18,0x66,0x18,0x65,0x30,0xCA,0x8A,0x97,0xEE,0x7E,0xFF,0xFF,0xD5,0x9D,0x51,0x8E,0x21,0x04,0x21,0x04,0x18,0xE3,0x21,0x04,0x18,0xC3,
0x00,0x00,0x00,0x00,0x00,0x00,0x00,0x00,0x00,0x00,0x00,0x00,0x00,0x00,0x00,0x00,0x00,0x00,0x00,0x00,0x00,0x00,0x00,0x00,0x00,0x00,0x00,0x00,0x00,0x00,0x00,0x00,
0x00,0x00,0x00,0x00,0x00,0x00,0x00,0x00,0x00,0x00,0x00,0x00,0x00,0x00,0x00,0x00,0x00,0x00,0x00,0x00,0x00,0x00,0x00,0x00,0x00,0x00,0x00,0x00,0x00,0x00,0x00,0x00,
0x18,0xC3,0x18,0xE3,0x18,0xE3,0x21,0x04,0x21,0x04,0x49,0x2D,0xD5,0x3D,0xFF,0xFF,0xEE,0x5E,0x8A,0xB7,0x39,0x0B,0x18,0x65,0x18,0x65,0x10,0x44,0x10,0x44,0x08,0x43,
0x08,0x23,0x08,0x22,0x00,0x42,0x00,0x22,0x00,0x22,0x00,0x22,0x00,0x22,0x00,0x22,0x00,0x22,0x00,0x22,0x00,0x22,0x00,0x43,0x08,0xC6,0x08,0x84,0x00,0x22,0x00,0x42,
0x00,0x22,0x00,0x22,0x00,0x22,0x00,0x22,0x00,0x22,0x00,0x22,0x00,0x22,0x00,0x22,0x00,0x22,0x00,0x22,0x00,0x22,0x00,0x22,0x00,0x22,0x00,0x22,0x00,0x22,0x00,0x22,
0x00,0x22,0x00,0x22,0x00,0x42,0x00,0x22,0x08,0xA4,0x08,0xA5,0x00,0x22,0x00,0x22,0x00,0x22,0x00,0x22,0x00,0x22,0x00,0x22,0x00,0x22,0x00,0x22,0x00,0x22,0x00,0x22,
0x00,0x22,0x00,0x22,0x00,0x22,0x00,0x22,0x00,0x22,0x00,0x22,0x00,0x42,0x00,0x42,0x00,0x42,0x00,0x62,0x00,0x83,0x00,0x83,0x00,0xA4,0x09,0x68,0x01,0x67,0x01,0xA8,
0x02,0x4A,0x02,0xCC,0x1C,0x52,0x7F,0xBE,0x77,0x7E,0x14,0x32,0x02,0xED,0x0A,0x4B,0x01,0xC9,0x01,0x47,0x00,0xE5,0x00,0xA5,0x00,0x84,0x08,0x64,0x08,0x65,0x08,0x66,
0x10,0x88,0x20,0xAA,0x30,0xCD,0x38,0xF0,0x59,0x75,0xE5,0x7E,0xF6,0x1F,0x69,0xD5,0x40,0xF1,0x30,0xCE,0x20,0x8A,0x18,0x68,0x10,0x66,0x08,0x45,0x08,0x65,0x10,0x66,
0x18,0x67,0x20,0x8A,0x28,0xAD,0x40,0xF0,0x59,0x53,0xE5,0x9E,0xF6,0x3F,0x61,0xD5,0x41,0x31,0x31,0x0E,0x29,0x8E,0x1A,0x0E,0x09,0xEB,0x12,0xAE,0x13,0x71,0x6E,0xDC,
0x8F,0xFF,0x24,0x94,0x0B,0x0E,0x0A,0x6B,0x09,0xC9,0x01,0x67,0x01,0x26,0x01,0x46,0x01,0x87,0x02,0x09,0x0A,0xAC,0x0B,0x2E,0x45,0xD8,0x8F,0xFF,0x35,0x56,0x03,0x0E,
0x0A,0xCD,0x0A,0xAD,0x01,0xA8,0x09,0x67,0x01,0x67,0x01,0xC9,0x0A,0x4A,0x0A,0xED,0x0B,0xB0,0x6E,0xFC,0x8F,0xDF,0x1C,0x53,0x0A,0xEE,0x0A,0x4C,0x11,0x8A,0x11,0x29,
0x10,0xE8,0x18,0xCA,0x20,0xEC,0x39,0x30,0x40,0xF2,0xB4,0x3A,0xFF,0x3F,0x82,0xB7,0x41,0x13,0x28,0xCD,0x20,0x89,0x18,0x67,0x10,0x66,0x10,0x66,0x10,0x67,0x18,0x89,
0x28,0x8C,0x38,0xCF,0x40,0xB2,0xCC,0xDC,0xFE,0x7F,0x71,0xF5,0x38,0xB0,0x30,0xAD,0x20,0x89,0x18,0x67,0x10,0x45,0x18,0x44,0x18,0x44,0x28,0x45,0x38,0x65,0x50,0xA8,
0x71,0x2B,0x88,0xC9,0xEC,0x99,0xFD,0xBD,0xA1,0x8C,0x70,0x66,0x58,0x86,0x40,0x64,0x28,0x44,0x20,0x43,0x10,0x23,0x10,0x23,0x10,0x23,0x18,0x43,0x20,0x43,0x30,0x43,
0x40,0x64,0x58,0x65,0x70,0x86,0x88,0xA8,0xE4,0x38,0xFD,0x5D,0xA9,0xCE,0x70,0xC9,0x60,0xA8,0x48,0x44,0x30,0x44,0x20,0x43,0x18,0x43,0x10,0x23,0x08,0x22,0x08,0x22,
0x08,0x22,0x00,0x22,0x00,0x22,0x00,0x22,0x00,0x22,0x00,0x22,0x00,0x22,0x00,0x22,0x00,0x22,0x00,0x22,0x00,0x22,0x00,0x22,0x00,0x22,0x00,0x22,0x00,0x01,0x08,0x84,
0x08,0xA5,0x00,0x22,0x00,0x22,0x00,0x22,0x00,0x22,0x00,0x22,0x00,0x22,0x00,0x22,0x00,0x22,0x00,0x22,0x00,0x22,0x00,0x22,0x00,0x22,0x00,0x22,0x00,0x22,0x00,0x22,
0x00,0x22,0x00,0x22,0x00,0x22,0x00,0x22,0x00,0x22,0x00,0x22,0x00,0x22,0x00,0x42,0x08,0xA5,0x00,0x64,0x00,0x02,0x00,0x22,0x00,0x22,0x00,0x22,0x08,0x42,0x08,0x43,
0x08,0x43,0x10,0x44,0x10,0x44,0x18,0x66,0x18,0x65,0x30,0xCA,0x8A,0x97,0xEE,0x7F,0xFF,0xFF,0xD5,0x9D,0x51,0xAE,0x21,0x04,0x21,0x04,0x18,0xE3,0x19,0x03,0x10,0xA2,
0x00,0x00,0x00,0x00,0x00,0x00,0x00,0x00,0x00,0x00,0x00,0x00,0x00,0x00,0x00,0x00,0x00,0x00,0x00,0x00,0x00,0x00,0x00,0x00,0x00,0x00,0x00,0x00,0x00,0x00,0x00,0x00,
0x00,0x00,0x00,0x00,0x00,0x00,0x00,0x00,0x00,0x00,0x00,0x00,0x00,0x00,0x00,0x00,0x00,0x00,0x00,0x00,0x00,0x00,0x00,0x00,0x00,0x00,0x00,0x00,0x00,0x00,0x00,0x00,
0x18,0xC3,0x18,0xE3,0x18,0xE3,0x21,0x04,0x21,0x04,0x49,0x2D,0xD5,0x3D,0xFF,0xFF,0xEE,0x5E,0x8A,0xB7,0x38,0xEB,0x18,0x65,0x18,0x65,0x10,0x44,0x10,0x44,0x08,0x43,
0x08,0x43,0x08,0x22,0x00,0x22,0x00,0x22,0x00,0x22,0x00,0x22,0x00,0x22,0x00,0x22,0x00,0x22,0x00,0x22,0x00,0x64,0x08,0xE6,0x00,0x63,0x00,0x22,0x00,0x42,0x00,0x22,
0x00,0x22,0x00,0x22,0x00,0x22,0x00,0x22,0x00,0x22,0x00,0x22,0x00,0x22,0x00,0x22,0x00,0x22,0x00,0x22,0x00,0x22,0x00,0x22,0x00,0x22,0x00,0x22,0x00,0x22,0x00,0x22,
0x00,0x22,0x00,0x22,0x00,0x22,0x08,0x84,0x08,0xC5,0x00,0x22,0x00,0x22,0x00,0x22,0x00,0x22,0x00,0x22,0x00,0x22,0x00,0x22,0x00,0x22,0x00,0x22,0x00,0x22,0x00,0x22,
0x00,0x22,0x00,0x22,0x00,0x22,0x00,0x22,0x00,0x22,0x00,0x22,0x00,0x42,0x00,0x42,0x00,0x62,0x00,0x63,0x00,0x83,0x00,0xA3,0x09,0x26,0x09,0x88,0x01,0x67,0x02,0x09,
0x02,0xAC,0x03,0x6F,0x56,0x9B,0x87,0xFF,0x35,0x76,0x03,0x2E,0x0A,0xAC,0x02,0x09,0x01,0x88,0x01,0x26,0x00,0xC5,0x00,0xA4,0x00,0x84,0x08,0x64,0x08,0x65,0x10,0x86,
0x18,0x89,0x28,0xAB,0x38,0xCE,0x40,0xD2,0x92,0xD9,0xFE,0x9F,0xBC,0x3B,0x48,0xF2,0x38,0xF0,0x28,0xAC,0x20,0x89,0x18,0x67,0x10,0x66,0x08,0x45,0x08,0x65,0x10,0x66,
0x18,0x88,0x20,0x8A,0x30,0xCE,0x38,0xD1,0x72,0x15,0xFE,0x5F,0xD5,0x1C,0x49,0x53,0x39,0x31,0x29,0x0E,0x29,0xCF,0x19,0xED,0x12,0x0C,0x12,0xCE,0x1B,0xF2,0x7F,0x7E,
0x87,0x9E,0x14,0x12,0x0A,0xEE,0x0A,0x4B,0x09,0xA8,0x09,0x47,0x01,0x26,0x01,0x46,0x01,0x87,0x0A,0x09,0x0A,0xCC,0x03,0x2E,0x4E,0x19,0x97,0xFF,0x35,0x35,0x0B,0x0E,
0x0A,0xCD,0x0A,0xAC,0x01,0xA8,0x01,0x67,0x01,0x67,0x09,0xC8,0x0A,0x2A,0x0A,0xED,0x0B,0x90,0x66,0xBB,0x8F,0xFF,0x24,0x94,0x0B,0x0E,0x0A,0x4C,0x09,0xAA,0x11,0x28,
0x10,0xE8,0x18,0xE9,0x20,0xEB,0x31,0x0F,0x38,0xD2,0x93,0x38,0xFF,0x5F,0xA3,0xB9,0x41,0x13,0x31,0x0F,0x20,0x89,0x18,0x88,0x10,0x67,0x10,0x66,0x10,0x67,0x18,0x69,
0x28,0x8B,0x38,0xCE,0x38,0x91,0x93,0x18,0xFE,0xDF,0xA3,0x79,0x38,0xB1,0x38,0xCE,0x20,0x8A,0x18,0x68,0x10,0x66,0x10,0x45,0x18,0x64,0x20,0x64,0x30,0x65,0x40,0x66,
0x69,0x0A,0x70,0xA8,0xB2,0x50,0xFD,0xFF,0xD3,0xB5,0x78,0x87,0x68,0x86,0x50,0x65,0x38,0x44,0x28,0x43,0x18,0x43,0x10,0x43,0x10,0x23,0x10,0x43,0x18,0x43,0x28,0x43,
0x38,0x64,0x48,0x64,0x60,0x86,0x70,0x66,0xA1,0xAC,0xFD,0x3D,0xEC,0x59,0x88,0xE9,0x70,0xEA,0x50,0x86,0x40,0x44,0x30,0x44,0x20,0x43,0x18,0x43,0x10,0x23,0x08,0x22,
0x08,0x22,0x00,0x22,0x00,0x22,0x00,0x22,0x00,0x22,0x00,0x22,0x00,0x22,0x00,0x22,0x00,0x22,0x00,0x22,0x00,0x22,0x00,0x22,0x00,0x22,0x00,0x22,0x00,0x22,0x00,0x01,
0x08,0x84,0x08,0xA5,0x00,0x22,0x00,0x22,0x00,0x22,0x00,0x22,0x00,0x22,0x00,0x22,0x00,0x22,0x00,0x22,0x00,0x22,0x00,0x22,0x00,0x22,0x00,0x22,0x00,0x22,0x00,0x22,
0x00,0x22,0x00,0x22,0x00,0x22,0x00,0x22,0x00,0x22,0x00,0x22,0x00,0x22,0x00,0x22,0x00,0x22,0x08,0xA5,0x08,0x85,0x00,0x22,0x00,0x22,0x00,0x22,0x08,0x42,0x08,0x43,
0x08,0x43,0x10,0x44,0x10,0x44,0x18,0x66,0x18,0x66,0x30,0xCA,0x8A,0x97,0xEE,0x7F,0xFF,0xFF,0xD5,0x9D,0x51,0x8D,0x18,0xE4,0x21,0x04,0x18,0xE3,0x18,0xE3,0x10,0xA2,
0x00,0x00,0x00,0x00,0x00,0x00,0x00,0x00,0x00,0x00,0x00,0x00,0x00,0x00,0x00,0x00,0x00,0x00,0x00,0x00,0x00,0x00,0x00,0x00,0x00,0x00,0x00,0x00,0x00,0x00,0x00,0x00,
0x00,0x00,0x00,0x00,0x00,0x00,0x00,0x00,0x00,0x00,0x00,0x00,0x00,0x00,0x00,0x00,0x00,0x00,0x00,0x00,0x00,0x00,0x00,0x00,0x00,0x00,0x00,0x00,0x00,0x00,0x00,0x00,
0x18,0xC3,0x18,0xE3,0x18,0xE3,0x21,0x04,0x21,0x04,0x49,0x2D,0xD5,0x3D,0xFF,0xFF,0xEE,0x7E,0x8A,0xB7,0x38,0xEA,0x18,0x45,0x18,0x65,0x10,0x44,0x10,0x43,0x08,0x23,
0x08,0x22,0x00,0x22,0x00,0x22,0x00,0x22,0x00,0x22,0x00,0x22,0x00,0x22,0x00,0x22,0x00,0x22,0x08,0x84,0x08,0xC5,0x00,0x42,0x00,0x22,0x00,0x22,0x00,0x22,0x00,0x22,
0x00,0x22,0x00,0x22,0x00,0x22,0x00,0x22,0x00,0x22,0x00,0x22,0x00,0x22,0x00,0x22,0x00,0x22,0x00,0x22,0x00,0x22,0x00,0x22,0x00,0x22,0x00,0x22,0x00,0x22,0x00,0x22,
0x00,0x22,0x00,0x01,0x08,0x84,0x08,0xC5,0x00,0x22,0x00,0x22,0x00,0x22,0x00,0x22,0x00,0x22,0x00,0x22,0x00,0x22,0x00,0x22,0x00,0x22,0x00,0x22,0x00,0x22,0x00,0x22,
0x00,0x22,0x00,0x22,0x00,0x22,0x00,0x22,0x00,0x22,0x00,0x22,0x00,0x22,0x00,0x42,0x00,0x62,0x00,0x83,0x00,0x83,0x00,0xE5,0x09,0x68,0x01,0x46,0x01,0xA8,0x02,0x6B,
0x03,0x0D,0x2D,0x35,0x87,0xFF,0x5E,0xDB,0x0B,0x8F,0x0A,0xED,0x02,0x2A,0x01,0xA8,0x01,0x46,0x00,0xE5,0x00,0xA4,0x00,0x84,0x00,0x64,0x08,0x64,0x08,0x65,0x10,0x87,
0x18,0xA9,0x28,0xAC,0x38,0xF0,0x51,0x34,0xCC,0xDD,0xFE,0x5F,0x7A,0x56,0x38,0xD1,0x30,0xCE,0x20,0xAB,0x18,0x88,0x10,0x66,0x08,0x45,0x08,0x45,0x08,0x65,0x10,0x66,
0x18,0x88,0x20,0xAB,0x38,0xCF,0x40,0xB1,0x9B,0x38,0xFE,0x9F,0xA3,0xB9,0x40,0xF1,0x39,0x2F,0x29,0x0D,0x29,0xEF,0x19,0xEC,0x12,0x4C,0x12,0xEE,0x24,0x74,0x8F,0xDF,
0x77,0x1C,0x0B,0xB0,0x0A,0xCD,0x0A,0x2A,0x01,0x88,0x01,0x46,0x01,0x05,0x01,0x26,0x01,0x87,0x0A,0x09,0x0A,0xCC,0x03,0x4E,0x56,0x39,0x97,0xFF,0x35,0x15,0x02,0xEE,
0x0A,0xAD,0x0A,0xAC,0x01,0xA8,0x01,0x67,0x09,0x67,0x09,0xA8,0x0A,0x2A,0x0A,0xCD,0x0B,0x6F,0x5E,0x7B,0x97,0xFF,0x2C,0xD5,0x0B,0x0F,0x0A,0x6C,0x09,0xAA,0x09,0x48,
0x10,0xE8,0x10,0xC9,0x20,0xEA,0x31,0x0E,0x38,0xF1,0x72,0x36,0xFE,0xFF,0xC4,0xBB,0x41,0x13,0x39,0x30,0x20,0x8A,0x18,0x88,0x10,0x66,0x10,0x66,0x10,0x66,0x18,0x68,
0x20,0x8A,0x30,0xAD,0x38,0xB0,0x61,0x74,0xF6,0x1F,0xDD,0x3D,0x48,0xF2,0x38,0xCF,0x28,0xAB,0x18,0x88,0x10,0x66,0x10,0x45,0x10,0x44,0x18,0x44,0x28,0x44,0x38,0x45,
0x50,0x87,0x71,0x0A,0x80,0xC9,0xEC,0xB9,0xFD,0x9D,0x99,0x8C,0x70,0x66,0x60,0x66,0x40,0x44,0x28,0x44,0x20,0x43,0x10,0x43,0x10,0x22,0x10,0x22,0x10,0x22,0x18,0x43,
0x28,0x43,0x38,0x44,0x50,0x65,0x68,0x86,0x78,0x46,0xCB,0x13,0xFD,0x9E,0xCA,0xF3,0x70,0x88,0x68,0xC9,0x50,0x45,0x38,0x44,0x28,0x43,0x18,0x23,0x10,0x22,0x08,0x22,
0x08,0x22,0x00,0x22,0x00,0x22,0x00,0x22,0x00,0x22,0x00,0x22,0x00,0x22,0x00,0x22,0x00,0x22,0x00,0x22,0x00,0x22,0x00,0x22,0x00,0x22,0x00,0x21,0x00,0x21,0x00,0x21,
0x00,0x01,0x08,0x85,0x08,0x85,0x00,0x02,0x00,0x22,0x00,0x22,0x00,0x22,0x00,0x22,0x00,0x22,0x00,0x22,0x00,0x22,0x00,0x22,0x00,0x22,0x00,0x22,0x00,0x22,0x00,0x22,
0x00,0x22,0x00,0x22,0x00,0x22,0x00,0x22,0x00,0x22,0x00,0x22,0x00,0x22,0x00,0x22,0x00,0x21,0x00,0x02,0x08,0x84,0x08,0xA5,0x00,0x22,0x00,0x22,0x08,0x22,0x08,0x42,
0x08,0x43,0x10,0x43,0x10,0x44,0x18,0x45,0x18,0x45,0x30,0xCA,0x8A,0x97,0xE6,0x7E,0xFF,0xFF,0xD5,0x7D,0x51,0x8D,0x18,0xE4,0x21,0x04,0x18,0xE3,0x18,0xE3,0x10,0xA2,
0x00,0x00,0x00,0x00,0x00,0x00,0x00,0x00,0x00,0x00,0x00,0x00,0x00,0x00,0x00,0x00,0x00,0x00,0x00,0x00,0x00,0x00,0x00,0x00,0x00,0x00,0x00,0x00,0x00,0x00,0x00,0x00,
0x00,0x00,0x00,0x00,0x00,0x00,0x00,0x00,0x00,0x00,0x00,0x00,0x00,0x00,0x00,0x00,0x00,0x00,0x00,0x00,0x00,0x00,0x00,0x00,0x00,0x00,0x00,0x00,0x00,0x00,0x00,0x00,
0x18,0xC3,0x18,0xE3,0x18,0xE3,0x21,0x04,0x21,0x04,0x49,0x2D,0xD5,0x3D,0xFF,0xFF,0xEE,0x7E,0x8A,0xB7,0x39,0x0B,0x18,0x86,0x18,0x86,0x10,0x65,0x10,0x65,0x08,0x64,
0x08,0x64,0x00,0x63,0x00,0x43,0x00,0x43,0x00,0x43,0x00,0x43,0x00,0x43,0x00,0x43,0x08,0xA5,0x08,0xC6,0x00,0x63,0x00,0x43,0x00,0x63,0x00,0x43,0x00,0x43,0x00,0x43,
0x00,0x43,0x00,0x43,0x00,0x43,0x00,0x43,0x00,0x43,0x00,0x43,0x00,0x43,0x00,0x43,0x00,0x43,0x00,0x43,0x00,0x43,0x00,0x43,0x00,0x63,0x00,0x63,0x00,0x63,0x00,0x63,
0x00,0x43,0x00,0x84,0x08,0xE6,0x00,0x43,0x00,0x43,0x00,0x43,0x00,0x43,0x00,0x43,0x00,0x43,0x00,0x43,0x00,0x43,0x00,0x43,0x00,0x43,0x00,0x43,0x00,0x43,0x00,0x43,
0x00,0x43,0x00,0x43,0x00,0x43,0x00,0x43,0x00,0x43,0x00,0x63,0x00,0x63,0x00,0x63,0x00,0x83,0x00,0xA4,0x00,0xC4,0x09,0x88,0x01,0x67,0x01,0x88,0x02,0x2A,0x02,0xCD,
0x0B,0xD0,0x6F,0x3D,0x7F,0xDF,0x1C,0xB4,0x03,0x0E,0x0A,0x8C,0x02,0x0A,0x01,0x88,0x01,0x27,0x00,0xE6,0x00,0xC5,0x00,0xA5,0x08,0x85,0x08,0x86,0x10,0xA7,0x18,0xA9,
0x20,0xCB,0x30,0xEE,0x40,0xF2,0x7A,0x77,0xFE,0x3F,0xD5,0x1D,0x49,0x33,0x39,0x11,0x30,0xED,0x20,0xAA,0x18,0xA8,0x10,0x87,0x08,0x66,0x08,0x86,0x10,0x87,0x10,0xA8,
0x18,0xAA,0x28,0xEC,0x39,0x10,0x49,0x12,0xC4,0x7B,0xFE,0x5F,0x82,0x97,0x39,0x12,0x39,0x4F,0x29,0x4E,0x2A,0x0F,0x19,0xED,0x1A,0x8E,0x13,0x0F,0x35,0x36,0x97,0xFF,
0x5E,0x9B,0x0B,0x90,0x0A,0xEE,0x0A,0x2A,0x01,0xA8,0x01,0x46,0x01,0x26,0x01,0x46,0x01,0xA8,0x0A,0x2A,0x0A,0xEC,0x0B,0x6F,0x56,0x7A,0x97,0xFF,0x2D,0x15,0x0B,0x0E,
0x0A,0xED,0x0A,0xCD,0x01,0xC8,0x01,0x87,0x01,0x87,0x09,0xC8,0x0A,0x4A,0x12,0xED,0x0B,0x6F,0x56,0x3A,0x9F,0xFF,0x35,0x36,0x0B,0x4F,0x12,0xCE,0x12,0x0B,0x11,0x8A,
0x11,0x29,0x19,0x0A,0x21,0x0B,0x29,0x2E,0x39,0x31,0x59,0x94,0xF6,0x3F,0xE5,0x9E,0x49,0x53,0x41,0x52,0x20,0xAC,0x20,0xAA,0x18,0x88,0x10,0x87,0x10,0x87,0x18,0x88,
0x18,0xAA,0x28,0xCD,0x38,0xF0,0x40,0xD2,0xCC,0x9C,0xFE,0x5F,0x6A,0x15,0x38,0xD0,0x30,0xEE,0x20,0xAA,0x18,0x88,0x10,0x86,0x10,0x65,0x18,0x65,0x20,0x65,0x30,0x66,
0x40,0x86,0x61,0x0A,0x70,0x89,0xBA,0x70,0xFD,0xFF,0xD3,0x94,0x78,0x88,0x68,0xA8,0x48,0x86,0x30,0x85,0x20,0x65,0x18,0x64,0x10,0x64,0x10,0x44,0x10,0x64,0x18,0x64,
0x20,0x64,0x30,0x65,0x40,0x85,0x58,0x86,0x68,0xA7,0x89,0x2A,0xF4,0xBB,0xFD,0x3D,0xA1,0xAD,0x70,0xC9,0x60,0xC9,0x40,0x65,0x30,0x65,0x28,0x65,0x18,0x64,0x10,0x44,
0x08,0x44,0x08,0x43,0x00,0x43,0x00,0x43,0x00,0x43,0x00,0x43,0x00,0x43,0x00,0x43,0x00,0x43,0x00,0x43,0x00,0x43,0x00,0x43,0x00,0x43,0x00,0x43,0x00,0x43,0x00,0x43,
0x00,0x43,0x00,0x23,0x08,0xC6,0x08,0x85,0x00,0x23,0x00,0x43,0x00,0x43,0x00,0x43,0x00,0x43,0x00,0x43,0x00,0x43,0x00,0x43,0x00,0x43,0x00,0x43,0x00,0x43,0x00,0x43,
0x00,0x43,0x00,0x43,0x00,0x43,0x00,0x43,0x00,0x43,0x00,0x43,0x00,0x43,0x00,0x43,0x00,0x43,0x00,0x43,0x00,0x43,0x08,0xA5,0x08,0xC6,0x00,0x44,0x08,0x43,0x08,0x64,
0x08,0x64,0x10,0x65,0x10,0x85,0x18,0x86,0x18,0x86,0x38,0xEB,0x8A,0x97,0xE6,0x5E,0xFF,0xFF,0xD5,0x7D,0x51,0x8D,0x18,0xE4,0x18,0xE3,0x18,0xE3,0x18,0xE3,0x10,0xA2,
0x00,0x00,0x00,0x00,0x00,0x00,0x00,0x00,0x00,0x00,0x00,0x00,0x00,0x00,0x00,0x00,0x00,0x00,0x00,0x00,0x00,0x00,0x00,0x00,0x00,0x00,0x00,0x00,0x00,0x00,0x00,0x00,
0x00,0x00,0x00,0x00,0x00,0x00,0x00,0x00,0x00,0x00,0x00,0x00,0x00,0x00,0x00,0x00,0x00,0x00,0x00,0x00,0x00,0x00,0x00,0x00,0x00,0x00,0x00,0x00,0x00,0x00,0x00,0x00,
0x18,0xC3,0x18,0xE3,0x18,0xE3,0x21,0x04,0x21,0x04,0x49,0x4D,0xD5,0x3D,0xFF,0xFF,0xEE,0x7F,0x8A,0xB7,0x41,0x2D,0x20,0xC8,0x20,0xC8,0x18,0xC7,0x18,0xA6,0x10,0xA6,
0x10,0x85,0x08,0x85,0x08,0x85,0x08,0x84,0x08,0x84,0x08,0x84,0x08,0xA5,0x11,0x07,0x08,0xE6,0x08,0xA5,0x08,0xA5,0x08,0xA5,0x08,0xA4,0x08,0x84,0x08,0x84,0x08,0xA4,
0x08,0xA4,0x08,0xA4,0x08,0xA4,0x08,0x84,0x08,0x84,0x08,0xA4,0x08,0x84,0x08,0xA4,0x08,0x84,0x08,0x84,0x08,0x84,0x08,0x84,0x08,0xA4,0x08,0xA5,0x08,0xA5,0x08,0xA4,
0x08,0xE6,0x08,0xE6,0x00,0xA5,0x08,0xA4,0x08,0x84,0x08,0xA4,0x08,0xA5,0x08,0xA4,0x08,0xA4,0x08,0xA4,0x08,0xA4,0x08,0xA4,0x08,0xA4,0x08,0xA4,0x08,0x84,0x08,0xA4,
0x08,0xA4,0x08,0xA4,0x08,0xA4,0x08,0xA4,0x08,0xA4,0x08,0xA4,0x08,0xC5,0x08,0xC5,0x08,0xE5,0x00,0xE5,0x09,0x68,0x09,0xA9,0x01,0xA9,0x0A,0x2B,0x0A,0xED,0x03,0x4F,
0x45,0xF9,0x87,0xFF,0x4E,0x5A,0x03,0x6F,0x0B,0x0D,0x0A,0x6B,0x09,0xE9,0x09,0x88,0x09,0x47,0x09,0x06,0x08,0xE6,0x08,0xC6,0x08,0xC7,0x10,0xC8,0x18,0xC9,0x20,0xEB,
0x29,0x0E,0x41,0x31,0x51,0x34,0xBC,0x3C,0xFE,0xBF,0x9B,0x59,0x48,0xF3,0x41,0x31,0x30,0xED,0x20,0xCA,0x18,0xC9,0x10,0xC8,0x10,0xA7,0x10,0xA7,0x10,0xC8,0x18,0xCA,
0x28,0xEC,0x31,0x0F,0x41,0x32,0x61,0xB5,0xED,0x7E,0xED,0xBF,0x61,0xD6,0x41,0x54,0x39,0x51,0x29,0xB0,0x22,0x2F,0x1A,0x2D,0x1A,0xEF,0x13,0x71,0x4D,0xD9,0x9F,0xFF,
0x4E,0x19,0x0B,0x90,0x13,0x0E,0x0A,0x6B,0x09,0xE9,0x09,0x87,0x09,0x67,0x09,0xA8,0x09,0xE9,0x0A,0x8B,0x0B,0x2E,0x0B,0xD0,0x5E,0xBB,0x97,0xFF,0x35,0x35,0x0B,0x6F,
0x0B,0x0E,0x0A,0xCD,0x09,0xE9,0x09,0xA8,0x09,0xA8,0x09,0xE9,0x0A,0x6B,0x12,0xED,0x0B,0x6F,0x4D,0xF9,0x9F,0xFF,0x45,0x98,0x13,0x91,0x13,0x2F,0x12,0x4C,0x11,0xAB,
0x11,0x6A,0x19,0x2A,0x21,0x2C,0x31,0x2E,0x41,0x52,0x49,0x34,0xD5,0x5D,0xFE,0x9F,0x61,0xF5,0x49,0x54,0x30,0xEF,0x28,0xCC,0x20,0xCA,0x18,0xA9,0x18,0xA9,0x18,0xA9,
0x20,0xCA,0x28,0xED,0x39,0x10,0x38,0xD2,0x92,0xF8,0xFE,0xBF,0xAB,0xBA,0x40,0xD3,0x41,0x31,0x28,0xED,0x20,0xCA,0x18,0xA8,0x18,0xA7,0x18,0xA6,0x20,0xA6,0x28,0xA7,
0x38,0xA7,0x50,0xE9,0x71,0x2B,0x91,0x0B,0xF5,0x1B,0xFD,0x7D,0x99,0x8D,0x70,0xC9,0x58,0xE8,0x40,0xC7,0x30,0xC7,0x20,0xA6,0x18,0xA6,0x18,0x85,0x18,0x85,0x18,0x85,
0x20,0xA5,0x28,0xA6,0x38,0xA6,0x48,0xC7,0x60,0xE8,0x70,0xC8,0xB2,0x50,0xFD,0x9F,0xEC,0x59,0x89,0x0A,0x71,0x2C,0x58,0xC9,0x40,0x87,0x30,0xA7,0x28,0xA6,0x20,0x86,
0x18,0xA5,0x10,0xA5,0x08,0x85,0x08,0x85,0x08,0x85,0x08,0x85,0x08,0x84,0x08,0x84,0x08,0x84,0x08,0x84,0x08,0x84,0x08,0x84,0x08,0x84,0x08,0x84,0x08,0x84,0x08,0xA5,
0x08,0x85,0x08,0x84,0x00,0x64,0x08,0xC6,0x08,0xC6,0x08,0x85,0x08,0x85,0x08,0x84,0x08,0x84,0x08,0x84,0x08,0x84,0x08,0x84,0x08,0x84,0x08,0x84,0x08,0x84,0x08,0x85,
0x08,0xA4,0x08,0xA4,0x08,0x85,0x08,0x84,0x08,0xA5,0x08,0x84,0x08,0x85,0x08,0x85,0x08,0xA5,0x08,0x85,0x08,0xA5,0x08,0x84,0x08,0x85,0x10,0xC6,0x10,0xC7,0x08,0x85,
0x10,0xA5,0x10,0xA6,0x18,0xA6,0x20,0xA7,0x20,0xA7,0x38,0xEC,0x82,0x77,0xE6,0x5E,0xFF,0xFF,0xD5,0x7D,0x51,0x6D,0x18,0xE4,0x18,0xE4,0x18,0xE3,0x18,0xE3,0x10,0xA2,
0x00,0x00,0x00,0x00,0x00,0x00,0x00,0x00,0x00,0x00,0x00,0x00,0x00,0x00,0x00,0x00,0x00,0x00,0x00,0x00,0x00,0x00,0x00,0x00,0x00,0x00,0x00,0x00,0x00,0x00,0x00,0x00,
0x00,0x00,0x00,0x00,0x00,0x00,0x00,0x00,0x00,0x00,0x00,0x00,0x00,0x00,0x00,0x00,0x00,0x00,0x00,0x00,0x00,0x00,0x00,0x00,0x00,0x00,0x00,0x00,0x00,0x00,0x00,0x00,
0x18,0xC2,0x18,0xE3,0x18,0xC3,0x21,0x04,0x20,0xE4,0x49,0x4D,0xD5,0x3D,0xFF,0xDF,0xEE,0x7E,0x8A,0xB7,0x38,0xEB,0x18,0x45,0x18,0x65,0x10,0x44,0x08,0x43,0x08,0x23,
0x08,0x22,0x00,0x22,0x00,0x22,0x00,0x22,0x00,0x01,0x00,0x43,0x08,0xA5,0x00,0x64,0x00,0x22,0x00,0x22,0x00,0x02,0x00,0x01,0x00,0x21,0x00,0x01,0x00,0x01,0x00,0x02,
0x00,0x01,0x00,0x21,0x00,0x21,0x00,0x21,0x00,0x21,0x00,0x01,0x00,0x22,0x00,0x22,0x00,0x02,0x00,0x22,0x00,0x22,0x00,0x22,0x00,0x22,0x00,0x22,0x00,0x22,0x00,0x63,
0x08,0xC5,0x00,0x22,0x00,0x21,0x00,0x21,0x00,0x22,0x00,0x22,0x00,0x22,0x00,0x01,0x00,0x02,0x00,0x01,0x00,0x01,0x00,0x01,0x00,0x01,0x00,0x21,0x00,0x02,0x00,0x01,
0x00,0x21,0x00,0x22,0x00,0x22,0x00,0x22,0x00,0x42,0x00,0x42,0x00,0x42,0x00,0x62,0x00,0x83,0x00,0xE5,0x09,0x88,0x01,0x47,0x01,0xC8,0x02,0x6B,0x02,0xED,0x24,0x93,
0x87,0xBF,0x77,0x9E,0x14,0x52,0x02,0xED,0x0A,0x4B,0x01,0xC8,0x01,0x46,0x00,0xE5,0x00,0xA4,0x00,0x84,0x00,0x63,0x00,0x64,0x08,0x65,0x08,0x66,0x10,0x88,0x20,0xAA,
0x28,0xCD,0x40,0xF1,0x69,0xF6,0xED,0xDF,0xED,0xDF,0x61,0xB4,0x40,0xD0,0x30,0xAD,0x20,0x89,0x10,0x67,0x10,0x65,0x08,0x44,0x08,0x44,0x08,0x45,0x10,0x66,0x18,0x68,
0x20,0x8A,0x30,0xCE,0x40,0xF1,0x7A,0x57,0xFE,0x3F,0xCC,0xBC,0x49,0x13,0x39,0x31,0x28,0xEE,0x29,0x8E,0x19,0xED,0x11,0xEB,0x12,0xCE,0x0B,0x70,0x5E,0x7B,0x97,0xFF,
0x3D,0x57,0x0B,0x2E,0x0A,0xAC,0x09,0xC9,0x01,0x46,0x01,0x05,0x01,0x05,0x01,0x25,0x01,0x87,0x02,0x29,0x0A,0xED,0x0B,0xB0,0x66,0xBB,0x97,0xFF,0x2C,0xF5,0x03,0x0E,
0x02,0xAC,0x0A,0x8C,0x01,0x67,0x01,0x26,0x01,0x26,0x01,0x67,0x01,0xE9,0x0A,0x8C,0x03,0x0E,0x45,0x97,0x9F,0xFF,0x4D,0xF8,0x0B,0x70,0x12,0xCD,0x09,0xEA,0x09,0x48,
0x09,0x08,0x10,0xC8,0x18,0xC9,0x20,0xCB,0x30,0xEF,0x38,0xB2,0xB4,0x3B,0xFF,0x1F,0x82,0xB6,0x41,0x13,0x31,0x0F,0x20,0x89,0x18,0x68,0x10,0x46,0x10,0x46,0x10,0x46,
0x10,0x67,0x18,0x89,0x28,0xAD,0x38,0xB1,0x59,0x74,0xF6,0x1F,0xE5,0x7E,0x51,0x13,0x38,0xCF,0x28,0xAB,0x18,0x68,0x10,0x46,0x10,0x45,0x10,0x44,0x10,0x23,0x18,0x24,
0x30,0x44,0x40,0x45,0x60,0xEA,0x78,0x88,0xC2,0xF2,0xFE,0x1F,0xCB,0x53,0x78,0x46,0x68,0x66,0x50,0x45,0x38,0x44,0x28,0x23,0x18,0x23,0x10,0x22,0x10,0x22,0x10,0x22,
0x10,0x22,0x18,0x23,0x28,0x43,0x38,0x44,0x50,0x64,0x68,0x86,0x78,0x67,0xDB,0xB6,0xFD,0xDF,0xCA,0xF2,0x78,0x88,0x70,0xEA,0x50,0x45,0x38,0x43,0x28,0x43,0x18,0x23,
0x10,0x22,0x08,0x22,0x08,0x22,0x00,0x22,0x00,0x01,0x00,0x01,0x00,0x01,0x00,0x01,0x00,0x01,0x00,0x01,0x00,0x01,0x00,0x01,0x00,0x01,0x00,0x01,0x00,0x01,0x00,0x01,
0x00,0x01,0x00,0x01,0x00,0x01,0x00,0x02,0x08,0x85,0x00,0x84,0x00,0x22,0x00,0x22,0x00,0x21,0x00,0x22,0x00,0x22,0x00,0x22,0x00,0x22,0x00,0x21,0x00,0x22,0x00,0x22,
0x00,0x22,0x00,0x22,0x00,0x21,0x00,0x22,0x00,0x21,0x00,0x01,0x00,0x02,0x00,0x02,0x00,0x22,0x00,0x22,0x00,0x02,0x00,0x22,0x00,0x01,0x00,0x22,0x08,0xA5,0x08,0x85,
0x08,0x23,0x08,0x43,0x10,0x44,0x18,0x45,0x18,0x45,0x30,0xAA,0x8A,0x77,0xE6,0x5E,0xFF,0xFF,0xD5,0x7D,0x51,0x6D,0x18,0xE4,0x18,0xE3,0x18,0xC3,0x18,0xE3,0x10,0xA2,
0x00,0x00,0x00,0x00,0x00,0x00,0x00,0x00,0x00,0x00,0x00,0x00,0x00,0x00,0x00,0x00,0x00,0x00,0x00,0x00,0x00,0x00,0x00,0x00,0x00,0x00,0x00,0x00,0x00,0x00,0x00,0x00,
0x00,0x00,0x00,0x00,0x00,0x00,0x00,0x00,0x00,0x00,0x00,0x00,0x00,0x00,0x00,0x00,0x00,0x00,0x00,0x00,0x00,0x00,0x00,0x00,0x00,0x00,0x00,0x00,0x00,0x00,0x00,0x00,
0x10,0xA2,0x18,0xC3,0x18,0xC3,0x18,0xE3,0x20,0xE4,0x49,0x2D,0xD5,0x3D,0xFF,0xDF,0xEE,0x7E,0x8A,0xD7,0x38,0xEB,0x18,0x65,0x18,0x65,0x10,0x44,0x10,0x43,0x08,0x43,
0x08,0x42,0x08,0x22,0x00,0x22,0x00,0x22,0x00,0x63,0x08,0xE6,0x00,0x63,0x00,0x01,0x00,0x22,0x00,0x22,0x00,0x22,0x00,0x22,0x00,0x22,0x00,0x22,0x00,0x22,0x00,0x22,
0x00,0x22,0x00,0x22,0x00,0x22,0x00,0x22,0x00,0x22,0x00,0x22,0x00,0x22,0x00,0x22,0x00,0x22,0x00,0x22,0x00,0x22,0x00,0x22,0x00,0x22,0x00,0x22,0x00,0x63,0x08,0xC6,
0x00,0x43,0x00,0x21,0x00,0x22,0x00,0x22,0x00,0x22,0x00,0x22,0x00,0x22,0x00,0x22,0x00,0x22,0x00,0x22,0x00,0x22,0x00,0x22,0x00,0x22,0x00,0x22,0x00,0x22,0x00,0x22,
0x00,0x22,0x00,0x22,0x00,0x22,0x00,0x22,0x00,0x42,0x00,0x42,0x00,0x62,0x00,0x83,0x00,0xA4,0x09,0x67,0x01,0x67,0x01,0x87,0x02,0x2A,0x0A,0xCD,0x0B,0x90,0x66,0xDB,
0x8F,0xFF,0x45,0xD8,0x03,0x2E,0x0A,0xCC,0x02,0x0A,0x01,0x87,0x01,0x06,0x00,0xC4,0x00,0xA4,0x00,0x84,0x00,0x63,0x08,0x64,0x08,0x65,0x10,0x87,0x18,0x89,0x20,0xCB,
0x38,0xEE,0x48,0xF3,0xA3,0x9A,0xFE,0x9F,0xBC,0x3B,0x48,0xF2,0x38,0xF0,0x28,0xAC,0x20,0x89,0x10,0x67,0x08,0x65,0x08,0x44,0x08,0x44,0x08,0x65,0x10,0x67,0x18,0x89,
0x28,0xAB,0x38,0xEF,0x40,0xF2,0xAB,0x99,0xFE,0x9F,0xAB,0xB9,0x40,0xD2,0x39,0x30,0x29,0x0E,0x29,0xAF,0x19,0xCC,0x12,0x0C,0x12,0xEF,0x13,0xD1,0x6E,0xFD,0x8F,0xFF,
0x2C,0xD5,0x0B,0x0E,0x0A,0x8B,0x09,0xC8,0x01,0x46,0x01,0x05,0x01,0x05,0x01,0x45,0x01,0xA7,0x0A,0x2A,0x0B,0x0D,0x0B,0xD0,0x66,0xFC,0x8F,0xFF,0x2C,0xD5,0x0B,0x2E,
0x0A,0xAD,0x0A,0x8C,0x01,0x87,0x09,0x26,0x09,0x26,0x09,0x67,0x09,0xE9,0x0A,0xAC,0x03,0x0E,0x3D,0x77,0x9F,0xFF,0x56,0x3A,0x0B,0x91,0x12,0xEE,0x0A,0x0B,0x09,0x69,
0x09,0x08,0x10,0xE8,0x18,0xC9,0x20,0xCB,0x31,0x0F,0x38,0xB1,0x93,0x38,0xFF,0x1F,0xAB,0xF9,0x41,0x13,0x41,0x51,0x20,0xAA,0x18,0x88,0x10,0x66,0x10,0x46,0x10,0x66,
0x10,0x67,0x18,0x89,0x28,0xAC,0x38,0xD0,0x40,0xD2,0xCC,0xFC,0xFE,0xBF,0x7A,0x56,0x38,0xD1,0x30,0xCD,0x20,0x8A,0x18,0x67,0x10,0x45,0x10,0x44,0x10,0x43,0x18,0x44,
0x28,0x44,0x38,0x45,0x50,0xA8,0x70,0xEA,0x91,0x4B,0xFD,0x5C,0xFD,0x5B,0x99,0x4A,0x78,0x66,0x58,0x65,0x40,0x44,0x28,0x44,0x20,0x43,0x18,0x23,0x10,0x22,0x08,0x22,
0x10,0x23,0x18,0x23,0x20,0x43,0x30,0x43,0x40,0x64,0x58,0x85,0x70,0x66,0x99,0x4A,0xF5,0x1B,0xFD,0x5C,0xA9,0xAC,0x80,0xC9,0x68,0xE9,0x48,0x44,0x30,0x44,0x20,0x43,
0x18,0x42,0x10,0x22,0x08,0x22,0x08,0x22,0x00,0x22,0x00,0x22,0x00,0x22,0x00,0x22,0x00,0x02,0x00,0x21,0x00,0x21,0x00,0x01,0x00,0x22,0x00,0x22,0x00,0x22,0x00,0x22,
0x00,0x22,0x00,0x22,0x00,0x22,0x00,0x22,0x00,0x02,0x08,0xA5,0x00,0x84,0x00,0x22,0x00,0x22,0x00,0x22,0x00,0x22,0x00,0x22,0x00,0x22,0x00,0x22,0x00,0x22,0x00,0x22,
0x00,0x22,0x00,0x22,0x00,0x22,0x00,0x22,0x00,0x22,0x00,0x22,0x00,0x22,0x00,0x22,0x00,0x22,0x00,0x22,0x00,0x22,0x00,0x22,0x00,0x22,0x00,0x22,0x00,0x22,0x08,0x85,
0x10,0xA6,0x08,0x44,0x10,0x44,0x18,0x65,0x18,0x45,0x30,0xAA,0x8A,0x76,0xE6,0x5E,0xFF,0xDF,0xD5,0x7D,0x51,0x6D,0x18,0xE3,0x18,0xE3,0x18,0xE3,0x18,0xE3,0x10,0xA2,
0x00,0x00,0x00,0x00,0x00,0x00,0x00,0x00,0x00,0x00,0x00,0x00,0x00,0x00,0x00,0x00,0x00,0x00,0x00,0x00,0x00,0x00,0x00,0x00,0x00,0x00,0x00,0x00,0x00,0x00,0x00,0x00,
};
